ISO-10303-21;
HEADER;
/* Generated by software containing ST-Developer
 * from STEP Tools, Inc. (www.steptools.com) 
 */

FILE_DESCRIPTION(
/* description */ (''),
/* implementation_level */ '2;1');

FILE_NAME(
/* name */ 'box.step',
/* time_stamp */ '2025-12-11T20:27:14+01:00',
/* author */ (''),
/* organization */ (''),
/* preprocessor_version */ 'ST-DEVELOPER v20.1',
/* originating_system */ 'Autodesk Translation Framework v14.21.0.0',
/* authorisation */ '');

FILE_SCHEMA (('AUTOMOTIVE_DESIGN { 1 0 10303 214 3 1 1 }'));
ENDSEC;

DATA;
#10=MECHANICAL_DESIGN_GEOMETRIC_PRESENTATION_REPRESENTATION('',(#23,#24),
#15048);
#11=ITEM_DEFINED_TRANSFORMATION($,$,#8435,#9178);
#12=(
REPRESENTATION_RELATIONSHIP($,$,#15059,#15058)
REPRESENTATION_RELATIONSHIP_WITH_TRANSFORMATION(#11)
SHAPE_REPRESENTATION_RELATIONSHIP()
);
#13=CONTEXT_DEPENDENT_SHAPE_REPRESENTATION(#12,#15057);
#14=NEXT_ASSEMBLY_USAGE_OCCURRENCE('Component1:1','Component1:1',
'Component1:1',#15061,#15062,'Component1:1');
#15=SPHERICAL_SURFACE('',#9051,2.);
#16=SPHERICAL_SURFACE('',#9058,2.);
#17=SPHERICAL_SURFACE('',#9065,2.);
#18=SPHERICAL_SURFACE('',#9078,2.);
#19=SHAPE_REPRESENTATION_RELATIONSHIP('SRR','None',#15059,#21);
#20=SHAPE_REPRESENTATION_RELATIONSHIP('SRR','None',#15058,#22);
#21=ADVANCED_BREP_SHAPE_REPRESENTATION('',(#25),#15047);
#22=ADVANCED_BREP_SHAPE_REPRESENTATION('',(#26),#15046);
#23=STYLED_ITEM('',(#15072),#25);
#24=STYLED_ITEM('',(#15072),#26);
#25=MANIFOLD_SOLID_BREP('Body1',#8420);
#26=MANIFOLD_SOLID_BREP('Body8',#8421);
#27=ELLIPSE('',#8819,3.90512483795333,3.);
#28=ELLIPSE('',#8820,3.90512483795336,3.);
#29=ELLIPSE('',#8823,3.90512483795331,3.);
#30=ELLIPSE('',#8824,3.9051248379533,3.);
#31=ELLIPSE('',#8827,3.90512483795336,3.);
#32=ELLIPSE('',#8828,3.90512483795336,3.);
#33=ELLIPSE('',#8831,3.90512483795331,3.);
#34=ELLIPSE('',#8832,3.90512483795331,3.);
#35=ELLIPSE('',#8942,5.65685424949236,3.99999999999999);
#36=ELLIPSE('',#8944,5.65685424949236,3.99999999999999);
#37=ELLIPSE('',#8952,5.65685424949236,3.99999999999999);
#38=ELLIPSE('',#8953,5.65685424949236,3.99999999999999);
#39=ELLIPSE('',#9047,2.82842712474619,2.);
#40=ELLIPSE('',#9049,2.82842712474619,2.);
#41=ELLIPSE('',#9076,142.678425158718,2.);
#42=ELLIPSE('',#9077,142.678425158718,2.);
#43=B_SPLINE_SURFACE_WITH_KNOTS('',3,3,((#12694,#12695,#12696,#12697,#12698),
(#12699,#12700,#12701,#12702,#12703),(#12704,#12705,#12706,#12707,#12708),
(#12709,#12710,#12711,#12712,#12713),(#12714,#12715,#12716,#12717,#12718)),
 .UNSPECIFIED.,.F.,.F.,.F.,(4,1,4),(4,1,4),(0.,0.5,1.),(0.,0.673198425769242,
1.5707963267949),.UNSPECIFIED.);
#44=B_SPLINE_SURFACE_WITH_KNOTS('',3,3,((#12733,#12734,#12735,#12736,#12737),
(#12738,#12739,#12740,#12741,#12742),(#12743,#12744,#12745,#12746,#12747),
(#12748,#12749,#12750,#12751,#12752),(#12753,#12754,#12755,#12756,#12757)),
 .UNSPECIFIED.,.F.,.F.,.F.,(4,1,4),(4,1,4),(0.,0.5,1.),(0.,0.673198425769241,
1.5707963267949),.UNSPECIFIED.);
#45=B_SPLINE_SURFACE_WITH_KNOTS('',3,3,((#12772,#12773,#12774,#12775,#12776,
#12777),(#12778,#12779,#12780,#12781,#12782,#12783),(#12784,#12785,#12786,
#12787,#12788,#12789),(#12790,#12791,#12792,#12793,#12794,#12795),(#12796,
#12797,#12798,#12799,#12800,#12801)),.UNSPECIFIED.,.F.,.F.,.F.,(4,1,4),
(4,1,1,4),(0.,0.5,1.),(-9.79155028662469E-17,0.448798950512827,0.897597901025655,
1.5707963267949),.UNSPECIFIED.);
#46=B_SPLINE_SURFACE_WITH_KNOTS('',3,3,((#12816,#12817,#12818,#12819,#12820,
#12821),(#12822,#12823,#12824,#12825,#12826,#12827),(#12828,#12829,#12830,
#12831,#12832,#12833),(#12834,#12835,#12836,#12837,#12838,#12839),(#12840,
#12841,#12842,#12843,#12844,#12845)),.UNSPECIFIED.,.F.,.F.,.F.,(4,1,4),
(4,1,1,4),(0.,0.5,1.),(-9.7915502866246E-17,0.448798950512827,0.897597901025655,
1.5707963267949),.UNSPECIFIED.);
#47=B_SPLINE_SURFACE_WITH_KNOTS('',3,1,((#13330,#13331),(#13332,#13333),
(#13334,#13335),(#13336,#13337),(#13338,#13339)),.UNSPECIFIED.,.F.,.F.,
 .F.,(4,1,4),(2,2),(0.,0.0512118119777652,0.100016112648416),(0.,0.04),
 .UNSPECIFIED.);
#48=B_SPLINE_SURFACE_WITH_KNOTS('',3,1,((#13356,#13357),(#13358,#13359),
(#13360,#13361),(#13362,#13363),(#13364,#13365)),.UNSPECIFIED.,.F.,.F.,
 .F.,(4,1,4),(2,2),(0.,0.0483261063857744,0.0994042699739818),(0.,0.04),
 .UNSPECIFIED.);
#49=B_SPLINE_SURFACE_WITH_KNOTS('',3,1,((#13379,#13380),(#13381,#13382),
(#13383,#13384),(#13385,#13386),(#13387,#13388)),.UNSPECIFIED.,.F.,.F.,
 .F.,(4,1,4),(2,2),(0.,0.0675084298228295,0.121291508642872),(0.,0.04),
 .UNSPECIFIED.);
#50=B_SPLINE_SURFACE_WITH_KNOTS('',3,1,((#13402,#13403),(#13404,#13405),
(#13406,#13407),(#13408,#13409),(#13410,#13411)),.UNSPECIFIED.,.F.,.F.,
 .F.,(4,1,4),(2,2),(0.,0.0550119663252087,0.123492964470498),(0.,0.04),
 .UNSPECIFIED.);
#51=B_SPLINE_SURFACE_WITH_KNOTS('',3,1,((#13425,#13426),(#13427,#13428),
(#13429,#13430),(#13431,#13432),(#13433,#13434)),.UNSPECIFIED.,.F.,.F.,
 .F.,(4,1,4),(2,2),(0.,0.050007501628812,0.0989896511432262),(0.,0.04),
 .UNSPECIFIED.);
#52=B_SPLINE_SURFACE_WITH_KNOTS('',3,1,((#13448,#13449),(#13450,#13451),
(#13452,#13453),(#13454,#13455),(#13456,#13457)),.UNSPECIFIED.,.F.,.F.,
 .F.,(4,1,4),(2,2),(0.,0.0493932050516016,0.0995277707839331),(0.,0.04),
 .UNSPECIFIED.);
#53=B_SPLINE_SURFACE_WITH_KNOTS('',3,1,((#13471,#13472),(#13473,#13474),
(#13475,#13476),(#13477,#13478),(#13479,#13480)),.UNSPECIFIED.,.F.,.F.,
 .F.,(4,1,4),(2,2),(0.,0.0672123244318788,0.122185927252208),(0.,0.04),
 .UNSPECIFIED.);
#54=B_SPLINE_SURFACE_WITH_KNOTS('',3,1,((#13494,#13495),(#13496,#13497),
(#13498,#13499),(#13500,#13501),(#13502,#13503)),.UNSPECIFIED.,.F.,.F.,
 .F.,(4,1,4),(2,2),(0.,0.0543136469315276,0.122176161545989),(0.,0.04),
 .UNSPECIFIED.);
#55=B_SPLINE_SURFACE_WITH_KNOTS('',3,1,((#13514,#13515),(#13516,#13517),
(#13518,#13519),(#13520,#13521),(#13522,#13523)),.UNSPECIFIED.,.F.,.F.,
 .F.,(4,1,4),(2,2),(0.,0.0906417598012183,0.173291560468842),(0.,0.04),
 .UNSPECIFIED.);
#56=B_SPLINE_SURFACE_WITH_KNOTS('',3,1,((#13533,#13534),(#13535,#13536),
(#13537,#13538),(#13539,#13540),(#13541,#13542)),.UNSPECIFIED.,.F.,.F.,
 .F.,(4,1,4),(2,2),(0.,0.0825226025738019,0.172276696059153),(0.,0.04),
 .UNSPECIFIED.);
#57=B_SPLINE_SURFACE_WITH_KNOTS('',3,1,((#13550,#13551),(#13552,#13553),
(#13554,#13555),(#13556,#13557),(#13558,#13559)),.UNSPECIFIED.,.F.,.F.,
 .F.,(4,1,4),(2,2),(0.,0.0974390428109198,0.182544154525514),(0.,0.04),
 .UNSPECIFIED.);
#58=B_SPLINE_SURFACE_WITH_KNOTS('',3,1,((#13567,#13568),(#13569,#13570),
(#13571,#13572),(#13573,#13574),(#13575,#13576)),.UNSPECIFIED.,.F.,.F.,
 .F.,(4,1,4),(2,2),(0.,0.0855755246585991,0.183746620298907),(0.,0.04),
 .UNSPECIFIED.);
#59=B_SPLINE_SURFACE_WITH_KNOTS('',3,1,((#13584,#13585),(#13586,#13587),
(#13588,#13589),(#13590,#13591),(#13592,#13593)),.UNSPECIFIED.,.F.,.F.,
 .F.,(4,1,4),(2,2),(0.,0.0900981829155236,0.173032371721179),(0.,0.04),
 .UNSPECIFIED.);
#60=B_SPLINE_SURFACE_WITH_KNOTS('',3,1,((#13601,#13602),(#13603,#13604),
(#13605,#13606),(#13607,#13608),(#13609,#13610)),.UNSPECIFIED.,.F.,.F.,
 .F.,(4,1,4),(2,2),(0.,0.046821012690838,0.0983130477009157),(0.,0.04),
 .UNSPECIFIED.);
#61=B_SPLINE_SURFACE_WITH_KNOTS('',3,1,((#13618,#13619),(#13620,#13621),
(#13622,#13623),(#13624,#13625),(#13626,#13627)),.UNSPECIFIED.,.F.,.F.,
 .F.,(4,1,4),(2,2),(0.,0.0363056940538276,0.070679898582368),(0.,0.04),
 .UNSPECIFIED.);
#62=B_SPLINE_SURFACE_WITH_KNOTS('',3,1,((#13635,#13636),(#13637,#13638),
(#13639,#13640),(#13641,#13642),(#13643,#13644)),.UNSPECIFIED.,.F.,.F.,
 .F.,(4,1,4),(2,2),(0.,0.0370208468534494,0.0742659624490741),(0.,0.04),
 .UNSPECIFIED.);
#63=B_SPLINE_SURFACE_WITH_KNOTS('',3,1,((#13652,#13653),(#13654,#13655),
(#13656,#13657),(#13658,#13659),(#13660,#13661)),.UNSPECIFIED.,.F.,.F.,
 .F.,(4,1,4),(2,2),(0.,0.062926901774289,0.116899821798992),(0.,0.04),
 .UNSPECIFIED.);
#64=B_SPLINE_SURFACE_WITH_KNOTS('',3,1,((#13669,#13670),(#13671,#13672),
(#13673,#13674),(#13675,#13676),(#13677,#13678)),.UNSPECIFIED.,.F.,.F.,
 .F.,(4,1,4),(2,2),(0.,0.0845849070328974,0.180820144377853),(0.,0.04),
 .UNSPECIFIED.);
#65=B_SPLINE_SURFACE_WITH_KNOTS('',3,1,((#13726,#13727),(#13728,#13729),
(#13730,#13731),(#13732,#13733),(#13734,#13735)),.UNSPECIFIED.,.F.,.F.,
 .F.,(4,1,4),(2,2),(0.,0.0845848759769906,0.180820122420669),(0.,0.04),
 .UNSPECIFIED.);
#66=B_SPLINE_SURFACE_WITH_KNOTS('',3,1,((#13762,#13763),(#13764,#13765),
(#13766,#13767),(#13768,#13769),(#13770,#13771)),.UNSPECIFIED.,.F.,.F.,
 .F.,(4,1,4),(2,2),(0.,0.0512117241399782,0.10001612130378),(0.,0.04),
 .UNSPECIFIED.);
#67=B_SPLINE_SURFACE_WITH_KNOTS('',3,1,((#13788,#13789),(#13790,#13791),
(#13792,#13793),(#13794,#13795),(#13796,#13797)),.UNSPECIFIED.,.F.,.F.,
 .F.,(4,1,4),(2,2),(0.,0.0483260580841022,0.0994044266960348),(0.,0.04),
 .UNSPECIFIED.);
#68=B_SPLINE_SURFACE_WITH_KNOTS('',3,1,((#13811,#13812),(#13813,#13814),
(#13815,#13816),(#13817,#13818),(#13819,#13820)),.UNSPECIFIED.,.F.,.F.,
 .F.,(4,1,4),(2,2),(0.,0.0675084521010059,0.121291419065342),(0.,0.04),
 .UNSPECIFIED.);
#69=B_SPLINE_SURFACE_WITH_KNOTS('',3,1,((#13834,#13835),(#13836,#13837),
(#13838,#13839),(#13840,#13841),(#13842,#13843)),.UNSPECIFIED.,.F.,.F.,
 .F.,(4,1,4),(2,2),(0.,0.0550120084471509,0.123492991553493),(0.,0.04),
 .UNSPECIFIED.);
#70=B_SPLINE_SURFACE_WITH_KNOTS('',3,1,((#13857,#13858),(#13859,#13860),
(#13861,#13862),(#13863,#13864),(#13865,#13866)),.UNSPECIFIED.,.F.,.F.,
 .F.,(4,1,4),(2,2),(0.,0.0500077355146433,0.0989897891637217),(0.,0.04),
 .UNSPECIFIED.);
#71=B_SPLINE_SURFACE_WITH_KNOTS('',3,1,((#13880,#13881),(#13882,#13883),
(#13884,#13885),(#13886,#13887),(#13888,#13889)),.UNSPECIFIED.,.F.,.F.,
 .F.,(4,1,4),(2,2),(0.,0.0493932529985565,0.0995277895012299),(0.,0.04),
 .UNSPECIFIED.);
#72=B_SPLINE_SURFACE_WITH_KNOTS('',3,1,((#13903,#13904),(#13905,#13906),
(#13907,#13908),(#13909,#13910),(#13911,#13912)),.UNSPECIFIED.,.F.,.F.,
 .F.,(4,1,4),(2,2),(0.,0.0672123341350751,0.122185823065478),(0.,0.04),
 .UNSPECIFIED.);
#73=B_SPLINE_SURFACE_WITH_KNOTS('',3,1,((#13926,#13927),(#13928,#13929),
(#13930,#13931),(#13932,#13933),(#13934,#13935)),.UNSPECIFIED.,.F.,.F.,
 .F.,(4,1,4),(2,2),(0.,0.0543135065979494,0.122176038059508),(0.,0.04),
 .UNSPECIFIED.);
#74=B_SPLINE_SURFACE_WITH_KNOTS('',3,1,((#13946,#13947),(#13948,#13949),
(#13950,#13951),(#13952,#13953),(#13954,#13955)),.UNSPECIFIED.,.F.,.F.,
 .F.,(4,1,4),(2,2),(0.,0.0906416569672852,0.173291501151248),(0.,0.04),
 .UNSPECIFIED.);
#75=B_SPLINE_SURFACE_WITH_KNOTS('',3,1,((#13963,#13964),(#13965,#13966),
(#13967,#13968),(#13969,#13970),(#13971,#13972)),.UNSPECIFIED.,.F.,.F.,
 .F.,(4,1,4),(2,2),(0.,0.0825224538042338,0.172276664762951),(0.,0.04),
 .UNSPECIFIED.);
#76=B_SPLINE_SURFACE_WITH_KNOTS('',3,1,((#13980,#13981),(#13982,#13983),
(#13984,#13985),(#13986,#13987),(#13988,#13989)),.UNSPECIFIED.,.F.,.F.,
 .F.,(4,1,4),(2,2),(0.,0.0974390517972331,0.182544256109742),(0.,0.04),
 .UNSPECIFIED.);
#77=B_SPLINE_SURFACE_WITH_KNOTS('',3,1,((#13997,#13998),(#13999,#14000),
(#14001,#14002),(#14003,#14004),(#14005,#14006)),.UNSPECIFIED.,.F.,.F.,
 .F.,(4,1,4),(2,2),(0.,0.0855756948000156,0.183746758979851),(0.,0.04),
 .UNSPECIFIED.);
#78=B_SPLINE_SURFACE_WITH_KNOTS('',3,1,((#14014,#14015),(#14016,#14017),
(#14018,#14019),(#14020,#14021),(#14022,#14023)),.UNSPECIFIED.,.F.,.F.,
 .F.,(4,1,4),(2,2),(0.,0.0900982416545403,0.173032455282443),(0.,0.04),
 .UNSPECIFIED.);
#79=B_SPLINE_SURFACE_WITH_KNOTS('',3,1,((#14031,#14032),(#14033,#14034),
(#14035,#14036),(#14037,#14038),(#14039,#14040)),.UNSPECIFIED.,.F.,.F.,
 .F.,(4,1,4),(2,2),(0.,0.0468209126428424,0.0983129328066274),(0.,0.04),
 .UNSPECIFIED.);
#80=B_SPLINE_SURFACE_WITH_KNOTS('',3,1,((#14048,#14049),(#14050,#14051),
(#14052,#14053),(#14054,#14055),(#14056,#14057)),.UNSPECIFIED.,.F.,.F.,
 .F.,(4,1,4),(2,2),(0.,0.0363056940538276,0.0706799899324097),(0.,0.04),
 .UNSPECIFIED.);
#81=B_SPLINE_SURFACE_WITH_KNOTS('',3,1,((#14065,#14066),(#14067,#14068),
(#14069,#14070),(#14071,#14072),(#14073,#14074)),.UNSPECIFIED.,.F.,.F.,
 .F.,(4,1,4),(2,2),(0.,0.0370208269276325,0.0742658671215622),(0.,0.04),
 .UNSPECIFIED.);
#82=B_SPLINE_SURFACE_WITH_KNOTS('',3,1,((#14082,#14083),(#14084,#14085),
(#14086,#14087),(#14088,#14089),(#14090,#14091)),.UNSPECIFIED.,.F.,.F.,
 .F.,(4,1,4),(2,2),(0.,0.062926903585741,0.116899843674137),(0.,0.04),
 .UNSPECIFIED.);
#83=B_SPLINE_CURVE_WITH_KNOTS('',3,(#12040,#12041,#12042,#12043,#12044,
#12045,#12046,#12047,#12048,#12049),.UNSPECIFIED.,.F.,.F.,(4,2,2,2,4),(0.918098196599259,
1.03124265505545,1.14438711351164,1.2581476945953,1.37190827567896),
 .UNSPECIFIED.);
#84=B_SPLINE_CURVE_WITH_KNOTS('',3,(#12276,#12277,#12278,#12279,#12280,
#12281,#12282,#12283,#12284,#12285),.UNSPECIFIED.,.F.,.F.,(4,2,2,2,4),(0.464288117519556,
0.578048698603214,0.691809279686872,0.804953738143065,0.918098196599259),
 .UNSPECIFIED.);
#85=B_SPLINE_CURVE_WITH_KNOTS('',3,(#12459,#12460,#12461,#12462,#12463,
#12464,#12465,#12466,#12467,#12468),.UNSPECIFIED.,.F.,.F.,(4,2,2,2,4),(0.464288117519558,
0.578048698603217,0.691809279686876,0.804953738143069,0.918098196599261),
 .UNSPECIFIED.);
#86=B_SPLINE_CURVE_WITH_KNOTS('',3,(#12591,#12592,#12593,#12594,#12595,
#12596,#12597,#12598,#12599,#12600),.UNSPECIFIED.,.F.,.F.,(4,2,2,2,4),(0.918098196599259,
1.03124265505545,1.14438711351164,1.2581476945953,1.37190827567896),
 .UNSPECIFIED.);
#87=B_SPLINE_CURVE_WITH_KNOTS('',3,(#12723,#12724,#12725,#12726,#12727,
#12728,#12729,#12730,#12731,#12732),.UNSPECIFIED.,.F.,.F.,(4,2,2,2,4),(0.918098196599258,
1.03124265505545,1.14438711351164,1.2581476945953,1.37190827567896),
 .UNSPECIFIED.);
#88=B_SPLINE_CURVE_WITH_KNOTS('',3,(#12761,#12762,#12763,#12764,#12765,
#12766,#12767,#12768,#12769,#12770),.UNSPECIFIED.,.F.,.F.,(4,2,2,2,4),(0.464288117519556,
0.578048698603214,0.691809279686872,0.804953738143065,0.918098196599258),
 .UNSPECIFIED.);
#89=B_SPLINE_CURVE_WITH_KNOTS('',3,(#12806,#12807,#12808,#12809,#12810,
#12811,#12812,#12813,#12814,#12815),.UNSPECIFIED.,.F.,.F.,(4,2,2,2,4),(0.91809819659926,
1.03124265505545,1.14438711351165,1.2581476945953,1.37190827567896),
 .UNSPECIFIED.);
#90=B_SPLINE_CURVE_WITH_KNOTS('',3,(#12849,#12850,#12851,#12852,#12853,
#12854,#12855,#12856,#12857,#12858),.UNSPECIFIED.,.F.,.F.,(4,2,2,2,4),(0.464288117519557,
0.578048698603215,0.691809279686874,0.804953738143067,0.91809819659926),
 .UNSPECIFIED.);
#91=B_SPLINE_CURVE_WITH_KNOTS('',3,(#13062,#13063,#13064,#13065,#13066),
 .UNSPECIFIED.,.F.,.F.,(4,1,4),(0.0448788969480469,0.062926903585741,0.116899843674137),
 .UNSPECIFIED.);
#92=B_SPLINE_CURVE_WITH_KNOTS('',3,(#13068,#13069,#13070,#13071,#13072),
 .UNSPECIFIED.,.F.,.F.,(4,1,4),(0.,0.0370208269276325,0.0742658671215622),
 .UNSPECIFIED.);
#93=B_SPLINE_CURVE_WITH_KNOTS('',3,(#13074,#13075,#13076,#13077,#13078),
 .UNSPECIFIED.,.F.,.F.,(4,1,4),(0.,0.0363056940538276,0.0706799899324097),
 .UNSPECIFIED.);
#94=B_SPLINE_CURVE_WITH_KNOTS('',3,(#13080,#13081,#13082,#13083,#13084),
 .UNSPECIFIED.,.F.,.F.,(4,1,4),(0.,0.0468209126428424,0.0983129328066274),
 .UNSPECIFIED.);
#95=B_SPLINE_CURVE_WITH_KNOTS('',3,(#13086,#13087,#13088,#13089,#13090),
 .UNSPECIFIED.,.F.,.F.,(4,1,4),(0.,0.0900982416545403,0.173032455282443),
 .UNSPECIFIED.);
#96=B_SPLINE_CURVE_WITH_KNOTS('',3,(#13092,#13093,#13094,#13095,#13096),
 .UNSPECIFIED.,.F.,.F.,(4,1,4),(0.,0.0855756948000156,0.183746758979851),
 .UNSPECIFIED.);
#97=B_SPLINE_CURVE_WITH_KNOTS('',3,(#13098,#13099,#13100,#13101,#13102),
 .UNSPECIFIED.,.F.,.F.,(4,1,4),(0.,0.0974390517972331,0.182544256109742),
 .UNSPECIFIED.);
#98=B_SPLINE_CURVE_WITH_KNOTS('',3,(#13104,#13105,#13106,#13107,#13108),
 .UNSPECIFIED.,.F.,.F.,(4,1,4),(0.,0.0825224538042338,0.172276664762951),
 .UNSPECIFIED.);
#99=B_SPLINE_CURVE_WITH_KNOTS('',3,(#13110,#13111,#13112,#13113,#13114),
 .UNSPECIFIED.,.F.,.F.,(4,1,4),(0.,0.0906416569672852,0.173291501151248),
 .UNSPECIFIED.);
#100=B_SPLINE_CURVE_WITH_KNOTS('',3,(#13116,#13117,#13118,#13119,#13120),
 .UNSPECIFIED.,.F.,.F.,(4,1,4),(0.,0.0845848759769906,0.145077170215191),
 .UNSPECIFIED.);
#101=B_SPLINE_CURVE_WITH_KNOTS('',3,(#13170,#13171,#13172,#13173,#13174),
 .UNSPECIFIED.,.F.,.F.,(4,1,4),(0.,0.0906417598012183,0.173291560468842),
 .UNSPECIFIED.);
#102=B_SPLINE_CURVE_WITH_KNOTS('',3,(#13176,#13177,#13178,#13179,#13180),
 .UNSPECIFIED.,.F.,.F.,(4,1,4),(0.,0.0845849070328974,0.180820144377853),
 .UNSPECIFIED.);
#103=B_SPLINE_CURVE_WITH_KNOTS('',3,(#13182,#13183,#13184,#13185,#13186),
 .UNSPECIFIED.,.F.,.F.,(4,1,4),(0.,0.062926901774289,0.116899821798992),
 .UNSPECIFIED.);
#104=B_SPLINE_CURVE_WITH_KNOTS('',3,(#13188,#13189,#13190,#13191,#13192),
 .UNSPECIFIED.,.F.,.F.,(4,1,4),(0.,0.0370208468534494,0.0742659624490741),
 .UNSPECIFIED.);
#105=B_SPLINE_CURVE_WITH_KNOTS('',3,(#13194,#13195,#13196,#13197,#13198),
 .UNSPECIFIED.,.F.,.F.,(4,1,4),(0.,0.0363056940538276,0.070679898582368),
 .UNSPECIFIED.);
#106=B_SPLINE_CURVE_WITH_KNOTS('',3,(#13200,#13201,#13202,#13203,#13204),
 .UNSPECIFIED.,.F.,.F.,(4,1,4),(0.,0.046821012690838,0.0983130477009157),
 .UNSPECIFIED.);
#107=B_SPLINE_CURVE_WITH_KNOTS('',3,(#13206,#13207,#13208,#13209,#13210),
 .UNSPECIFIED.,.F.,.F.,(4,1,4),(0.,0.0900981829155236,0.173032371721179),
 .UNSPECIFIED.);
#108=B_SPLINE_CURVE_WITH_KNOTS('',3,(#13212,#13213,#13214,#13215,#13216),
 .UNSPECIFIED.,.F.,.F.,(4,1,4),(0.,0.0855755246585991,0.183746620298907),
 .UNSPECIFIED.);
#109=B_SPLINE_CURVE_WITH_KNOTS('',3,(#13218,#13219,#13220,#13221,#13222),
 .UNSPECIFIED.,.F.,.F.,(4,1,4),(0.,0.0974390428109198,0.182544154525514),
 .UNSPECIFIED.);
#110=B_SPLINE_CURVE_WITH_KNOTS('',3,(#13223,#13224,#13225,#13226,#13227),
 .UNSPECIFIED.,.F.,.F.,(4,1,4),(0.,0.0825226025738019,0.172276696059153),
 .UNSPECIFIED.);
#111=B_SPLINE_CURVE_WITH_KNOTS('',3,(#13342,#13343,#13344,#13345,#13346),
 .UNSPECIFIED.,.F.,.F.,(4,1,4),(0.,0.0512118119777652,0.100016112648416),
 .UNSPECIFIED.);
#112=B_SPLINE_CURVE_WITH_KNOTS('',3,(#13350,#13351,#13352,#13353,#13354),
 .UNSPECIFIED.,.F.,.F.,(4,1,4),(0.,0.0512118119777652,0.100016112648416),
 .UNSPECIFIED.);
#113=B_SPLINE_CURVE_WITH_KNOTS('',3,(#13367,#13368,#13369,#13370,#13371),
 .UNSPECIFIED.,.F.,.F.,(4,1,4),(0.,0.0483261063857744,0.0994042699739818),
 .UNSPECIFIED.);
#114=B_SPLINE_CURVE_WITH_KNOTS('',3,(#13374,#13375,#13376,#13377,#13378),
 .UNSPECIFIED.,.F.,.F.,(4,1,4),(0.,0.0483261063857744,0.0994042699739818),
 .UNSPECIFIED.);
#115=B_SPLINE_CURVE_WITH_KNOTS('',3,(#13390,#13391,#13392,#13393,#13394),
 .UNSPECIFIED.,.F.,.F.,(4,1,4),(0.,0.0675084298228295,0.121291508642872),
 .UNSPECIFIED.);
#116=B_SPLINE_CURVE_WITH_KNOTS('',3,(#13397,#13398,#13399,#13400,#13401),
 .UNSPECIFIED.,.F.,.F.,(4,1,4),(0.,0.0675084298228295,0.121291508642872),
 .UNSPECIFIED.);
#117=B_SPLINE_CURVE_WITH_KNOTS('',3,(#13413,#13414,#13415,#13416,#13417),
 .UNSPECIFIED.,.F.,.F.,(4,1,4),(0.,0.0550119663252087,0.123492964470498),
 .UNSPECIFIED.);
#118=B_SPLINE_CURVE_WITH_KNOTS('',3,(#13420,#13421,#13422,#13423,#13424),
 .UNSPECIFIED.,.F.,.F.,(4,1,4),(0.,0.0550119663252087,0.123492964470498),
 .UNSPECIFIED.);
#119=B_SPLINE_CURVE_WITH_KNOTS('',3,(#13436,#13437,#13438,#13439,#13440),
 .UNSPECIFIED.,.F.,.F.,(4,1,4),(0.,0.050007501628812,0.0989896511432262),
 .UNSPECIFIED.);
#120=B_SPLINE_CURVE_WITH_KNOTS('',3,(#13443,#13444,#13445,#13446,#13447),
 .UNSPECIFIED.,.F.,.F.,(4,1,4),(0.,0.050007501628812,0.0989896511432262),
 .UNSPECIFIED.);
#121=B_SPLINE_CURVE_WITH_KNOTS('',3,(#13459,#13460,#13461,#13462,#13463),
 .UNSPECIFIED.,.F.,.F.,(4,1,4),(0.,0.0493932050516016,0.0995277707839331),
 .UNSPECIFIED.);
#122=B_SPLINE_CURVE_WITH_KNOTS('',3,(#13466,#13467,#13468,#13469,#13470),
 .UNSPECIFIED.,.F.,.F.,(4,1,4),(0.,0.0493932050516016,0.0995277707839331),
 .UNSPECIFIED.);
#123=B_SPLINE_CURVE_WITH_KNOTS('',3,(#13482,#13483,#13484,#13485,#13486),
 .UNSPECIFIED.,.F.,.F.,(4,1,4),(0.,0.0672123244318788,0.122185927252208),
 .UNSPECIFIED.);
#124=B_SPLINE_CURVE_WITH_KNOTS('',3,(#13489,#13490,#13491,#13492,#13493),
 .UNSPECIFIED.,.F.,.F.,(4,1,4),(0.,0.0672123244318788,0.122185927252208),
 .UNSPECIFIED.);
#125=B_SPLINE_CURVE_WITH_KNOTS('',3,(#13504,#13505,#13506,#13507,#13508),
 .UNSPECIFIED.,.F.,.F.,(4,1,4),(0.,0.0543136469315276,0.122176161545989),
 .UNSPECIFIED.);
#126=B_SPLINE_CURVE_WITH_KNOTS('',3,(#13509,#13510,#13511,#13512,#13513),
 .UNSPECIFIED.,.F.,.F.,(4,1,4),(0.,0.0543136469315276,0.122176161545989),
 .UNSPECIFIED.);
#127=B_SPLINE_CURVE_WITH_KNOTS('',3,(#13527,#13528,#13529,#13530,#13531),
 .UNSPECIFIED.,.F.,.F.,(4,1,4),(0.,0.0906417598012183,0.173291560468842),
 .UNSPECIFIED.);
#128=B_SPLINE_CURVE_WITH_KNOTS('',3,(#13545,#13546,#13547,#13548,#13549),
 .UNSPECIFIED.,.F.,.F.,(4,1,4),(0.,0.0825226025738019,0.172276696059153),
 .UNSPECIFIED.);
#129=B_SPLINE_CURVE_WITH_KNOTS('',3,(#13562,#13563,#13564,#13565,#13566),
 .UNSPECIFIED.,.F.,.F.,(4,1,4),(0.,0.0974390428109198,0.182544154525514),
 .UNSPECIFIED.);
#130=B_SPLINE_CURVE_WITH_KNOTS('',3,(#13579,#13580,#13581,#13582,#13583),
 .UNSPECIFIED.,.F.,.F.,(4,1,4),(0.,0.0855755246585991,0.183746620298907),
 .UNSPECIFIED.);
#131=B_SPLINE_CURVE_WITH_KNOTS('',3,(#13596,#13597,#13598,#13599,#13600),
 .UNSPECIFIED.,.F.,.F.,(4,1,4),(0.,0.0900981829155236,0.173032371721179),
 .UNSPECIFIED.);
#132=B_SPLINE_CURVE_WITH_KNOTS('',3,(#13613,#13614,#13615,#13616,#13617),
 .UNSPECIFIED.,.F.,.F.,(4,1,4),(0.,0.046821012690838,0.0983130477009157),
 .UNSPECIFIED.);
#133=B_SPLINE_CURVE_WITH_KNOTS('',3,(#13630,#13631,#13632,#13633,#13634),
 .UNSPECIFIED.,.F.,.F.,(4,1,4),(0.,0.0363056940538276,0.070679898582368),
 .UNSPECIFIED.);
#134=B_SPLINE_CURVE_WITH_KNOTS('',3,(#13647,#13648,#13649,#13650,#13651),
 .UNSPECIFIED.,.F.,.F.,(4,1,4),(0.,0.0370208468534494,0.0742659624490741),
 .UNSPECIFIED.);
#135=B_SPLINE_CURVE_WITH_KNOTS('',3,(#13664,#13665,#13666,#13667,#13668),
 .UNSPECIFIED.,.F.,.F.,(4,1,4),(0.,0.062926901774289,0.116899821798992),
 .UNSPECIFIED.);
#136=B_SPLINE_CURVE_WITH_KNOTS('',3,(#13679,#13680,#13681,#13682,#13683),
 .UNSPECIFIED.,.F.,.F.,(4,1,4),(0.,0.0845849070328974,0.180820144377853),
 .UNSPECIFIED.);
#137=B_SPLINE_CURVE_WITH_KNOTS('',3,(#13737,#13738,#13739,#13740,#13741,
#13742,#13743,#13744,#13745,#13746,#13747,#13748,#13749,#13750,#13751,#13752),
 .UNSPECIFIED.,.F.,.F.,(4,3,3,3,3,4),(0.,0.00736259341842389,0.0164116068802835,
0.0270337292155732,0.0362262479203879,0.0425548328384821),.UNSPECIFIED.);
#138=B_SPLINE_CURVE_WITH_KNOTS('',3,(#13756,#13757,#13758,#13759,#13760),
 .UNSPECIFIED.,.F.,.F.,(4,1,4),(0.,0.0845848759769906,0.180820122420669),
 .UNSPECIFIED.);
#139=B_SPLINE_CURVE_WITH_KNOTS('',3,(#13774,#13775,#13776,#13777,#13778),
 .UNSPECIFIED.,.F.,.F.,(4,1,4),(0.,0.0512117241399782,0.10001612130378),
 .UNSPECIFIED.);
#140=B_SPLINE_CURVE_WITH_KNOTS('',3,(#13782,#13783,#13784,#13785,#13786),
 .UNSPECIFIED.,.F.,.F.,(4,1,4),(0.,0.0512117241399782,0.10001612130378),
 .UNSPECIFIED.);
#141=B_SPLINE_CURVE_WITH_KNOTS('',3,(#13799,#13800,#13801,#13802,#13803),
 .UNSPECIFIED.,.F.,.F.,(4,1,4),(0.,0.0483260580841022,0.0994044266960348),
 .UNSPECIFIED.);
#142=B_SPLINE_CURVE_WITH_KNOTS('',3,(#13806,#13807,#13808,#13809,#13810),
 .UNSPECIFIED.,.F.,.F.,(4,1,4),(0.,0.0483260580841022,0.0994044266960348),
 .UNSPECIFIED.);
#143=B_SPLINE_CURVE_WITH_KNOTS('',3,(#13822,#13823,#13824,#13825,#13826),
 .UNSPECIFIED.,.F.,.F.,(4,1,4),(0.,0.0675084521010059,0.121291419065342),
 .UNSPECIFIED.);
#144=B_SPLINE_CURVE_WITH_KNOTS('',3,(#13829,#13830,#13831,#13832,#13833),
 .UNSPECIFIED.,.F.,.F.,(4,1,4),(0.,0.0675084521010059,0.121291419065342),
 .UNSPECIFIED.);
#145=B_SPLINE_CURVE_WITH_KNOTS('',3,(#13845,#13846,#13847,#13848,#13849),
 .UNSPECIFIED.,.F.,.F.,(4,1,4),(0.,0.0550120084471509,0.123492991553493),
 .UNSPECIFIED.);
#146=B_SPLINE_CURVE_WITH_KNOTS('',3,(#13852,#13853,#13854,#13855,#13856),
 .UNSPECIFIED.,.F.,.F.,(4,1,4),(0.,0.0550120084471509,0.123492991553493),
 .UNSPECIFIED.);
#147=B_SPLINE_CURVE_WITH_KNOTS('',3,(#13868,#13869,#13870,#13871,#13872),
 .UNSPECIFIED.,.F.,.F.,(4,1,4),(0.,0.0500077355146433,0.0989897891637217),
 .UNSPECIFIED.);
#148=B_SPLINE_CURVE_WITH_KNOTS('',3,(#13875,#13876,#13877,#13878,#13879),
 .UNSPECIFIED.,.F.,.F.,(4,1,4),(0.,0.0500077355146433,0.0989897891637217),
 .UNSPECIFIED.);
#149=B_SPLINE_CURVE_WITH_KNOTS('',3,(#13891,#13892,#13893,#13894,#13895),
 .UNSPECIFIED.,.F.,.F.,(4,1,4),(0.,0.0493932529985565,0.0995277895012299),
 .UNSPECIFIED.);
#150=B_SPLINE_CURVE_WITH_KNOTS('',3,(#13898,#13899,#13900,#13901,#13902),
 .UNSPECIFIED.,.F.,.F.,(4,1,4),(0.,0.0493932529985565,0.0995277895012299),
 .UNSPECIFIED.);
#151=B_SPLINE_CURVE_WITH_KNOTS('',3,(#13914,#13915,#13916,#13917,#13918),
 .UNSPECIFIED.,.F.,.F.,(4,1,4),(0.,0.0672123341350751,0.122185823065478),
 .UNSPECIFIED.);
#152=B_SPLINE_CURVE_WITH_KNOTS('',3,(#13921,#13922,#13923,#13924,#13925),
 .UNSPECIFIED.,.F.,.F.,(4,1,4),(0.,0.0672123341350751,0.122185823065478),
 .UNSPECIFIED.);
#153=B_SPLINE_CURVE_WITH_KNOTS('',3,(#13936,#13937,#13938,#13939,#13940),
 .UNSPECIFIED.,.F.,.F.,(4,1,4),(0.,0.0543135065979494,0.122176038059508),
 .UNSPECIFIED.);
#154=B_SPLINE_CURVE_WITH_KNOTS('',3,(#13941,#13942,#13943,#13944,#13945),
 .UNSPECIFIED.,.F.,.F.,(4,1,4),(0.,0.0543135065979494,0.122176038059508),
 .UNSPECIFIED.);
#155=B_SPLINE_CURVE_WITH_KNOTS('',3,(#13958,#13959,#13960,#13961,#13962),
 .UNSPECIFIED.,.F.,.F.,(4,1,4),(0.,0.0906416569672852,0.173291501151248),
 .UNSPECIFIED.);
#156=B_SPLINE_CURVE_WITH_KNOTS('',3,(#13975,#13976,#13977,#13978,#13979),
 .UNSPECIFIED.,.F.,.F.,(4,1,4),(0.,0.0825224538042338,0.172276664762951),
 .UNSPECIFIED.);
#157=B_SPLINE_CURVE_WITH_KNOTS('',3,(#13992,#13993,#13994,#13995,#13996),
 .UNSPECIFIED.,.F.,.F.,(4,1,4),(0.,0.0974390517972331,0.182544256109742),
 .UNSPECIFIED.);
#158=B_SPLINE_CURVE_WITH_KNOTS('',3,(#14009,#14010,#14011,#14012,#14013),
 .UNSPECIFIED.,.F.,.F.,(4,1,4),(0.,0.0855756948000156,0.183746758979851),
 .UNSPECIFIED.);
#159=B_SPLINE_CURVE_WITH_KNOTS('',3,(#14026,#14027,#14028,#14029,#14030),
 .UNSPECIFIED.,.F.,.F.,(4,1,4),(0.,0.0900982416545403,0.173032455282443),
 .UNSPECIFIED.);
#160=B_SPLINE_CURVE_WITH_KNOTS('',3,(#14043,#14044,#14045,#14046,#14047),
 .UNSPECIFIED.,.F.,.F.,(4,1,4),(0.,0.0468209126428424,0.0983129328066274),
 .UNSPECIFIED.);
#161=B_SPLINE_CURVE_WITH_KNOTS('',3,(#14060,#14061,#14062,#14063,#14064),
 .UNSPECIFIED.,.F.,.F.,(4,1,4),(0.,0.0363056940538276,0.0706799899324097),
 .UNSPECIFIED.);
#162=B_SPLINE_CURVE_WITH_KNOTS('',3,(#14077,#14078,#14079,#14080,#14081),
 .UNSPECIFIED.,.F.,.F.,(4,1,4),(0.,0.0370208269276325,0.0742658671215622),
 .UNSPECIFIED.);
#163=B_SPLINE_CURVE_WITH_KNOTS('',3,(#14092,#14093,#14094,#14095),
 .UNSPECIFIED.,.F.,.F.,(4,4),(0.,0.0450211305341387),.UNSPECIFIED.);
#164=B_SPLINE_CURVE_WITH_KNOTS('',3,(#14096,#14097,#14098,#14099,#14100),
 .UNSPECIFIED.,.F.,.F.,(4,1,4),(0.,0.062926903585741,0.116899843674137),
 .UNSPECIFIED.);
#165=B_SPLINE_CURVE_WITH_KNOTS('',3,(#14120,#14121,#14122,#14123,#14124,
#14125,#14126,#14127,#14128,#14129,#14130,#14131,#14132,#14133),
 .UNSPECIFIED.,.F.,.F.,(4,2,2,2,2,2,4),(0.51071716965226,0.667037107268087,
0.709066998871932,0.730081944673855,0.740589417574816,0.745843154025297,
0.751096890475778),.UNSPECIFIED.);
#166=B_SPLINE_CURVE_WITH_KNOTS('',3,(#14146,#14147,#14148,#14149,#14150,
#14151,#14152,#14153,#14154,#14155,#14156,#14157,#14158,#14159),
 .UNSPECIFIED.,.F.,.F.,(4,2,2,2,2,2,4),(4.11132541186901,4.17869013020112,
4.27058327522153,4.37828778764655,4.48599230007157,4.72675988678058,4.86175175637598),
 .UNSPECIFIED.);
#167=B_SPLINE_CURVE_WITH_KNOTS('',3,(#14161,#14162,#14163,#14164,#14165,
#14166,#14167,#14168,#14169,#14170,#14171,#14172,#14173,#14174),
 .UNSPECIFIED.,.F.,.F.,(4,2,2,2,2,2,4),(0.749672496132283,0.758455036007466,
0.76723757588265,0.784802655633017,0.81993281513375,0.961855630330215,0.98846763759036),
 .UNSPECIFIED.);
#168=B_SPLINE_CURVE_WITH_KNOTS('',3,(#14186,#14187,#14188,#14189,#14190,
#14191,#14192,#14193,#14194,#14195,#14196,#14197,#14198,#14199),
 .UNSPECIFIED.,.F.,.F.,(4,2,2,2,2,2,4),(0.,0.00878253987518341,0.0175650797503668,
0.0351301595007336,0.0702603190014673,0.212183134197931,0.238795141461556),
 .UNSPECIFIED.);
#169=B_SPLINE_CURVE_WITH_KNOTS('',3,(#14203,#14204,#14205,#14206,#14207,
#14208,#14209,#14210,#14211,#14212,#14213,#14214,#14215,#14216),
 .UNSPECIFIED.,.F.,.F.,(4,2,2,2,2,2,4),(-0.238795141458075,-0.212183134197932,
-0.0702603190014672,-0.0351301595007336,-0.0175650797503668,-0.00878253987518329,
0.),.UNSPECIFIED.);
#170=B_SPLINE_CURVE_WITH_KNOTS('',3,(#14224,#14225,#14226,#14227,#14228,
#14229,#14230,#14231,#14232,#14233,#14234,#14235,#14236,#14237),
 .UNSPECIFIED.,.F.,.F.,(4,2,2,2,2,2,4),(0.587310890531619,0.722302760127027,
0.963070346836036,1.07077485926105,1.17847937168607,1.27037251670648,1.33773723503859),
 .UNSPECIFIED.);
#171=B_SPLINE_CURVE_WITH_KNOTS('',3,(#14585,#14586,#14587,#14588,#14589,
#14590,#14591,#14592,#14593,#14594,#14595,#14596,#14597,#14598),
 .UNSPECIFIED.,.F.,.F.,(4,2,2,2,2,2,4),(0.130566241115268,0.150053612032119,
0.201033884205046,0.252014156377974,0.3029944285509,0.353974700723826,0.373068113898726),
 .UNSPECIFIED.);
#172=B_SPLINE_CURVE_WITH_KNOTS('',3,(#14611,#14612,#14613,#14614,#14615,
#14616,#14617,#14618,#14619,#14620,#14621,#14622,#14623,#14624,#14625,#14626),
 .UNSPECIFIED.,.F.,.F.,(4,2,2,2,2,2,2,4),(0.567517984276245,0.618269911397575,
0.698033083928079,0.777796256458582,0.857559428989085,1.01708577405009,
1.08490746027183,1.09156655691523),.UNSPECIFIED.);
#173=B_SPLINE_CURVE_WITH_KNOTS('',3,(#14630,#14631,#14632,#14633,#14634,
#14635,#14636,#14637,#14638,#14639,#14640,#14641,#14642,#14643),
 .UNSPECIFIED.,.F.,.F.,(4,2,2,2,2,2,4),(0.13069322643346,0.149774153994134,
0.200701482788388,0.251628811582643,0.302556140376898,0.353483469171153,
0.373644824869578),.UNSPECIFIED.);
#174=B_SPLINE_CURVE_WITH_KNOTS('',3,(#14655,#14656,#14657,#14658,#14659,
#14660,#14661,#14662,#14663,#14664,#14665,#14666,#14667,#14668,#14669,#14670),
 .UNSPECIFIED.,.F.,.F.,(4,2,2,2,2,2,2,4),(0.56786293518891,0.617704568305585,
0.697319467224793,0.776934366144002,0.85654926506321,1.01577906290163,1.08357017805068,
1.09013404412284),.UNSPECIFIED.);
#175=B_SPLINE_CURVE_WITH_KNOTS('',3,(#14671,#14672,#14673,#14674,#14675,
#14676,#14677,#14678,#14679,#14680,#14681,#14682,#14683,#14684,#14685,#14686),
 .UNSPECIFIED.,.F.,.F.,(4,2,2,2,2,2,2,4),(0.304504890326762,0.31106875639891,
0.37885987154796,0.538089669386377,0.617704568305585,0.697319467224794,
0.776934366144002,0.827277878834468),.UNSPECIFIED.);
#176=B_SPLINE_CURVE_WITH_KNOTS('',3,(#14690,#14691,#14692,#14693,#14694,
#14695,#14696,#14697,#14698,#14699,#14700,#14701,#14702,#14703),
 .UNSPECIFIED.,.F.,.F.,(4,2,2,2,2,2,4),(0.129027576546536,0.14916605970404,
0.199977337157388,0.250788614610737,0.301599892064086,0.352411169517435,
0.37294792009947),.UNSPECIFIED.);
#177=B_SPLINE_CURVE_WITH_KNOTS('',3,(#14715,#14716,#14717,#14718,#14719,
#14720,#14721,#14722,#14723,#14724,#14725,#14726,#14727,#14728,#14729,#14730),
 .UNSPECIFIED.,.F.,.F.,(4,2,2,2,2,2,2,4),(0.569384997008573,0.619265872385526,
0.699291374436717,0.779316876487907,0.859342378539098,1.01939338264148,
1.0872681225506,1.09409205938859),.UNSPECIFIED.);
#178=B_SPLINE_CURVE_WITH_KNOTS('',3,(#14731,#14732,#14733,#14734,#14735,
#14736,#14737,#14738,#14739,#14740,#14741,#14742,#14743,#14744,#14745,#14746),
 .UNSPECIFIED.,.F.,.F.,(4,2,2,2,2,2,2,4),(0.304490689484836,0.31131462632283,
0.379189366231955,0.539240370334336,0.619265872385526,0.699291374436717,
0.779316876487907,0.830284617510526),.UNSPECIFIED.);
#179=B_SPLINE_CURVE_WITH_KNOTS('',3,(#14749,#14750,#14751,#14752,#14753,
#14754,#14755,#14756),.UNSPECIFIED.,.F.,.F.,(4,2,2,4),(0.71732948886026,
0.740120394605894,0.780210439341337,0.830511377507836),.UNSPECIFIED.);
#180=B_SPLINE_CURVE_WITH_KNOTS('',3,(#14763,#14764,#14765,#14766,#14767,
#14768,#14769,#14770,#14771,#14772,#14773,#14774,#14775,#14776),
 .UNSPECIFIED.,.F.,.F.,(4,2,2,2,2,2,4),(0.304485673674253,0.311404600718714,
0.379309991986908,0.53967017092868,0.619850260399566,0.659940305135009,
0.688065462493029),.UNSPECIFIED.);
#181=B_SPLINE_CURVE_WITH_KNOTS('',3,(#14783,#14784,#14785,#14786,#14787,
#14788,#14789,#14790),.UNSPECIFIED.,.F.,.F.,(4,2,2,4),(0.569043715710613,
0.619850260399565,0.659940305135008,0.688065462493028),.UNSPECIFIED.);
#182=B_SPLINE_CURVE_WITH_KNOTS('',3,(#14795,#14796,#14797,#14798,#14799,
#14800,#14801,#14802,#14803,#14804,#14805,#14806,#14807,#14808),
 .UNSPECIFIED.,.F.,.F.,(4,2,2,2,2,2,4),(0.717329488860262,0.740120394605894,
0.780210439341337,0.860390528812223,1.02075070775399,1.08865609902219,1.09557502606665),
 .UNSPECIFIED.);
#183=B_SPLINE_CURVE_WITH_KNOTS('',3,(#14814,#14815,#14816,#14817,#14818,
#14819,#14820,#14821,#14822,#14823,#14824,#14825,#14826,#14827),
 .UNSPECIFIED.,.F.,.F.,(4,2,2,2,2,2,4),(0.128902753816419,0.149449425373901,
0.200314925694708,0.251180426015516,0.302045926336326,0.352911426657135,
0.372373360806798),.UNSPECIFIED.);
#184=B_SPLINE_CURVE_WITH_KNOTS('',3,(#14836,#14837,#14838,#14839,#14840,
#14841,#14842,#14843,#14844,#14845,#14846,#14847,#14848,#14849,#14850,#14851),
 .UNSPECIFIED.,.F.,.F.,(4,2,2,2,2,2,2,4),(0.304499610940927,0.311158707584329,
0.378980393806066,0.538506738867072,0.618269911397575,0.698033083928079,
0.777796256458582,0.827465044265448),.UNSPECIFIED.);
#185=FACE_BOUND('',#897,.T.);
#186=FACE_BOUND('',#898,.T.);
#187=FACE_BOUND('',#899,.T.);
#188=FACE_BOUND('',#900,.T.);
#189=FACE_BOUND('',#901,.T.);
#190=FACE_BOUND('',#902,.T.);
#191=FACE_BOUND('',#903,.T.);
#192=FACE_BOUND('',#1110,.T.);
#193=FACE_BOUND('',#1131,.T.);
#194=FACE_BOUND('',#1132,.T.);
#195=FACE_BOUND('',#1133,.T.);
#196=FACE_BOUND('',#1134,.T.);
#197=FACE_BOUND('',#1176,.T.);
#198=FACE_BOUND('',#1207,.T.);
#199=FACE_BOUND('',#1229,.T.);
#200=FACE_BOUND('',#1245,.T.);
#201=FACE_BOUND('',#1313,.T.);
#202=FACE_BOUND('',#1317,.T.);
#203=FACE_BOUND('',#1322,.T.);
#204=FACE_BOUND('',#1326,.T.);
#205=FACE_BOUND('',#1328,.T.);
#206=PLANE('',#8439);
#207=PLANE('',#8443);
#208=PLANE('',#8444);
#209=PLANE('',#8448);
#210=PLANE('',#8449);
#211=PLANE('',#8453);
#212=PLANE('',#8457);
#213=PLANE('',#8458);
#214=PLANE('',#8462);
#215=PLANE('',#8463);
#216=PLANE('',#8467);
#217=PLANE('',#8468);
#218=PLANE('',#8469);
#219=PLANE('',#8567);
#220=PLANE('',#8568);
#221=PLANE('',#8571);
#222=PLANE('',#8574);
#223=PLANE('',#8575);
#224=PLANE('',#8580);
#225=PLANE('',#8583);
#226=PLANE('',#8594);
#227=PLANE('',#8607);
#228=PLANE('',#8609);
#229=PLANE('',#8611);
#230=PLANE('',#8613);
#231=PLANE('',#8615);
#232=PLANE('',#8617);
#233=PLANE('',#8619);
#234=PLANE('',#8621);
#235=PLANE('',#8623);
#236=PLANE('',#8625);
#237=PLANE('',#8628);
#238=PLANE('',#8631);
#239=PLANE('',#8632);
#240=PLANE('',#8635);
#241=PLANE('',#8657);
#242=PLANE('',#8658);
#243=PLANE('',#8660);
#244=PLANE('',#8662);
#245=PLANE('',#8664);
#246=PLANE('',#8666);
#247=PLANE('',#8672);
#248=PLANE('',#8674);
#249=PLANE('',#8676);
#250=PLANE('',#8678);
#251=PLANE('',#8680);
#252=PLANE('',#8682);
#253=PLANE('',#8684);
#254=PLANE('',#8686);
#255=PLANE('',#8688);
#256=PLANE('',#8692);
#257=PLANE('',#8695);
#258=PLANE('',#8696);
#259=PLANE('',#8699);
#260=PLANE('',#8721);
#261=PLANE('',#8722);
#262=PLANE('',#8724);
#263=PLANE('',#8726);
#264=PLANE('',#8728);
#265=PLANE('',#8730);
#266=PLANE('',#8736);
#267=PLANE('',#8738);
#268=PLANE('',#8740);
#269=PLANE('',#8742);
#270=PLANE('',#8744);
#271=PLANE('',#8746);
#272=PLANE('',#8748);
#273=PLANE('',#8750);
#274=PLANE('',#8752);
#275=PLANE('',#8756);
#276=PLANE('',#8757);
#277=PLANE('',#8760);
#278=PLANE('',#8761);
#279=PLANE('',#8764);
#280=PLANE('',#8767);
#281=PLANE('',#8768);
#282=PLANE('',#8773);
#283=PLANE('',#8776);
#284=PLANE('',#8787);
#285=PLANE('',#8800);
#286=PLANE('',#8802);
#287=PLANE('',#8804);
#288=PLANE('',#8806);
#289=PLANE('',#8808);
#290=PLANE('',#8810);
#291=PLANE('',#8812);
#292=PLANE('',#8814);
#293=PLANE('',#8816);
#294=PLANE('',#8818);
#295=PLANE('',#8836);
#296=PLANE('',#8838);
#297=PLANE('',#8839);
#298=PLANE('',#8842);
#299=PLANE('',#8846);
#300=PLANE('',#8848);
#301=PLANE('',#8849);
#302=PLANE('',#8850);
#303=PLANE('',#8851);
#304=PLANE('',#8852);
#305=PLANE('',#8853);
#306=PLANE('',#8854);
#307=PLANE('',#8855);
#308=PLANE('',#8856);
#309=PLANE('',#8857);
#310=PLANE('',#8858);
#311=PLANE('',#8859);
#312=PLANE('',#8860);
#313=PLANE('',#8863);
#314=PLANE('',#8866);
#315=PLANE('',#8869);
#316=PLANE('',#8872);
#317=PLANE('',#8873);
#318=PLANE('',#8874);
#319=PLANE('',#8876);
#320=PLANE('',#8877);
#321=PLANE('',#8879);
#322=PLANE('',#8881);
#323=PLANE('',#8882);
#324=PLANE('',#8885);
#325=PLANE('',#8886);
#326=PLANE('',#8892);
#327=PLANE('',#8893);
#328=PLANE('',#8894);
#329=PLANE('',#8895);
#330=PLANE('',#8896);
#331=PLANE('',#8897);
#332=PLANE('',#8898);
#333=PLANE('',#8899);
#334=PLANE('',#8900);
#335=PLANE('',#8901);
#336=PLANE('',#8902);
#337=PLANE('',#8903);
#338=PLANE('',#8904);
#339=PLANE('',#8905);
#340=PLANE('',#8906);
#341=PLANE('',#8907);
#342=PLANE('',#8908);
#343=PLANE('',#8909);
#344=PLANE('',#8910);
#345=PLANE('',#8911);
#346=PLANE('',#8912);
#347=PLANE('',#8913);
#348=PLANE('',#8914);
#349=PLANE('',#8915);
#350=PLANE('',#8916);
#351=PLANE('',#8917);
#352=PLANE('',#8918);
#353=PLANE('',#8919);
#354=PLANE('',#8920);
#355=PLANE('',#8921);
#356=PLANE('',#8922);
#357=PLANE('',#8923);
#358=PLANE('',#8924);
#359=PLANE('',#8925);
#360=PLANE('',#8926);
#361=PLANE('',#8927);
#362=PLANE('',#8928);
#363=PLANE('',#8929);
#364=PLANE('',#8930);
#365=PLANE('',#8931);
#366=PLANE('',#8932);
#367=PLANE('',#8933);
#368=PLANE('',#8934);
#369=PLANE('',#8935);
#370=PLANE('',#8936);
#371=PLANE('',#8940);
#372=PLANE('',#8945);
#373=PLANE('',#8959);
#374=PLANE('',#8962);
#375=PLANE('',#8963);
#376=PLANE('',#8967);
#377=PLANE('',#8971);
#378=PLANE('',#8972);
#379=PLANE('',#9008);
#380=PLANE('',#9039);
#381=PLANE('',#9050);
#382=PLANE('',#9056);
#383=PLANE('',#9063);
#384=PLANE('',#9070);
#385=PLANE('',#9082);
#386=PLANE('',#9087);
#387=PLANE('',#9089);
#388=PLANE('',#9092);
#389=PLANE('',#9094);
#390=PLANE('',#9096);
#391=PLANE('',#9098);
#392=PLANE('',#9100);
#393=PLANE('',#9102);
#394=PLANE('',#9104);
#395=PLANE('',#9106);
#396=PLANE('',#9108);
#397=PLANE('',#9110);
#398=PLANE('',#9112);
#399=PLANE('',#9114);
#400=PLANE('',#9116);
#401=PLANE('',#9118);
#402=PLANE('',#9120);
#403=PLANE('',#9122);
#404=PLANE('',#9124);
#405=PLANE('',#9126);
#406=PLANE('',#9128);
#407=PLANE('',#9130);
#408=PLANE('',#9132);
#409=PLANE('',#9134);
#410=PLANE('',#9136);
#411=PLANE('',#9138);
#412=PLANE('',#9140);
#413=PLANE('',#9141);
#414=PLANE('',#9142);
#415=PLANE('',#9145);
#416=PLANE('',#9147);
#417=PLANE('',#9148);
#418=PLANE('',#9149);
#419=PLANE('',#9153);
#420=PLANE('',#9154);
#421=PLANE('',#9155);
#422=PLANE('',#9157);
#423=PLANE('',#9158);
#424=PLANE('',#9159);
#425=PLANE('',#9161);
#426=PLANE('',#9166);
#427=PLANE('',#9169);
#428=PLANE('',#9170);
#429=PLANE('',#9173);
#430=PLANE('',#9174);
#431=PLANE('',#9175);
#432=PLANE('',#9176);
#433=PLANE('',#9177);
#434=FACE_OUTER_BOUND('',#877,.T.);
#435=FACE_OUTER_BOUND('',#878,.T.);
#436=FACE_OUTER_BOUND('',#879,.T.);
#437=FACE_OUTER_BOUND('',#880,.T.);
#438=FACE_OUTER_BOUND('',#881,.T.);
#439=FACE_OUTER_BOUND('',#882,.T.);
#440=FACE_OUTER_BOUND('',#883,.T.);
#441=FACE_OUTER_BOUND('',#884,.T.);
#442=FACE_OUTER_BOUND('',#885,.T.);
#443=FACE_OUTER_BOUND('',#886,.T.);
#444=FACE_OUTER_BOUND('',#887,.T.);
#445=FACE_OUTER_BOUND('',#888,.T.);
#446=FACE_OUTER_BOUND('',#889,.T.);
#447=FACE_OUTER_BOUND('',#890,.T.);
#448=FACE_OUTER_BOUND('',#891,.T.);
#449=FACE_OUTER_BOUND('',#892,.T.);
#450=FACE_OUTER_BOUND('',#893,.T.);
#451=FACE_OUTER_BOUND('',#894,.T.);
#452=FACE_OUTER_BOUND('',#895,.T.);
#453=FACE_OUTER_BOUND('',#896,.T.);
#454=FACE_OUTER_BOUND('',#904,.T.);
#455=FACE_OUTER_BOUND('',#905,.T.);
#456=FACE_OUTER_BOUND('',#906,.T.);
#457=FACE_OUTER_BOUND('',#907,.T.);
#458=FACE_OUTER_BOUND('',#908,.T.);
#459=FACE_OUTER_BOUND('',#909,.T.);
#460=FACE_OUTER_BOUND('',#910,.T.);
#461=FACE_OUTER_BOUND('',#911,.T.);
#462=FACE_OUTER_BOUND('',#912,.T.);
#463=FACE_OUTER_BOUND('',#913,.T.);
#464=FACE_OUTER_BOUND('',#914,.T.);
#465=FACE_OUTER_BOUND('',#915,.T.);
#466=FACE_OUTER_BOUND('',#916,.T.);
#467=FACE_OUTER_BOUND('',#917,.T.);
#468=FACE_OUTER_BOUND('',#918,.T.);
#469=FACE_OUTER_BOUND('',#919,.T.);
#470=FACE_OUTER_BOUND('',#920,.T.);
#471=FACE_OUTER_BOUND('',#921,.T.);
#472=FACE_OUTER_BOUND('',#922,.T.);
#473=FACE_OUTER_BOUND('',#923,.T.);
#474=FACE_OUTER_BOUND('',#924,.T.);
#475=FACE_OUTER_BOUND('',#925,.T.);
#476=FACE_OUTER_BOUND('',#926,.T.);
#477=FACE_OUTER_BOUND('',#927,.T.);
#478=FACE_OUTER_BOUND('',#928,.T.);
#479=FACE_OUTER_BOUND('',#929,.T.);
#480=FACE_OUTER_BOUND('',#930,.T.);
#481=FACE_OUTER_BOUND('',#931,.T.);
#482=FACE_OUTER_BOUND('',#932,.T.);
#483=FACE_OUTER_BOUND('',#933,.T.);
#484=FACE_OUTER_BOUND('',#934,.T.);
#485=FACE_OUTER_BOUND('',#935,.T.);
#486=FACE_OUTER_BOUND('',#936,.T.);
#487=FACE_OUTER_BOUND('',#937,.T.);
#488=FACE_OUTER_BOUND('',#938,.T.);
#489=FACE_OUTER_BOUND('',#939,.T.);
#490=FACE_OUTER_BOUND('',#940,.T.);
#491=FACE_OUTER_BOUND('',#941,.T.);
#492=FACE_OUTER_BOUND('',#942,.T.);
#493=FACE_OUTER_BOUND('',#943,.T.);
#494=FACE_OUTER_BOUND('',#944,.T.);
#495=FACE_OUTER_BOUND('',#945,.T.);
#496=FACE_OUTER_BOUND('',#946,.T.);
#497=FACE_OUTER_BOUND('',#947,.T.);
#498=FACE_OUTER_BOUND('',#948,.T.);
#499=FACE_OUTER_BOUND('',#949,.T.);
#500=FACE_OUTER_BOUND('',#950,.T.);
#501=FACE_OUTER_BOUND('',#951,.T.);
#502=FACE_OUTER_BOUND('',#952,.T.);
#503=FACE_OUTER_BOUND('',#953,.T.);
#504=FACE_OUTER_BOUND('',#954,.T.);
#505=FACE_OUTER_BOUND('',#955,.T.);
#506=FACE_OUTER_BOUND('',#956,.T.);
#507=FACE_OUTER_BOUND('',#957,.T.);
#508=FACE_OUTER_BOUND('',#958,.T.);
#509=FACE_OUTER_BOUND('',#959,.T.);
#510=FACE_OUTER_BOUND('',#960,.T.);
#511=FACE_OUTER_BOUND('',#961,.T.);
#512=FACE_OUTER_BOUND('',#962,.T.);
#513=FACE_OUTER_BOUND('',#963,.T.);
#514=FACE_OUTER_BOUND('',#964,.T.);
#515=FACE_OUTER_BOUND('',#965,.T.);
#516=FACE_OUTER_BOUND('',#966,.T.);
#517=FACE_OUTER_BOUND('',#967,.T.);
#518=FACE_OUTER_BOUND('',#968,.T.);
#519=FACE_OUTER_BOUND('',#969,.T.);
#520=FACE_OUTER_BOUND('',#970,.T.);
#521=FACE_OUTER_BOUND('',#971,.T.);
#522=FACE_OUTER_BOUND('',#972,.T.);
#523=FACE_OUTER_BOUND('',#973,.T.);
#524=FACE_OUTER_BOUND('',#974,.T.);
#525=FACE_OUTER_BOUND('',#975,.T.);
#526=FACE_OUTER_BOUND('',#976,.T.);
#527=FACE_OUTER_BOUND('',#977,.T.);
#528=FACE_OUTER_BOUND('',#978,.T.);
#529=FACE_OUTER_BOUND('',#979,.T.);
#530=FACE_OUTER_BOUND('',#980,.T.);
#531=FACE_OUTER_BOUND('',#981,.T.);
#532=FACE_OUTER_BOUND('',#982,.T.);
#533=FACE_OUTER_BOUND('',#983,.T.);
#534=FACE_OUTER_BOUND('',#984,.T.);
#535=FACE_OUTER_BOUND('',#985,.T.);
#536=FACE_OUTER_BOUND('',#986,.T.);
#537=FACE_OUTER_BOUND('',#987,.T.);
#538=FACE_OUTER_BOUND('',#988,.T.);
#539=FACE_OUTER_BOUND('',#989,.T.);
#540=FACE_OUTER_BOUND('',#990,.T.);
#541=FACE_OUTER_BOUND('',#991,.T.);
#542=FACE_OUTER_BOUND('',#992,.T.);
#543=FACE_OUTER_BOUND('',#993,.T.);
#544=FACE_OUTER_BOUND('',#994,.T.);
#545=FACE_OUTER_BOUND('',#995,.T.);
#546=FACE_OUTER_BOUND('',#996,.T.);
#547=FACE_OUTER_BOUND('',#997,.T.);
#548=FACE_OUTER_BOUND('',#998,.T.);
#549=FACE_OUTER_BOUND('',#999,.T.);
#550=FACE_OUTER_BOUND('',#1000,.T.);
#551=FACE_OUTER_BOUND('',#1001,.T.);
#552=FACE_OUTER_BOUND('',#1002,.T.);
#553=FACE_OUTER_BOUND('',#1003,.T.);
#554=FACE_OUTER_BOUND('',#1004,.T.);
#555=FACE_OUTER_BOUND('',#1005,.T.);
#556=FACE_OUTER_BOUND('',#1006,.T.);
#557=FACE_OUTER_BOUND('',#1007,.T.);
#558=FACE_OUTER_BOUND('',#1008,.T.);
#559=FACE_OUTER_BOUND('',#1009,.T.);
#560=FACE_OUTER_BOUND('',#1010,.T.);
#561=FACE_OUTER_BOUND('',#1011,.T.);
#562=FACE_OUTER_BOUND('',#1012,.T.);
#563=FACE_OUTER_BOUND('',#1013,.T.);
#564=FACE_OUTER_BOUND('',#1014,.T.);
#565=FACE_OUTER_BOUND('',#1015,.T.);
#566=FACE_OUTER_BOUND('',#1016,.T.);
#567=FACE_OUTER_BOUND('',#1017,.T.);
#568=FACE_OUTER_BOUND('',#1018,.T.);
#569=FACE_OUTER_BOUND('',#1019,.T.);
#570=FACE_OUTER_BOUND('',#1020,.T.);
#571=FACE_OUTER_BOUND('',#1021,.T.);
#572=FACE_OUTER_BOUND('',#1022,.T.);
#573=FACE_OUTER_BOUND('',#1023,.T.);
#574=FACE_OUTER_BOUND('',#1024,.T.);
#575=FACE_OUTER_BOUND('',#1025,.T.);
#576=FACE_OUTER_BOUND('',#1026,.T.);
#577=FACE_OUTER_BOUND('',#1027,.T.);
#578=FACE_OUTER_BOUND('',#1028,.T.);
#579=FACE_OUTER_BOUND('',#1029,.T.);
#580=FACE_OUTER_BOUND('',#1030,.T.);
#581=FACE_OUTER_BOUND('',#1031,.T.);
#582=FACE_OUTER_BOUND('',#1032,.T.);
#583=FACE_OUTER_BOUND('',#1033,.T.);
#584=FACE_OUTER_BOUND('',#1034,.T.);
#585=FACE_OUTER_BOUND('',#1035,.T.);
#586=FACE_OUTER_BOUND('',#1036,.T.);
#587=FACE_OUTER_BOUND('',#1037,.T.);
#588=FACE_OUTER_BOUND('',#1038,.T.);
#589=FACE_OUTER_BOUND('',#1039,.T.);
#590=FACE_OUTER_BOUND('',#1040,.T.);
#591=FACE_OUTER_BOUND('',#1041,.T.);
#592=FACE_OUTER_BOUND('',#1042,.T.);
#593=FACE_OUTER_BOUND('',#1043,.T.);
#594=FACE_OUTER_BOUND('',#1044,.T.);
#595=FACE_OUTER_BOUND('',#1045,.T.);
#596=FACE_OUTER_BOUND('',#1046,.T.);
#597=FACE_OUTER_BOUND('',#1047,.T.);
#598=FACE_OUTER_BOUND('',#1048,.T.);
#599=FACE_OUTER_BOUND('',#1049,.T.);
#600=FACE_OUTER_BOUND('',#1050,.T.);
#601=FACE_OUTER_BOUND('',#1051,.T.);
#602=FACE_OUTER_BOUND('',#1052,.T.);
#603=FACE_OUTER_BOUND('',#1053,.T.);
#604=FACE_OUTER_BOUND('',#1054,.T.);
#605=FACE_OUTER_BOUND('',#1055,.T.);
#606=FACE_OUTER_BOUND('',#1056,.T.);
#607=FACE_OUTER_BOUND('',#1057,.T.);
#608=FACE_OUTER_BOUND('',#1058,.T.);
#609=FACE_OUTER_BOUND('',#1059,.T.);
#610=FACE_OUTER_BOUND('',#1060,.T.);
#611=FACE_OUTER_BOUND('',#1061,.T.);
#612=FACE_OUTER_BOUND('',#1062,.T.);
#613=FACE_OUTER_BOUND('',#1063,.T.);
#614=FACE_OUTER_BOUND('',#1064,.T.);
#615=FACE_OUTER_BOUND('',#1065,.T.);
#616=FACE_OUTER_BOUND('',#1066,.T.);
#617=FACE_OUTER_BOUND('',#1067,.T.);
#618=FACE_OUTER_BOUND('',#1068,.T.);
#619=FACE_OUTER_BOUND('',#1069,.T.);
#620=FACE_OUTER_BOUND('',#1070,.T.);
#621=FACE_OUTER_BOUND('',#1071,.T.);
#622=FACE_OUTER_BOUND('',#1072,.T.);
#623=FACE_OUTER_BOUND('',#1073,.T.);
#624=FACE_OUTER_BOUND('',#1074,.T.);
#625=FACE_OUTER_BOUND('',#1075,.T.);
#626=FACE_OUTER_BOUND('',#1076,.T.);
#627=FACE_OUTER_BOUND('',#1077,.T.);
#628=FACE_OUTER_BOUND('',#1078,.T.);
#629=FACE_OUTER_BOUND('',#1079,.T.);
#630=FACE_OUTER_BOUND('',#1080,.T.);
#631=FACE_OUTER_BOUND('',#1081,.T.);
#632=FACE_OUTER_BOUND('',#1082,.T.);
#633=FACE_OUTER_BOUND('',#1083,.T.);
#634=FACE_OUTER_BOUND('',#1084,.T.);
#635=FACE_OUTER_BOUND('',#1085,.T.);
#636=FACE_OUTER_BOUND('',#1086,.T.);
#637=FACE_OUTER_BOUND('',#1087,.T.);
#638=FACE_OUTER_BOUND('',#1088,.T.);
#639=FACE_OUTER_BOUND('',#1089,.T.);
#640=FACE_OUTER_BOUND('',#1090,.T.);
#641=FACE_OUTER_BOUND('',#1091,.T.);
#642=FACE_OUTER_BOUND('',#1092,.T.);
#643=FACE_OUTER_BOUND('',#1093,.T.);
#644=FACE_OUTER_BOUND('',#1094,.T.);
#645=FACE_OUTER_BOUND('',#1095,.T.);
#646=FACE_OUTER_BOUND('',#1096,.T.);
#647=FACE_OUTER_BOUND('',#1097,.T.);
#648=FACE_OUTER_BOUND('',#1098,.T.);
#649=FACE_OUTER_BOUND('',#1099,.T.);
#650=FACE_OUTER_BOUND('',#1100,.T.);
#651=FACE_OUTER_BOUND('',#1101,.T.);
#652=FACE_OUTER_BOUND('',#1102,.T.);
#653=FACE_OUTER_BOUND('',#1103,.T.);
#654=FACE_OUTER_BOUND('',#1104,.T.);
#655=FACE_OUTER_BOUND('',#1105,.T.);
#656=FACE_OUTER_BOUND('',#1106,.T.);
#657=FACE_OUTER_BOUND('',#1107,.T.);
#658=FACE_OUTER_BOUND('',#1108,.T.);
#659=FACE_OUTER_BOUND('',#1109,.T.);
#660=FACE_OUTER_BOUND('',#1111,.T.);
#661=FACE_OUTER_BOUND('',#1112,.T.);
#662=FACE_OUTER_BOUND('',#1113,.T.);
#663=FACE_OUTER_BOUND('',#1114,.T.);
#664=FACE_OUTER_BOUND('',#1115,.T.);
#665=FACE_OUTER_BOUND('',#1116,.T.);
#666=FACE_OUTER_BOUND('',#1117,.T.);
#667=FACE_OUTER_BOUND('',#1118,.T.);
#668=FACE_OUTER_BOUND('',#1119,.T.);
#669=FACE_OUTER_BOUND('',#1120,.T.);
#670=FACE_OUTER_BOUND('',#1121,.T.);
#671=FACE_OUTER_BOUND('',#1122,.T.);
#672=FACE_OUTER_BOUND('',#1123,.T.);
#673=FACE_OUTER_BOUND('',#1124,.T.);
#674=FACE_OUTER_BOUND('',#1125,.T.);
#675=FACE_OUTER_BOUND('',#1126,.T.);
#676=FACE_OUTER_BOUND('',#1127,.T.);
#677=FACE_OUTER_BOUND('',#1128,.T.);
#678=FACE_OUTER_BOUND('',#1129,.T.);
#679=FACE_OUTER_BOUND('',#1130,.T.);
#680=FACE_OUTER_BOUND('',#1135,.T.);
#681=FACE_OUTER_BOUND('',#1136,.T.);
#682=FACE_OUTER_BOUND('',#1137,.T.);
#683=FACE_OUTER_BOUND('',#1138,.T.);
#684=FACE_OUTER_BOUND('',#1139,.T.);
#685=FACE_OUTER_BOUND('',#1140,.T.);
#686=FACE_OUTER_BOUND('',#1141,.T.);
#687=FACE_OUTER_BOUND('',#1142,.T.);
#688=FACE_OUTER_BOUND('',#1143,.T.);
#689=FACE_OUTER_BOUND('',#1144,.T.);
#690=FACE_OUTER_BOUND('',#1145,.T.);
#691=FACE_OUTER_BOUND('',#1146,.T.);
#692=FACE_OUTER_BOUND('',#1147,.T.);
#693=FACE_OUTER_BOUND('',#1148,.T.);
#694=FACE_OUTER_BOUND('',#1149,.T.);
#695=FACE_OUTER_BOUND('',#1150,.T.);
#696=FACE_OUTER_BOUND('',#1151,.T.);
#697=FACE_OUTER_BOUND('',#1152,.T.);
#698=FACE_OUTER_BOUND('',#1153,.T.);
#699=FACE_OUTER_BOUND('',#1154,.T.);
#700=FACE_OUTER_BOUND('',#1155,.T.);
#701=FACE_OUTER_BOUND('',#1156,.T.);
#702=FACE_OUTER_BOUND('',#1157,.T.);
#703=FACE_OUTER_BOUND('',#1158,.T.);
#704=FACE_OUTER_BOUND('',#1159,.T.);
#705=FACE_OUTER_BOUND('',#1160,.T.);
#706=FACE_OUTER_BOUND('',#1161,.T.);
#707=FACE_OUTER_BOUND('',#1162,.T.);
#708=FACE_OUTER_BOUND('',#1163,.T.);
#709=FACE_OUTER_BOUND('',#1164,.T.);
#710=FACE_OUTER_BOUND('',#1165,.T.);
#711=FACE_OUTER_BOUND('',#1166,.T.);
#712=FACE_OUTER_BOUND('',#1167,.T.);
#713=FACE_OUTER_BOUND('',#1168,.T.);
#714=FACE_OUTER_BOUND('',#1169,.T.);
#715=FACE_OUTER_BOUND('',#1170,.T.);
#716=FACE_OUTER_BOUND('',#1171,.T.);
#717=FACE_OUTER_BOUND('',#1172,.T.);
#718=FACE_OUTER_BOUND('',#1173,.T.);
#719=FACE_OUTER_BOUND('',#1174,.T.);
#720=FACE_OUTER_BOUND('',#1175,.T.);
#721=FACE_OUTER_BOUND('',#1177,.T.);
#722=FACE_OUTER_BOUND('',#1178,.T.);
#723=FACE_OUTER_BOUND('',#1179,.T.);
#724=FACE_OUTER_BOUND('',#1180,.T.);
#725=FACE_OUTER_BOUND('',#1181,.T.);
#726=FACE_OUTER_BOUND('',#1182,.T.);
#727=FACE_OUTER_BOUND('',#1183,.T.);
#728=FACE_OUTER_BOUND('',#1184,.T.);
#729=FACE_OUTER_BOUND('',#1185,.T.);
#730=FACE_OUTER_BOUND('',#1186,.T.);
#731=FACE_OUTER_BOUND('',#1187,.T.);
#732=FACE_OUTER_BOUND('',#1188,.T.);
#733=FACE_OUTER_BOUND('',#1189,.T.);
#734=FACE_OUTER_BOUND('',#1190,.T.);
#735=FACE_OUTER_BOUND('',#1191,.T.);
#736=FACE_OUTER_BOUND('',#1192,.T.);
#737=FACE_OUTER_BOUND('',#1193,.T.);
#738=FACE_OUTER_BOUND('',#1194,.T.);
#739=FACE_OUTER_BOUND('',#1195,.T.);
#740=FACE_OUTER_BOUND('',#1196,.T.);
#741=FACE_OUTER_BOUND('',#1197,.T.);
#742=FACE_OUTER_BOUND('',#1198,.T.);
#743=FACE_OUTER_BOUND('',#1199,.T.);
#744=FACE_OUTER_BOUND('',#1200,.T.);
#745=FACE_OUTER_BOUND('',#1201,.T.);
#746=FACE_OUTER_BOUND('',#1202,.T.);
#747=FACE_OUTER_BOUND('',#1203,.T.);
#748=FACE_OUTER_BOUND('',#1204,.T.);
#749=FACE_OUTER_BOUND('',#1205,.T.);
#750=FACE_OUTER_BOUND('',#1206,.T.);
#751=FACE_OUTER_BOUND('',#1208,.T.);
#752=FACE_OUTER_BOUND('',#1209,.T.);
#753=FACE_OUTER_BOUND('',#1210,.T.);
#754=FACE_OUTER_BOUND('',#1211,.T.);
#755=FACE_OUTER_BOUND('',#1212,.T.);
#756=FACE_OUTER_BOUND('',#1213,.T.);
#757=FACE_OUTER_BOUND('',#1214,.T.);
#758=FACE_OUTER_BOUND('',#1215,.T.);
#759=FACE_OUTER_BOUND('',#1216,.T.);
#760=FACE_OUTER_BOUND('',#1217,.T.);
#761=FACE_OUTER_BOUND('',#1218,.T.);
#762=FACE_OUTER_BOUND('',#1219,.T.);
#763=FACE_OUTER_BOUND('',#1220,.T.);
#764=FACE_OUTER_BOUND('',#1221,.T.);
#765=FACE_OUTER_BOUND('',#1222,.T.);
#766=FACE_OUTER_BOUND('',#1223,.T.);
#767=FACE_OUTER_BOUND('',#1224,.T.);
#768=FACE_OUTER_BOUND('',#1225,.T.);
#769=FACE_OUTER_BOUND('',#1226,.T.);
#770=FACE_OUTER_BOUND('',#1227,.T.);
#771=FACE_OUTER_BOUND('',#1228,.T.);
#772=FACE_OUTER_BOUND('',#1230,.T.);
#773=FACE_OUTER_BOUND('',#1231,.T.);
#774=FACE_OUTER_BOUND('',#1232,.T.);
#775=FACE_OUTER_BOUND('',#1233,.T.);
#776=FACE_OUTER_BOUND('',#1234,.T.);
#777=FACE_OUTER_BOUND('',#1235,.T.);
#778=FACE_OUTER_BOUND('',#1236,.T.);
#779=FACE_OUTER_BOUND('',#1237,.T.);
#780=FACE_OUTER_BOUND('',#1238,.T.);
#781=FACE_OUTER_BOUND('',#1239,.T.);
#782=FACE_OUTER_BOUND('',#1240,.T.);
#783=FACE_OUTER_BOUND('',#1241,.T.);
#784=FACE_OUTER_BOUND('',#1242,.T.);
#785=FACE_OUTER_BOUND('',#1243,.T.);
#786=FACE_OUTER_BOUND('',#1244,.T.);
#787=FACE_OUTER_BOUND('',#1246,.T.);
#788=FACE_OUTER_BOUND('',#1247,.T.);
#789=FACE_OUTER_BOUND('',#1248,.T.);
#790=FACE_OUTER_BOUND('',#1249,.T.);
#791=FACE_OUTER_BOUND('',#1250,.T.);
#792=FACE_OUTER_BOUND('',#1251,.T.);
#793=FACE_OUTER_BOUND('',#1252,.T.);
#794=FACE_OUTER_BOUND('',#1253,.T.);
#795=FACE_OUTER_BOUND('',#1254,.T.);
#796=FACE_OUTER_BOUND('',#1255,.T.);
#797=FACE_OUTER_BOUND('',#1256,.T.);
#798=FACE_OUTER_BOUND('',#1257,.T.);
#799=FACE_OUTER_BOUND('',#1258,.T.);
#800=FACE_OUTER_BOUND('',#1259,.T.);
#801=FACE_OUTER_BOUND('',#1260,.T.);
#802=FACE_OUTER_BOUND('',#1261,.T.);
#803=FACE_OUTER_BOUND('',#1262,.T.);
#804=FACE_OUTER_BOUND('',#1263,.T.);
#805=FACE_OUTER_BOUND('',#1264,.T.);
#806=FACE_OUTER_BOUND('',#1265,.T.);
#807=FACE_OUTER_BOUND('',#1266,.T.);
#808=FACE_OUTER_BOUND('',#1267,.T.);
#809=FACE_OUTER_BOUND('',#1268,.T.);
#810=FACE_OUTER_BOUND('',#1269,.T.);
#811=FACE_OUTER_BOUND('',#1270,.T.);
#812=FACE_OUTER_BOUND('',#1271,.T.);
#813=FACE_OUTER_BOUND('',#1272,.T.);
#814=FACE_OUTER_BOUND('',#1273,.T.);
#815=FACE_OUTER_BOUND('',#1274,.T.);
#816=FACE_OUTER_BOUND('',#1275,.T.);
#817=FACE_OUTER_BOUND('',#1276,.T.);
#818=FACE_OUTER_BOUND('',#1277,.T.);
#819=FACE_OUTER_BOUND('',#1278,.T.);
#820=FACE_OUTER_BOUND('',#1279,.T.);
#821=FACE_OUTER_BOUND('',#1280,.T.);
#822=FACE_OUTER_BOUND('',#1281,.T.);
#823=FACE_OUTER_BOUND('',#1282,.T.);
#824=FACE_OUTER_BOUND('',#1283,.T.);
#825=FACE_OUTER_BOUND('',#1284,.T.);
#826=FACE_OUTER_BOUND('',#1285,.T.);
#827=FACE_OUTER_BOUND('',#1286,.T.);
#828=FACE_OUTER_BOUND('',#1287,.T.);
#829=FACE_OUTER_BOUND('',#1288,.T.);
#830=FACE_OUTER_BOUND('',#1289,.T.);
#831=FACE_OUTER_BOUND('',#1290,.T.);
#832=FACE_OUTER_BOUND('',#1291,.T.);
#833=FACE_OUTER_BOUND('',#1292,.T.);
#834=FACE_OUTER_BOUND('',#1293,.T.);
#835=FACE_OUTER_BOUND('',#1294,.T.);
#836=FACE_OUTER_BOUND('',#1295,.T.);
#837=FACE_OUTER_BOUND('',#1296,.T.);
#838=FACE_OUTER_BOUND('',#1297,.T.);
#839=FACE_OUTER_BOUND('',#1298,.T.);
#840=FACE_OUTER_BOUND('',#1299,.T.);
#841=FACE_OUTER_BOUND('',#1300,.T.);
#842=FACE_OUTER_BOUND('',#1301,.T.);
#843=FACE_OUTER_BOUND('',#1302,.T.);
#844=FACE_OUTER_BOUND('',#1303,.T.);
#845=FACE_OUTER_BOUND('',#1304,.T.);
#846=FACE_OUTER_BOUND('',#1305,.T.);
#847=FACE_OUTER_BOUND('',#1306,.T.);
#848=FACE_OUTER_BOUND('',#1307,.T.);
#849=FACE_OUTER_BOUND('',#1308,.T.);
#850=FACE_OUTER_BOUND('',#1309,.T.);
#851=FACE_OUTER_BOUND('',#1310,.T.);
#852=FACE_OUTER_BOUND('',#1311,.T.);
#853=FACE_OUTER_BOUND('',#1312,.T.);
#854=FACE_OUTER_BOUND('',#1314,.T.);
#855=FACE_OUTER_BOUND('',#1315,.T.);
#856=FACE_OUTER_BOUND('',#1316,.T.);
#857=FACE_OUTER_BOUND('',#1318,.T.);
#858=FACE_OUTER_BOUND('',#1319,.T.);
#859=FACE_OUTER_BOUND('',#1320,.T.);
#860=FACE_OUTER_BOUND('',#1321,.T.);
#861=FACE_OUTER_BOUND('',#1323,.T.);
#862=FACE_OUTER_BOUND('',#1324,.T.);
#863=FACE_OUTER_BOUND('',#1325,.T.);
#864=FACE_OUTER_BOUND('',#1327,.T.);
#865=FACE_OUTER_BOUND('',#1329,.T.);
#866=FACE_OUTER_BOUND('',#1330,.T.);
#867=FACE_OUTER_BOUND('',#1331,.T.);
#868=FACE_OUTER_BOUND('',#1332,.T.);
#869=FACE_OUTER_BOUND('',#1333,.T.);
#870=FACE_OUTER_BOUND('',#1334,.T.);
#871=FACE_OUTER_BOUND('',#1335,.T.);
#872=FACE_OUTER_BOUND('',#1336,.T.);
#873=FACE_OUTER_BOUND('',#1337,.T.);
#874=FACE_OUTER_BOUND('',#1338,.T.);
#875=FACE_OUTER_BOUND('',#1339,.T.);
#876=FACE_OUTER_BOUND('',#1340,.T.);
#877=EDGE_LOOP('',(#5324,#5325,#5326,#5327));
#878=EDGE_LOOP('',(#5328,#5329,#5330,#5331));
#879=EDGE_LOOP('',(#5332,#5333,#5334,#5335));
#880=EDGE_LOOP('',(#5336,#5337,#5338,#5339));
#881=EDGE_LOOP('',(#5340,#5341,#5342,#5343,#5344,#5345,#5346));
#882=EDGE_LOOP('',(#5347,#5348,#5349,#5350));
#883=EDGE_LOOP('',(#5351,#5352,#5353,#5354));
#884=EDGE_LOOP('',(#5355,#5356,#5357,#5358,#5359,#5360,#5361));
#885=EDGE_LOOP('',(#5362,#5363,#5364,#5365));
#886=EDGE_LOOP('',(#5366,#5367,#5368,#5369));
#887=EDGE_LOOP('',(#5370,#5371,#5372,#5373));
#888=EDGE_LOOP('',(#5374,#5375,#5376,#5377));
#889=EDGE_LOOP('',(#5378,#5379,#5380,#5381,#5382,#5383,#5384));
#890=EDGE_LOOP('',(#5385,#5386,#5387,#5388));
#891=EDGE_LOOP('',(#5389,#5390,#5391,#5392));
#892=EDGE_LOOP('',(#5393,#5394,#5395,#5396,#5397,#5398,#5399));
#893=EDGE_LOOP('',(#5400,#5401,#5402,#5403));
#894=EDGE_LOOP('',(#5404,#5405,#5406,#5407));
#895=EDGE_LOOP('',(#5408,#5409,#5410,#5411));
#896=EDGE_LOOP('',(#5412,#5413,#5414,#5415,#5416,#5417,#5418,#5419,#5420,
#5421,#5422,#5423,#5424,#5425,#5426,#5427));
#897=EDGE_LOOP('',(#5428,#5429,#5430,#5431));
#898=EDGE_LOOP('',(#5432,#5433,#5434,#5435));
#899=EDGE_LOOP('',(#5436,#5437,#5438,#5439,#5440,#5441,#5442,#5443,#5444,
#5445,#5446,#5447,#5448,#5449,#5450,#5451,#5452,#5453,#5454,#5455,#5456,
#5457,#5458,#5459,#5460,#5461,#5462,#5463,#5464,#5465,#5466,#5467,#5468,
#5469,#5470,#5471,#5472,#5473,#5474,#5475,#5476,#5477,#5478,#5479,#5480));
#900=EDGE_LOOP('',(#5481,#5482,#5483,#5484,#5485,#5486,#5487,#5488,#5489,
#5490,#5491,#5492,#5493,#5494,#5495,#5496,#5497,#5498,#5499,#5500,#5501,
#5502,#5503,#5504,#5505,#5506,#5507,#5508,#5509,#5510,#5511,#5512,#5513,
#5514,#5515,#5516,#5517,#5518,#5519,#5520,#5521,#5522,#5523,#5524,#5525));
#901=EDGE_LOOP('',(#5526,#5527,#5528,#5529,#5530,#5531,#5532,#5533,#5534,
#5535,#5536,#5537,#5538,#5539,#5540,#5541,#5542,#5543,#5544,#5545,#5546,
#5547,#5548,#5549,#5550,#5551,#5552,#5553,#5554,#5555,#5556,#5557,#5558,
#5559,#5560,#5561,#5562,#5563,#5564,#5565,#5566,#5567,#5568,#5569,#5570));
#902=EDGE_LOOP('',(#5571,#5572,#5573,#5574,#5575,#5576,#5577,#5578,#5579,
#5580,#5581,#5582,#5583,#5584,#5585,#5586,#5587,#5588,#5589,#5590,#5591,
#5592,#5593,#5594,#5595,#5596,#5597,#5598,#5599,#5600,#5601,#5602,#5603,
#5604,#5605,#5606,#5607,#5608,#5609,#5610,#5611,#5612,#5613,#5614,#5615));
#903=EDGE_LOOP('',(#5616,#5617,#5618,#5619));
#904=EDGE_LOOP('',(#5620,#5621,#5622,#5623));
#905=EDGE_LOOP('',(#5624,#5625,#5626,#5627));
#906=EDGE_LOOP('',(#5628,#5629,#5630,#5631));
#907=EDGE_LOOP('',(#5632,#5633,#5634,#5635));
#908=EDGE_LOOP('',(#5636,#5637,#5638,#5639));
#909=EDGE_LOOP('',(#5640,#5641,#5642,#5643));
#910=EDGE_LOOP('',(#5644,#5645,#5646,#5647));
#911=EDGE_LOOP('',(#5648,#5649,#5650,#5651));
#912=EDGE_LOOP('',(#5652,#5653,#5654,#5655));
#913=EDGE_LOOP('',(#5656,#5657,#5658,#5659));
#914=EDGE_LOOP('',(#5660,#5661,#5662,#5663));
#915=EDGE_LOOP('',(#5664,#5665,#5666,#5667));
#916=EDGE_LOOP('',(#5668,#5669,#5670,#5671));
#917=EDGE_LOOP('',(#5672,#5673,#5674,#5675));
#918=EDGE_LOOP('',(#5676,#5677,#5678,#5679));
#919=EDGE_LOOP('',(#5680,#5681,#5682,#5683));
#920=EDGE_LOOP('',(#5684,#5685,#5686,#5687));
#921=EDGE_LOOP('',(#5688,#5689,#5690,#5691));
#922=EDGE_LOOP('',(#5692,#5693,#5694,#5695,#5696,#5697,#5698,#5699,#5700,
#5701,#5702,#5703,#5704,#5705,#5706,#5707,#5708,#5709,#5710,#5711,#5712,
#5713,#5714,#5715,#5716,#5717,#5718,#5719,#5720,#5721,#5722,#5723,#5724,
#5725,#5726,#5727,#5728,#5729,#5730,#5731,#5732,#5733,#5734,#5735,#5736,
#5737));
#923=EDGE_LOOP('',(#5738,#5739,#5740,#5741));
#924=EDGE_LOOP('',(#5742,#5743,#5744,#5745));
#925=EDGE_LOOP('',(#5746,#5747,#5748,#5749));
#926=EDGE_LOOP('',(#5750,#5751,#5752,#5753));
#927=EDGE_LOOP('',(#5754,#5755,#5756,#5757));
#928=EDGE_LOOP('',(#5758,#5759,#5760,#5761));
#929=EDGE_LOOP('',(#5762,#5763,#5764,#5765));
#930=EDGE_LOOP('',(#5766,#5767,#5768,#5769));
#931=EDGE_LOOP('',(#5770,#5771,#5772,#5773));
#932=EDGE_LOOP('',(#5774,#5775,#5776,#5777));
#933=EDGE_LOOP('',(#5778,#5779,#5780,#5781));
#934=EDGE_LOOP('',(#5782,#5783,#5784,#5785));
#935=EDGE_LOOP('',(#5786,#5787,#5788,#5789));
#936=EDGE_LOOP('',(#5790,#5791,#5792,#5793));
#937=EDGE_LOOP('',(#5794,#5795,#5796,#5797));
#938=EDGE_LOOP('',(#5798,#5799,#5800,#5801));
#939=EDGE_LOOP('',(#5802,#5803,#5804,#5805));
#940=EDGE_LOOP('',(#5806,#5807,#5808,#5809));
#941=EDGE_LOOP('',(#5810,#5811,#5812,#5813));
#942=EDGE_LOOP('',(#5814,#5815,#5816,#5817));
#943=EDGE_LOOP('',(#5818,#5819,#5820,#5821));
#944=EDGE_LOOP('',(#5822,#5823,#5824,#5825));
#945=EDGE_LOOP('',(#5826,#5827,#5828,#5829));
#946=EDGE_LOOP('',(#5830,#5831,#5832,#5833));
#947=EDGE_LOOP('',(#5834,#5835,#5836,#5837));
#948=EDGE_LOOP('',(#5838,#5839,#5840,#5841,#5842,#5843,#5844,#5845,#5846,
#5847,#5848,#5849,#5850,#5851,#5852,#5853,#5854,#5855,#5856,#5857,#5858,
#5859,#5860,#5861,#5862,#5863,#5864,#5865,#5866,#5867,#5868,#5869,#5870,
#5871,#5872,#5873,#5874,#5875,#5876,#5877,#5878,#5879,#5880,#5881,#5882,
#5883));
#949=EDGE_LOOP('',(#5884,#5885,#5886,#5887));
#950=EDGE_LOOP('',(#5888,#5889,#5890,#5891));
#951=EDGE_LOOP('',(#5892,#5893,#5894,#5895));
#952=EDGE_LOOP('',(#5896,#5897,#5898,#5899));
#953=EDGE_LOOP('',(#5900,#5901,#5902,#5903));
#954=EDGE_LOOP('',(#5904,#5905,#5906,#5907));
#955=EDGE_LOOP('',(#5908,#5909,#5910,#5911));
#956=EDGE_LOOP('',(#5912,#5913,#5914,#5915));
#957=EDGE_LOOP('',(#5916,#5917,#5918,#5919));
#958=EDGE_LOOP('',(#5920,#5921,#5922,#5923));
#959=EDGE_LOOP('',(#5924,#5925,#5926,#5927));
#960=EDGE_LOOP('',(#5928,#5929,#5930,#5931));
#961=EDGE_LOOP('',(#5932,#5933,#5934,#5935));
#962=EDGE_LOOP('',(#5936,#5937,#5938,#5939));
#963=EDGE_LOOP('',(#5940,#5941,#5942,#5943));
#964=EDGE_LOOP('',(#5944,#5945,#5946,#5947));
#965=EDGE_LOOP('',(#5948,#5949,#5950,#5951));
#966=EDGE_LOOP('',(#5952,#5953,#5954,#5955));
#967=EDGE_LOOP('',(#5956,#5957,#5958,#5959));
#968=EDGE_LOOP('',(#5960,#5961,#5962,#5963));
#969=EDGE_LOOP('',(#5964,#5965,#5966,#5967));
#970=EDGE_LOOP('',(#5968,#5969,#5970,#5971));
#971=EDGE_LOOP('',(#5972,#5973,#5974,#5975));
#972=EDGE_LOOP('',(#5976,#5977,#5978,#5979));
#973=EDGE_LOOP('',(#5980,#5981,#5982,#5983));
#974=EDGE_LOOP('',(#5984,#5985,#5986,#5987));
#975=EDGE_LOOP('',(#5988,#5989,#5990,#5991));
#976=EDGE_LOOP('',(#5992,#5993,#5994,#5995));
#977=EDGE_LOOP('',(#5996,#5997,#5998,#5999));
#978=EDGE_LOOP('',(#6000,#6001,#6002,#6003));
#979=EDGE_LOOP('',(#6004,#6005,#6006,#6007));
#980=EDGE_LOOP('',(#6008,#6009,#6010,#6011));
#981=EDGE_LOOP('',(#6012,#6013,#6014,#6015));
#982=EDGE_LOOP('',(#6016,#6017,#6018,#6019));
#983=EDGE_LOOP('',(#6020,#6021,#6022,#6023));
#984=EDGE_LOOP('',(#6024,#6025,#6026,#6027));
#985=EDGE_LOOP('',(#6028,#6029,#6030,#6031));
#986=EDGE_LOOP('',(#6032,#6033,#6034,#6035));
#987=EDGE_LOOP('',(#6036,#6037,#6038,#6039));
#988=EDGE_LOOP('',(#6040,#6041,#6042,#6043,#6044,#6045,#6046,#6047,#6048,
#6049,#6050,#6051,#6052,#6053,#6054,#6055,#6056,#6057,#6058,#6059,#6060,
#6061,#6062,#6063,#6064,#6065,#6066,#6067,#6068,#6069,#6070,#6071,#6072,
#6073,#6074,#6075,#6076,#6077,#6078,#6079,#6080,#6081,#6082,#6083,#6084,
#6085));
#989=EDGE_LOOP('',(#6086,#6087,#6088,#6089));
#990=EDGE_LOOP('',(#6090,#6091,#6092,#6093));
#991=EDGE_LOOP('',(#6094,#6095,#6096,#6097));
#992=EDGE_LOOP('',(#6098,#6099,#6100,#6101));
#993=EDGE_LOOP('',(#6102,#6103,#6104,#6105));
#994=EDGE_LOOP('',(#6106,#6107,#6108,#6109));
#995=EDGE_LOOP('',(#6110,#6111,#6112,#6113));
#996=EDGE_LOOP('',(#6114,#6115,#6116,#6117));
#997=EDGE_LOOP('',(#6118,#6119,#6120,#6121));
#998=EDGE_LOOP('',(#6122,#6123,#6124,#6125));
#999=EDGE_LOOP('',(#6126,#6127,#6128,#6129));
#1000=EDGE_LOOP('',(#6130,#6131,#6132,#6133));
#1001=EDGE_LOOP('',(#6134,#6135,#6136,#6137));
#1002=EDGE_LOOP('',(#6138,#6139,#6140,#6141));
#1003=EDGE_LOOP('',(#6142,#6143,#6144,#6145));
#1004=EDGE_LOOP('',(#6146,#6147,#6148,#6149));
#1005=EDGE_LOOP('',(#6150,#6151,#6152,#6153));
#1006=EDGE_LOOP('',(#6154,#6155,#6156,#6157));
#1007=EDGE_LOOP('',(#6158,#6159,#6160,#6161));
#1008=EDGE_LOOP('',(#6162,#6163,#6164,#6165));
#1009=EDGE_LOOP('',(#6166,#6167,#6168,#6169));
#1010=EDGE_LOOP('',(#6170,#6171,#6172,#6173));
#1011=EDGE_LOOP('',(#6174,#6175,#6176,#6177));
#1012=EDGE_LOOP('',(#6178,#6179,#6180,#6181));
#1013=EDGE_LOOP('',(#6182,#6183,#6184,#6185));
#1014=EDGE_LOOP('',(#6186,#6187,#6188,#6189));
#1015=EDGE_LOOP('',(#6190,#6191,#6192,#6193));
#1016=EDGE_LOOP('',(#6194,#6195,#6196,#6197));
#1017=EDGE_LOOP('',(#6198,#6199,#6200,#6201));
#1018=EDGE_LOOP('',(#6202,#6203,#6204,#6205));
#1019=EDGE_LOOP('',(#6206,#6207,#6208,#6209));
#1020=EDGE_LOOP('',(#6210,#6211,#6212,#6213));
#1021=EDGE_LOOP('',(#6214,#6215,#6216,#6217));
#1022=EDGE_LOOP('',(#6218,#6219,#6220,#6221));
#1023=EDGE_LOOP('',(#6222,#6223,#6224,#6225));
#1024=EDGE_LOOP('',(#6226,#6227,#6228,#6229));
#1025=EDGE_LOOP('',(#6230,#6231,#6232,#6233));
#1026=EDGE_LOOP('',(#6234,#6235,#6236,#6237));
#1027=EDGE_LOOP('',(#6238,#6239,#6240,#6241));
#1028=EDGE_LOOP('',(#6242,#6243,#6244,#6245));
#1029=EDGE_LOOP('',(#6246,#6247,#6248,#6249));
#1030=EDGE_LOOP('',(#6250,#6251,#6252,#6253));
#1031=EDGE_LOOP('',(#6254,#6255,#6256,#6257));
#1032=EDGE_LOOP('',(#6258,#6259,#6260,#6261));
#1033=EDGE_LOOP('',(#6262,#6263,#6264,#6265));
#1034=EDGE_LOOP('',(#6266,#6267,#6268,#6269));
#1035=EDGE_LOOP('',(#6270,#6271,#6272,#6273));
#1036=EDGE_LOOP('',(#6274,#6275,#6276,#6277));
#1037=EDGE_LOOP('',(#6278,#6279,#6280,#6281));
#1038=EDGE_LOOP('',(#6282,#6283,#6284,#6285));
#1039=EDGE_LOOP('',(#6286,#6287,#6288,#6289));
#1040=EDGE_LOOP('',(#6290,#6291,#6292,#6293));
#1041=EDGE_LOOP('',(#6294,#6295,#6296,#6297));
#1042=EDGE_LOOP('',(#6298,#6299,#6300,#6301));
#1043=EDGE_LOOP('',(#6302,#6303,#6304,#6305,#6306,#6307,#6308,#6309,#6310,
#6311,#6312,#6313,#6314,#6315,#6316,#6317,#6318,#6319,#6320,#6321,#6322,
#6323,#6324,#6325,#6326,#6327,#6328,#6329,#6330,#6331,#6332,#6333,#6334,
#6335,#6336,#6337,#6338,#6339,#6340,#6341,#6342,#6343,#6344,#6345,#6346,
#6347));
#1044=EDGE_LOOP('',(#6348,#6349,#6350,#6351));
#1045=EDGE_LOOP('',(#6352,#6353,#6354,#6355));
#1046=EDGE_LOOP('',(#6356,#6357,#6358,#6359));
#1047=EDGE_LOOP('',(#6360,#6361,#6362,#6363));
#1048=EDGE_LOOP('',(#6364,#6365,#6366,#6367));
#1049=EDGE_LOOP('',(#6368,#6369,#6370,#6371));
#1050=EDGE_LOOP('',(#6372,#6373,#6374,#6375));
#1051=EDGE_LOOP('',(#6376,#6377,#6378,#6379));
#1052=EDGE_LOOP('',(#6380,#6381,#6382,#6383));
#1053=EDGE_LOOP('',(#6384,#6385,#6386,#6387));
#1054=EDGE_LOOP('',(#6388,#6389,#6390,#6391));
#1055=EDGE_LOOP('',(#6392,#6393,#6394,#6395));
#1056=EDGE_LOOP('',(#6396,#6397,#6398,#6399));
#1057=EDGE_LOOP('',(#6400,#6401,#6402,#6403));
#1058=EDGE_LOOP('',(#6404,#6405,#6406,#6407));
#1059=EDGE_LOOP('',(#6408,#6409,#6410,#6411));
#1060=EDGE_LOOP('',(#6412,#6413,#6414,#6415));
#1061=EDGE_LOOP('',(#6416,#6417,#6418,#6419));
#1062=EDGE_LOOP('',(#6420,#6421,#6422,#6423));
#1063=EDGE_LOOP('',(#6424,#6425,#6426));
#1064=EDGE_LOOP('',(#6427,#6428,#6429,#6430));
#1065=EDGE_LOOP('',(#6431,#6432,#6433,#6434));
#1066=EDGE_LOOP('',(#6435,#6436,#6437));
#1067=EDGE_LOOP('',(#6438,#6439,#6440,#6441));
#1068=EDGE_LOOP('',(#6442,#6443,#6444,#6445));
#1069=EDGE_LOOP('',(#6446,#6447,#6448));
#1070=EDGE_LOOP('',(#6449,#6450,#6451,#6452));
#1071=EDGE_LOOP('',(#6453,#6454,#6455,#6456));
#1072=EDGE_LOOP('',(#6457,#6458,#6459));
#1073=EDGE_LOOP('',(#6460,#6461,#6462,#6463));
#1074=EDGE_LOOP('',(#6464,#6465,#6466,#6467));
#1075=EDGE_LOOP('',(#6468,#6469,#6470,#6471));
#1076=EDGE_LOOP('',(#6472,#6473,#6474,#6475));
#1077=EDGE_LOOP('',(#6476,#6477,#6478,#6479));
#1078=EDGE_LOOP('',(#6480,#6481,#6482,#6483));
#1079=EDGE_LOOP('',(#6484,#6485,#6486,#6487));
#1080=EDGE_LOOP('',(#6488,#6489,#6490,#6491));
#1081=EDGE_LOOP('',(#6492,#6493,#6494,#6495));
#1082=EDGE_LOOP('',(#6496,#6497,#6498,#6499));
#1083=EDGE_LOOP('',(#6500,#6501,#6502,#6503));
#1084=EDGE_LOOP('',(#6504,#6505,#6506,#6507));
#1085=EDGE_LOOP('',(#6508,#6509,#6510,#6511));
#1086=EDGE_LOOP('',(#6512,#6513,#6514,#6515));
#1087=EDGE_LOOP('',(#6516,#6517,#6518,#6519));
#1088=EDGE_LOOP('',(#6520,#6521,#6522,#6523));
#1089=EDGE_LOOP('',(#6524,#6525,#6526,#6527));
#1090=EDGE_LOOP('',(#6528,#6529,#6530,#6531));
#1091=EDGE_LOOP('',(#6532,#6533,#6534,#6535));
#1092=EDGE_LOOP('',(#6536,#6537,#6538,#6539));
#1093=EDGE_LOOP('',(#6540,#6541,#6542,#6543));
#1094=EDGE_LOOP('',(#6544,#6545,#6546,#6547));
#1095=EDGE_LOOP('',(#6548,#6549,#6550,#6551));
#1096=EDGE_LOOP('',(#6552,#6553,#6554,#6555));
#1097=EDGE_LOOP('',(#6556,#6557,#6558,#6559));
#1098=EDGE_LOOP('',(#6560,#6561,#6562,#6563));
#1099=EDGE_LOOP('',(#6564,#6565,#6566,#6567));
#1100=EDGE_LOOP('',(#6568,#6569,#6570,#6571));
#1101=EDGE_LOOP('',(#6572,#6573,#6574,#6575));
#1102=EDGE_LOOP('',(#6576,#6577,#6578,#6579));
#1103=EDGE_LOOP('',(#6580,#6581,#6582,#6583));
#1104=EDGE_LOOP('',(#6584,#6585,#6586,#6587,#6588,#6589,#6590,#6591));
#1105=EDGE_LOOP('',(#6592,#6593,#6594,#6595));
#1106=EDGE_LOOP('',(#6596,#6597,#6598,#6599));
#1107=EDGE_LOOP('',(#6600,#6601,#6602,#6603));
#1108=EDGE_LOOP('',(#6604,#6605,#6606,#6607,#6608,#6609,#6610,#6611));
#1109=EDGE_LOOP('',(#6612,#6613,#6614,#6615,#6616,#6617,#6618,#6619));
#1110=EDGE_LOOP('',(#6620,#6621,#6622,#6623));
#1111=EDGE_LOOP('',(#6624,#6625,#6626));
#1112=EDGE_LOOP('',(#6627,#6628,#6629,#6630));
#1113=EDGE_LOOP('',(#6631,#6632,#6633));
#1114=EDGE_LOOP('',(#6634,#6635,#6636,#6637));
#1115=EDGE_LOOP('',(#6638,#6639,#6640,#6641));
#1116=EDGE_LOOP('',(#6642,#6643,#6644,#6645));
#1117=EDGE_LOOP('',(#6646,#6647,#6648,#6649,#6650,#6651));
#1118=EDGE_LOOP('',(#6652,#6653,#6654,#6655));
#1119=EDGE_LOOP('',(#6656,#6657,#6658));
#1120=EDGE_LOOP('',(#6659,#6660,#6661,#6662,#6663,#6664));
#1121=EDGE_LOOP('',(#6665,#6666,#6667,#6668));
#1122=EDGE_LOOP('',(#6669,#6670,#6671));
#1123=EDGE_LOOP('',(#6672,#6673,#6674,#6675));
#1124=EDGE_LOOP('',(#6676,#6677,#6678,#6679));
#1125=EDGE_LOOP('',(#6680,#6681,#6682,#6683));
#1126=EDGE_LOOP('',(#6684,#6685,#6686,#6687));
#1127=EDGE_LOOP('',(#6688,#6689,#6690,#6691));
#1128=EDGE_LOOP('',(#6692,#6693,#6694,#6695));
#1129=EDGE_LOOP('',(#6696,#6697,#6698,#6699));
#1130=EDGE_LOOP('',(#6700,#6701,#6702,#6703,#6704,#6705,#6706,#6707,#6708,
#6709,#6710,#6711,#6712,#6713,#6714,#6715,#6716,#6717,#6718));
#1131=EDGE_LOOP('',(#6719,#6720,#6721,#6722,#6723,#6724,#6725,#6726,#6727,
#6728));
#1132=EDGE_LOOP('',(#6729,#6730,#6731,#6732,#6733,#6734,#6735,#6736,#6737,
#6738));
#1133=EDGE_LOOP('',(#6739,#6740,#6741,#6742,#6743,#6744,#6745,#6746,#6747,
#6748));
#1134=EDGE_LOOP('',(#6749,#6750,#6751,#6752,#6753,#6754,#6755,#6756,#6757,
#6758));
#1135=EDGE_LOOP('',(#6759,#6760,#6761,#6762));
#1136=EDGE_LOOP('',(#6763,#6764,#6765,#6766));
#1137=EDGE_LOOP('',(#6767,#6768,#6769,#6770));
#1138=EDGE_LOOP('',(#6771,#6772,#6773,#6774));
#1139=EDGE_LOOP('',(#6775,#6776,#6777,#6778));
#1140=EDGE_LOOP('',(#6779,#6780,#6781,#6782));
#1141=EDGE_LOOP('',(#6783,#6784,#6785,#6786));
#1142=EDGE_LOOP('',(#6787,#6788,#6789,#6790));
#1143=EDGE_LOOP('',(#6791,#6792,#6793,#6794));
#1144=EDGE_LOOP('',(#6795,#6796,#6797,#6798));
#1145=EDGE_LOOP('',(#6799,#6800,#6801,#6802,#6803,#6804,#6805,#6806,#6807,
#6808));
#1146=EDGE_LOOP('',(#6809,#6810,#6811,#6812));
#1147=EDGE_LOOP('',(#6813,#6814,#6815,#6816));
#1148=EDGE_LOOP('',(#6817,#6818,#6819,#6820));
#1149=EDGE_LOOP('',(#6821,#6822,#6823,#6824));
#1150=EDGE_LOOP('',(#6825,#6826,#6827,#6828));
#1151=EDGE_LOOP('',(#6829,#6830,#6831,#6832));
#1152=EDGE_LOOP('',(#6833,#6834,#6835,#6836));
#1153=EDGE_LOOP('',(#6837,#6838,#6839,#6840));
#1154=EDGE_LOOP('',(#6841,#6842,#6843,#6844));
#1155=EDGE_LOOP('',(#6845,#6846,#6847,#6848));
#1156=EDGE_LOOP('',(#6849,#6850,#6851,#6852,#6853,#6854,#6855,#6856,#6857,
#6858));
#1157=EDGE_LOOP('',(#6859,#6860,#6861,#6862));
#1158=EDGE_LOOP('',(#6863,#6864,#6865,#6866));
#1159=EDGE_LOOP('',(#6867,#6868,#6869,#6870));
#1160=EDGE_LOOP('',(#6871,#6872,#6873,#6874));
#1161=EDGE_LOOP('',(#6875,#6876,#6877,#6878));
#1162=EDGE_LOOP('',(#6879,#6880,#6881,#6882));
#1163=EDGE_LOOP('',(#6883,#6884,#6885,#6886));
#1164=EDGE_LOOP('',(#6887,#6888,#6889,#6890));
#1165=EDGE_LOOP('',(#6891,#6892,#6893,#6894));
#1166=EDGE_LOOP('',(#6895,#6896,#6897,#6898));
#1167=EDGE_LOOP('',(#6899,#6900,#6901,#6902));
#1168=EDGE_LOOP('',(#6903,#6904,#6905,#6906));
#1169=EDGE_LOOP('',(#6907,#6908,#6909,#6910));
#1170=EDGE_LOOP('',(#6911,#6912,#6913,#6914));
#1171=EDGE_LOOP('',(#6915,#6916,#6917,#6918));
#1172=EDGE_LOOP('',(#6919,#6920,#6921,#6922));
#1173=EDGE_LOOP('',(#6923,#6924,#6925,#6926));
#1174=EDGE_LOOP('',(#6927,#6928,#6929,#6930));
#1175=EDGE_LOOP('',(#6931,#6932,#6933,#6934,#6935,#6936,#6937,#6938,#6939,
#6940));
#1176=EDGE_LOOP('',(#6941,#6942,#6943,#6944,#6945,#6946,#6947,#6948));
#1177=EDGE_LOOP('',(#6949,#6950,#6951,#6952));
#1178=EDGE_LOOP('',(#6953,#6954,#6955,#6956));
#1179=EDGE_LOOP('',(#6957,#6958,#6959,#6960));
#1180=EDGE_LOOP('',(#6961,#6962,#6963,#6964));
#1181=EDGE_LOOP('',(#6965,#6966,#6967,#6968));
#1182=EDGE_LOOP('',(#6969,#6970,#6971,#6972));
#1183=EDGE_LOOP('',(#6973,#6974,#6975,#6976));
#1184=EDGE_LOOP('',(#6977,#6978,#6979,#6980));
#1185=EDGE_LOOP('',(#6981,#6982,#6983,#6984));
#1186=EDGE_LOOP('',(#6985,#6986,#6987,#6988));
#1187=EDGE_LOOP('',(#6989,#6990,#6991,#6992,#6993,#6994,#6995,#6996,#6997,
#6998));
#1188=EDGE_LOOP('',(#6999,#7000,#7001,#7002,#7003));
#1189=EDGE_LOOP('',(#7004,#7005,#7006,#7007));
#1190=EDGE_LOOP('',(#7008,#7009,#7010,#7011));
#1191=EDGE_LOOP('',(#7012,#7013,#7014,#7015));
#1192=EDGE_LOOP('',(#7016,#7017,#7018,#7019));
#1193=EDGE_LOOP('',(#7020,#7021,#7022,#7023));
#1194=EDGE_LOOP('',(#7024,#7025,#7026,#7027));
#1195=EDGE_LOOP('',(#7028,#7029,#7030,#7031));
#1196=EDGE_LOOP('',(#7032,#7033,#7034,#7035));
#1197=EDGE_LOOP('',(#7036,#7037,#7038,#7039));
#1198=EDGE_LOOP('',(#7040,#7041,#7042,#7043));
#1199=EDGE_LOOP('',(#7044,#7045,#7046,#7047));
#1200=EDGE_LOOP('',(#7048,#7049,#7050,#7051));
#1201=EDGE_LOOP('',(#7052,#7053,#7054,#7055));
#1202=EDGE_LOOP('',(#7056,#7057,#7058,#7059));
#1203=EDGE_LOOP('',(#7060,#7061,#7062,#7063));
#1204=EDGE_LOOP('',(#7064,#7065,#7066,#7067));
#1205=EDGE_LOOP('',(#7068,#7069,#7070,#7071,#7072));
#1206=EDGE_LOOP('',(#7073,#7074,#7075,#7076,#7077,#7078,#7079,#7080,#7081,
#7082));
#1207=EDGE_LOOP('',(#7083,#7084,#7085,#7086,#7087,#7088,#7089,#7090));
#1208=EDGE_LOOP('',(#7091,#7092,#7093,#7094,#7095,#7096,#7097));
#1209=EDGE_LOOP('',(#7098,#7099,#7100,#7101,#7102,#7103,#7104,#7105));
#1210=EDGE_LOOP('',(#7106,#7107,#7108,#7109,#7110,#7111));
#1211=EDGE_LOOP('',(#7112,#7113,#7114,#7115));
#1212=EDGE_LOOP('',(#7116,#7117,#7118,#7119,#7120));
#1213=EDGE_LOOP('',(#7121,#7122,#7123));
#1214=EDGE_LOOP('',(#7124,#7125,#7126,#7127,#7128,#7129));
#1215=EDGE_LOOP('',(#7130,#7131,#7132));
#1216=EDGE_LOOP('',(#7133,#7134,#7135));
#1217=EDGE_LOOP('',(#7136,#7137,#7138,#7139,#7140));
#1218=EDGE_LOOP('',(#7141,#7142,#7143,#7144));
#1219=EDGE_LOOP('',(#7145,#7146,#7147,#7148,#7149,#7150));
#1220=EDGE_LOOP('',(#7151,#7152,#7153,#7154,#7155,#7156));
#1221=EDGE_LOOP('',(#7157,#7158,#7159,#7160));
#1222=EDGE_LOOP('',(#7161,#7162,#7163,#7164));
#1223=EDGE_LOOP('',(#7165,#7166,#7167,#7168));
#1224=EDGE_LOOP('',(#7169,#7170,#7171,#7172));
#1225=EDGE_LOOP('',(#7173,#7174,#7175,#7176));
#1226=EDGE_LOOP('',(#7177,#7178,#7179,#7180,#7181,#7182,#7183,#7184,#7185,
#7186,#7187,#7188,#7189,#7190,#7191,#7192,#7193,#7194,#7195,#7196,#7197,
#7198,#7199,#7200,#7201,#7202,#7203,#7204,#7205,#7206,#7207,#7208,#7209,
#7210,#7211,#7212,#7213,#7214,#7215,#7216,#7217,#7218,#7219,#7220,#7221,
#7222,#7223,#7224,#7225,#7226,#7227,#7228,#7229,#7230,#7231,#7232,#7233,
#7234,#7235,#7236,#7237,#7238,#7239,#7240,#7241,#7242,#7243,#7244,#7245,
#7246,#7247,#7248,#7249,#7250,#7251,#7252,#7253,#7254,#7255,#7256,#7257,
#7258,#7259));
#1227=EDGE_LOOP('',(#7260,#7261,#7262,#7263));
#1228=EDGE_LOOP('',(#7264,#7265,#7266,#7267,#7268,#7269,#7270,#7271,#7272,
#7273,#7274,#7275,#7276,#7277,#7278,#7279,#7280));
#1229=EDGE_LOOP('',(#7281,#7282,#7283,#7284,#7285,#7286,#7287,#7288,#7289,
#7290,#7291,#7292,#7293,#7294,#7295,#7296,#7297,#7298,#7299,#7300,#7301,
#7302,#7303,#7304,#7305,#7306,#7307,#7308,#7309,#7310,#7311,#7312,#7313,
#7314,#7315,#7316,#7317,#7318,#7319,#7320,#7321,#7322,#7323,#7324,#7325,
#7326,#7327,#7328,#7329,#7330,#7331,#7332));
#1230=EDGE_LOOP('',(#7333,#7334,#7335));
#1231=EDGE_LOOP('',(#7336,#7337,#7338,#7339,#7340,#7341,#7342,#7343,#7344,
#7345,#7346,#7347,#7348,#7349,#7350));
#1232=EDGE_LOOP('',(#7351,#7352,#7353,#7354,#7355));
#1233=EDGE_LOOP('',(#7356,#7357,#7358,#7359));
#1234=EDGE_LOOP('',(#7360,#7361,#7362,#7363));
#1235=EDGE_LOOP('',(#7364,#7365,#7366,#7367));
#1236=EDGE_LOOP('',(#7368,#7369,#7370,#7371));
#1237=EDGE_LOOP('',(#7372,#7373,#7374,#7375,#7376));
#1238=EDGE_LOOP('',(#7377,#7378,#7379,#7380));
#1239=EDGE_LOOP('',(#7381,#7382,#7383,#7384));
#1240=EDGE_LOOP('',(#7385,#7386,#7387,#7388));
#1241=EDGE_LOOP('',(#7389,#7390,#7391,#7392,#7393,#7394));
#1242=EDGE_LOOP('',(#7395,#7396,#7397,#7398));
#1243=EDGE_LOOP('',(#7399,#7400,#7401,#7402));
#1244=EDGE_LOOP('',(#7403,#7404,#7405,#7406,#7407,#7408,#7409,#7410));
#1245=EDGE_LOOP('',(#7411,#7412,#7413,#7414,#7415,#7416));
#1246=EDGE_LOOP('',(#7417,#7418,#7419,#7420,#7421,#7422));
#1247=EDGE_LOOP('',(#7423,#7424,#7425,#7426,#7427,#7428,#7429,#7430));
#1248=EDGE_LOOP('',(#7431,#7432,#7433,#7434,#7435,#7436,#7437,#7438,#7439,
#7440,#7441,#7442));
#1249=EDGE_LOOP('',(#7443,#7444,#7445,#7446));
#1250=EDGE_LOOP('',(#7447,#7448,#7449,#7450));
#1251=EDGE_LOOP('',(#7451,#7452,#7453,#7454));
#1252=EDGE_LOOP('',(#7455,#7456,#7457,#7458,#7459,#7460,#7461,#7462));
#1253=EDGE_LOOP('',(#7463,#7464,#7465,#7466,#7467));
#1254=EDGE_LOOP('',(#7468,#7469,#7470,#7471));
#1255=EDGE_LOOP('',(#7472,#7473,#7474,#7475));
#1256=EDGE_LOOP('',(#7476,#7477,#7478,#7479));
#1257=EDGE_LOOP('',(#7480,#7481,#7482,#7483));
#1258=EDGE_LOOP('',(#7484,#7485,#7486,#7487));
#1259=EDGE_LOOP('',(#7488,#7489,#7490,#7491));
#1260=EDGE_LOOP('',(#7492,#7493,#7494,#7495));
#1261=EDGE_LOOP('',(#7496,#7497,#7498,#7499));
#1262=EDGE_LOOP('',(#7500,#7501,#7502,#7503));
#1263=EDGE_LOOP('',(#7504,#7505,#7506,#7507));
#1264=EDGE_LOOP('',(#7508,#7509,#7510,#7511));
#1265=EDGE_LOOP('',(#7512,#7513,#7514,#7515));
#1266=EDGE_LOOP('',(#7516,#7517,#7518,#7519));
#1267=EDGE_LOOP('',(#7520,#7521,#7522,#7523));
#1268=EDGE_LOOP('',(#7524,#7525,#7526,#7527));
#1269=EDGE_LOOP('',(#7528,#7529,#7530,#7531));
#1270=EDGE_LOOP('',(#7532,#7533,#7534,#7535));
#1271=EDGE_LOOP('',(#7536,#7537,#7538,#7539));
#1272=EDGE_LOOP('',(#7540,#7541,#7542,#7543));
#1273=EDGE_LOOP('',(#7544,#7545,#7546,#7547));
#1274=EDGE_LOOP('',(#7548,#7549,#7550,#7551));
#1275=EDGE_LOOP('',(#7552,#7553,#7554,#7555));
#1276=EDGE_LOOP('',(#7556,#7557,#7558,#7559));
#1277=EDGE_LOOP('',(#7560,#7561,#7562,#7563));
#1278=EDGE_LOOP('',(#7564,#7565,#7566,#7567));
#1279=EDGE_LOOP('',(#7568,#7569,#7570,#7571));
#1280=EDGE_LOOP('',(#7572,#7573,#7574,#7575));
#1281=EDGE_LOOP('',(#7576,#7577,#7578,#7579));
#1282=EDGE_LOOP('',(#7580,#7581,#7582,#7583));
#1283=EDGE_LOOP('',(#7584,#7585,#7586,#7587));
#1284=EDGE_LOOP('',(#7588,#7589,#7590,#7591));
#1285=EDGE_LOOP('',(#7592,#7593,#7594,#7595));
#1286=EDGE_LOOP('',(#7596,#7597,#7598,#7599));
#1287=EDGE_LOOP('',(#7600,#7601,#7602,#7603));
#1288=EDGE_LOOP('',(#7604,#7605,#7606,#7607));
#1289=EDGE_LOOP('',(#7608,#7609,#7610,#7611));
#1290=EDGE_LOOP('',(#7612,#7613,#7614,#7615));
#1291=EDGE_LOOP('',(#7616,#7617,#7618,#7619));
#1292=EDGE_LOOP('',(#7620,#7621,#7622,#7623));
#1293=EDGE_LOOP('',(#7624,#7625,#7626,#7627));
#1294=EDGE_LOOP('',(#7628,#7629,#7630,#7631));
#1295=EDGE_LOOP('',(#7632,#7633,#7634,#7635));
#1296=EDGE_LOOP('',(#7636,#7637,#7638,#7639));
#1297=EDGE_LOOP('',(#7640,#7641,#7642,#7643));
#1298=EDGE_LOOP('',(#7644,#7645,#7646,#7647));
#1299=EDGE_LOOP('',(#7648,#7649,#7650,#7651));
#1300=EDGE_LOOP('',(#7652,#7653,#7654,#7655));
#1301=EDGE_LOOP('',(#7656,#7657,#7658,#7659));
#1302=EDGE_LOOP('',(#7660,#7661,#7662,#7663));
#1303=EDGE_LOOP('',(#7664,#7665,#7666,#7667));
#1304=EDGE_LOOP('',(#7668,#7669,#7670,#7671));
#1305=EDGE_LOOP('',(#7672,#7673,#7674,#7675));
#1306=EDGE_LOOP('',(#7676,#7677,#7678,#7679));
#1307=EDGE_LOOP('',(#7680,#7681,#7682,#7683));
#1308=EDGE_LOOP('',(#7684,#7685,#7686,#7687,#7688,#7689));
#1309=EDGE_LOOP('',(#7690,#7691,#7692,#7693));
#1310=EDGE_LOOP('',(#7694,#7695,#7696,#7697));
#1311=EDGE_LOOP('',(#7698,#7699,#7700,#7701,#7702,#7703,#7704,#7705));
#1312=EDGE_LOOP('',(#7706,#7707,#7708));
#1313=EDGE_LOOP('',(#7709));
#1314=EDGE_LOOP('',(#7710,#7711,#7712,#7713));
#1315=EDGE_LOOP('',(#7714,#7715,#7716,#7717));
#1316=EDGE_LOOP('',(#7718,#7719,#7720));
#1317=EDGE_LOOP('',(#7721));
#1318=EDGE_LOOP('',(#7722,#7723,#7724,#7725,#7726,#7727,#7728,#7729));
#1319=EDGE_LOOP('',(#7730,#7731,#7732,#7733));
#1320=EDGE_LOOP('',(#7734,#7735,#7736,#7737));
#1321=EDGE_LOOP('',(#7738,#7739,#7740));
#1322=EDGE_LOOP('',(#7741));
#1323=EDGE_LOOP('',(#7742,#7743,#7744,#7745));
#1324=EDGE_LOOP('',(#7746,#7747,#7748,#7749));
#1325=EDGE_LOOP('',(#7750,#7751,#7752));
#1326=EDGE_LOOP('',(#7753));
#1327=EDGE_LOOP('',(#7754,#7755,#7756,#7757));
#1328=EDGE_LOOP('',(#7758,#7759,#7760,#7761,#7762,#7763));
#1329=EDGE_LOOP('',(#7764,#7765,#7766,#7767));
#1330=EDGE_LOOP('',(#7768,#7769,#7770,#7771));
#1331=EDGE_LOOP('',(#7772));
#1332=EDGE_LOOP('',(#7773,#7774,#7775,#7776));
#1333=EDGE_LOOP('',(#7777));
#1334=EDGE_LOOP('',(#7778));
#1335=EDGE_LOOP('',(#7779,#7780,#7781,#7782));
#1336=EDGE_LOOP('',(#7783));
#1337=EDGE_LOOP('',(#7784,#7785,#7786,#7787,#7788,#7789));
#1338=EDGE_LOOP('',(#7790,#7791,#7792,#7793));
#1339=EDGE_LOOP('',(#7794,#7795,#7796,#7797));
#1340=EDGE_LOOP('',(#7798,#7799,#7800,#7801,#7802,#7803,#7804,#7805));
#1341=LINE('',#11476,#2141);
#1342=LINE('',#11479,#2142);
#1343=LINE('',#11482,#2143);
#1344=LINE('',#11484,#2144);
#1345=LINE('',#11485,#2145);
#1346=LINE('',#11491,#2146);
#1347=LINE('',#11494,#2147);
#1348=LINE('',#11497,#2148);
#1349=LINE('',#11499,#2149);
#1350=LINE('',#11500,#2150);
#1351=LINE('',#11502,#2151);
#1352=LINE('',#11504,#2152);
#1353=LINE('',#11508,#2153);
#1354=LINE('',#11511,#2154);
#1355=LINE('',#11513,#2155);
#1356=LINE('',#11519,#2156);
#1357=LINE('',#11522,#2157);
#1358=LINE('',#11525,#2158);
#1359=LINE('',#11527,#2159);
#1360=LINE('',#11528,#2160);
#1361=LINE('',#11534,#2161);
#1362=LINE('',#11537,#2162);
#1363=LINE('',#11540,#2163);
#1364=LINE('',#11542,#2164);
#1365=LINE('',#11543,#2165);
#1366=LINE('',#11547,#2166);
#1367=LINE('',#11548,#2167);
#1368=LINE('',#11552,#2168);
#1369=LINE('',#11554,#2169);
#1370=LINE('',#11556,#2170);
#1371=LINE('',#11560,#2171);
#1372=LINE('',#11564,#2172);
#1373=LINE('',#11568,#2173);
#1374=LINE('',#11570,#2174);
#1375=LINE('',#11571,#2175);
#1376=LINE('',#11574,#2176);
#1377=LINE('',#11576,#2177);
#1378=LINE('',#11577,#2178);
#1379=LINE('',#11581,#2179);
#1380=LINE('',#11583,#2180);
#1381=LINE('',#11585,#2181);
#1382=LINE('',#11587,#2182);
#1383=LINE('',#11591,#2183);
#1384=LINE('',#11595,#2184);
#1385=LINE('',#11597,#2185);
#1386=LINE('',#11599,#2186);
#1387=LINE('',#11601,#2187);
#1388=LINE('',#11603,#2188);
#1389=LINE('',#11607,#2189);
#1390=LINE('',#11610,#2190);
#1391=LINE('',#11614,#2191);
#1392=LINE('',#11618,#2192);
#1393=LINE('',#11622,#2193);
#1394=LINE('',#11626,#2194);
#1395=LINE('',#11630,#2195);
#1396=LINE('',#11634,#2196);
#1397=LINE('',#11638,#2197);
#1398=LINE('',#11642,#2198);
#1399=LINE('',#11646,#2199);
#1400=LINE('',#11650,#2200);
#1401=LINE('',#11656,#2201);
#1402=LINE('',#11658,#2202);
#1403=LINE('',#11664,#2203);
#1404=LINE('',#11668,#2204);
#1405=LINE('',#11672,#2205);
#1406=LINE('',#11676,#2206);
#1407=LINE('',#11680,#2207);
#1408=LINE('',#11684,#2208);
#1409=LINE('',#11688,#2209);
#1410=LINE('',#11692,#2210);
#1411=LINE('',#11698,#2211);
#1412=LINE('',#11702,#2212);
#1413=LINE('',#11706,#2213);
#1414=LINE('',#11710,#2214);
#1415=LINE('',#11714,#2215);
#1416=LINE('',#11718,#2216);
#1417=LINE('',#11722,#2217);
#1418=LINE('',#11726,#2218);
#1419=LINE('',#11730,#2219);
#1420=LINE('',#11736,#2220);
#1421=LINE('',#11738,#2221);
#1422=LINE('',#11744,#2222);
#1423=LINE('',#11748,#2223);
#1424=LINE('',#11752,#2224);
#1425=LINE('',#11756,#2225);
#1426=LINE('',#11760,#2226);
#1427=LINE('',#11764,#2227);
#1428=LINE('',#11768,#2228);
#1429=LINE('',#11772,#2229);
#1430=LINE('',#11776,#2230);
#1431=LINE('',#11780,#2231);
#1432=LINE('',#11783,#2232);
#1433=LINE('',#11788,#2233);
#1434=LINE('',#11792,#2234);
#1435=LINE('',#11796,#2235);
#1436=LINE('',#11800,#2236);
#1437=LINE('',#11804,#2237);
#1438=LINE('',#11808,#2238);
#1439=LINE('',#11812,#2239);
#1440=LINE('',#11816,#2240);
#1441=LINE('',#11820,#2241);
#1442=LINE('',#11826,#2242);
#1443=LINE('',#11828,#2243);
#1444=LINE('',#11834,#2244);
#1445=LINE('',#11838,#2245);
#1446=LINE('',#11842,#2246);
#1447=LINE('',#11846,#2247);
#1448=LINE('',#11850,#2248);
#1449=LINE('',#11854,#2249);
#1450=LINE('',#11858,#2250);
#1451=LINE('',#11862,#2251);
#1452=LINE('',#11866,#2252);
#1453=LINE('',#11870,#2253);
#1454=LINE('',#11873,#2254);
#1455=LINE('',#11878,#2255);
#1456=LINE('',#11882,#2256);
#1457=LINE('',#11886,#2257);
#1458=LINE('',#11890,#2258);
#1459=LINE('',#11894,#2259);
#1460=LINE('',#11898,#2260);
#1461=LINE('',#11902,#2261);
#1462=LINE('',#11906,#2262);
#1463=LINE('',#11910,#2263);
#1464=LINE('',#11914,#2264);
#1465=LINE('',#11918,#2265);
#1466=LINE('',#11924,#2266);
#1467=LINE('',#11926,#2267);
#1468=LINE('',#11932,#2268);
#1469=LINE('',#11936,#2269);
#1470=LINE('',#11940,#2270);
#1471=LINE('',#11944,#2271);
#1472=LINE('',#11948,#2272);
#1473=LINE('',#11952,#2273);
#1474=LINE('',#11956,#2274);
#1475=LINE('',#11960,#2275);
#1476=LINE('',#11963,#2276);
#1477=LINE('',#11966,#2277);
#1478=LINE('',#11968,#2278);
#1479=LINE('',#11970,#2279);
#1480=LINE('',#11971,#2280);
#1481=LINE('',#11974,#2281);
#1482=LINE('',#11977,#2282);
#1483=LINE('',#11980,#2283);
#1484=LINE('',#11981,#2284);
#1485=LINE('',#11984,#2285);
#1486=LINE('',#11985,#2286);
#1487=LINE('',#11988,#2287);
#1488=LINE('',#11991,#2288);
#1489=LINE('',#11994,#2289);
#1490=LINE('',#11995,#2290);
#1491=LINE('',#11998,#2291);
#1492=LINE('',#12001,#2292);
#1493=LINE('',#12003,#2293);
#1494=LINE('',#12006,#2294);
#1495=LINE('',#12007,#2295);
#1496=LINE('',#12010,#2296);
#1497=LINE('',#12014,#2297);
#1498=LINE('',#12018,#2298);
#1499=LINE('',#12019,#2299);
#1500=LINE('',#12023,#2300);
#1501=LINE('',#12026,#2301);
#1502=LINE('',#12027,#2302);
#1503=LINE('',#12034,#2303);
#1504=LINE('',#12037,#2304);
#1505=LINE('',#12053,#2305);
#1506=LINE('',#12055,#2306);
#1507=LINE('',#12058,#2307);
#1508=LINE('',#12060,#2308);
#1509=LINE('',#12064,#2309);
#1510=LINE('',#12070,#2310);
#1511=LINE('',#12074,#2311);
#1512=LINE('',#12078,#2312);
#1513=LINE('',#12082,#2313);
#1514=LINE('',#12086,#2314);
#1515=LINE('',#12090,#2315);
#1516=LINE('',#12094,#2316);
#1517=LINE('',#12098,#2317);
#1518=LINE('',#12101,#2318);
#1519=LINE('',#12103,#2319);
#1520=LINE('',#12106,#2320);
#1521=LINE('',#12108,#2321);
#1522=LINE('',#12109,#2322);
#1523=LINE('',#12111,#2323);
#1524=LINE('',#12113,#2324);
#1525=LINE('',#12114,#2325);
#1526=LINE('',#12116,#2326);
#1527=LINE('',#12118,#2327);
#1528=LINE('',#12120,#2328);
#1529=LINE('',#12122,#2329);
#1530=LINE('',#12124,#2330);
#1531=LINE('',#12126,#2331);
#1532=LINE('',#12127,#2332);
#1533=LINE('',#12129,#2333);
#1534=LINE('',#12131,#2334);
#1535=LINE('',#12133,#2335);
#1536=LINE('',#12135,#2336);
#1537=LINE('',#12137,#2337);
#1538=LINE('',#12140,#2338);
#1539=LINE('',#12145,#2339);
#1540=LINE('',#12148,#2340);
#1541=LINE('',#12151,#2341);
#1542=LINE('',#12152,#2342);
#1543=LINE('',#12155,#2343);
#1544=LINE('',#12158,#2344);
#1545=LINE('',#12161,#2345);
#1546=LINE('',#12162,#2346);
#1547=LINE('',#12165,#2347);
#1548=LINE('',#12166,#2348);
#1549=LINE('',#12169,#2349);
#1550=LINE('',#12171,#2350);
#1551=LINE('',#12175,#2351);
#1552=LINE('',#12179,#2352);
#1553=LINE('',#12183,#2353);
#1554=LINE('',#12187,#2354);
#1555=LINE('',#12191,#2355);
#1556=LINE('',#12195,#2356);
#1557=LINE('',#12199,#2357);
#1558=LINE('',#12203,#2358);
#1559=LINE('',#12207,#2359);
#1560=LINE('',#12211,#2360);
#1561=LINE('',#12215,#2361);
#1562=LINE('',#12221,#2362);
#1563=LINE('',#12225,#2363);
#1564=LINE('',#12231,#2364);
#1565=LINE('',#12236,#2365);
#1566=LINE('',#12240,#2366);
#1567=LINE('',#12243,#2367);
#1568=LINE('',#12245,#2368);
#1569=LINE('',#12249,#2369);
#1570=LINE('',#12252,#2370);
#1571=LINE('',#12254,#2371);
#1572=LINE('',#12256,#2372);
#1573=LINE('',#12258,#2373);
#1574=LINE('',#12260,#2374);
#1575=LINE('',#12262,#2375);
#1576=LINE('',#12264,#2376);
#1577=LINE('',#12266,#2377);
#1578=LINE('',#12268,#2378);
#1579=LINE('',#12270,#2379);
#1580=LINE('',#12274,#2380);
#1581=LINE('',#12287,#2381);
#1582=LINE('',#12288,#2382);
#1583=LINE('',#12290,#2383);
#1584=LINE('',#12292,#2384);
#1585=LINE('',#12293,#2385);
#1586=LINE('',#12295,#2386);
#1587=LINE('',#12297,#2387);
#1588=LINE('',#12298,#2388);
#1589=LINE('',#12300,#2389);
#1590=LINE('',#12302,#2390);
#1591=LINE('',#12304,#2391);
#1592=LINE('',#12306,#2392);
#1593=LINE('',#12308,#2393);
#1594=LINE('',#12310,#2394);
#1595=LINE('',#12311,#2395);
#1596=LINE('',#12313,#2396);
#1597=LINE('',#12315,#2397);
#1598=LINE('',#12317,#2398);
#1599=LINE('',#12319,#2399);
#1600=LINE('',#12321,#2400);
#1601=LINE('',#12324,#2401);
#1602=LINE('',#12328,#2402);
#1603=LINE('',#12331,#2403);
#1604=LINE('',#12334,#2404);
#1605=LINE('',#12335,#2405);
#1606=LINE('',#12338,#2406);
#1607=LINE('',#12341,#2407);
#1608=LINE('',#12344,#2408);
#1609=LINE('',#12345,#2409);
#1610=LINE('',#12348,#2410);
#1611=LINE('',#12349,#2411);
#1612=LINE('',#12352,#2412);
#1613=LINE('',#12354,#2413);
#1614=LINE('',#12358,#2414);
#1615=LINE('',#12362,#2415);
#1616=LINE('',#12366,#2416);
#1617=LINE('',#12370,#2417);
#1618=LINE('',#12374,#2418);
#1619=LINE('',#12378,#2419);
#1620=LINE('',#12382,#2420);
#1621=LINE('',#12386,#2421);
#1622=LINE('',#12390,#2422);
#1623=LINE('',#12394,#2423);
#1624=LINE('',#12398,#2424);
#1625=LINE('',#12404,#2425);
#1626=LINE('',#12408,#2426);
#1627=LINE('',#12414,#2427);
#1628=LINE('',#12419,#2428);
#1629=LINE('',#12423,#2429);
#1630=LINE('',#12426,#2430);
#1631=LINE('',#12428,#2431);
#1632=LINE('',#12432,#2432);
#1633=LINE('',#12435,#2433);
#1634=LINE('',#12437,#2434);
#1635=LINE('',#12439,#2435);
#1636=LINE('',#12441,#2436);
#1637=LINE('',#12443,#2437);
#1638=LINE('',#12445,#2438);
#1639=LINE('',#12447,#2439);
#1640=LINE('',#12449,#2440);
#1641=LINE('',#12451,#2441);
#1642=LINE('',#12453,#2442);
#1643=LINE('',#12457,#2443);
#1644=LINE('',#12470,#2444);
#1645=LINE('',#12471,#2445);
#1646=LINE('',#12473,#2446);
#1647=LINE('',#12475,#2447);
#1648=LINE('',#12476,#2448);
#1649=LINE('',#12478,#2449);
#1650=LINE('',#12480,#2450);
#1651=LINE('',#12481,#2451);
#1652=LINE('',#12483,#2452);
#1653=LINE('',#12485,#2453);
#1654=LINE('',#12487,#2454);
#1655=LINE('',#12489,#2455);
#1656=LINE('',#12491,#2456);
#1657=LINE('',#12493,#2457);
#1658=LINE('',#12494,#2458);
#1659=LINE('',#12496,#2459);
#1660=LINE('',#12498,#2460);
#1661=LINE('',#12500,#2461);
#1662=LINE('',#12502,#2462);
#1663=LINE('',#12504,#2463);
#1664=LINE('',#12507,#2464);
#1665=LINE('',#12511,#2465);
#1666=LINE('',#12514,#2466);
#1667=LINE('',#12517,#2467);
#1668=LINE('',#12518,#2468);
#1669=LINE('',#12521,#2469);
#1670=LINE('',#12522,#2470);
#1671=LINE('',#12525,#2471);
#1672=LINE('',#12528,#2472);
#1673=LINE('',#12531,#2473);
#1674=LINE('',#12532,#2474);
#1675=LINE('',#12535,#2475);
#1676=LINE('',#12536,#2476);
#1677=LINE('',#12539,#2477);
#1678=LINE('',#12542,#2478);
#1679=LINE('',#12545,#2479);
#1680=LINE('',#12546,#2480);
#1681=LINE('',#12549,#2481);
#1682=LINE('',#12552,#2482);
#1683=LINE('',#12554,#2483);
#1684=LINE('',#12557,#2484);
#1685=LINE('',#12558,#2485);
#1686=LINE('',#12561,#2486);
#1687=LINE('',#12565,#2487);
#1688=LINE('',#12569,#2488);
#1689=LINE('',#12570,#2489);
#1690=LINE('',#12574,#2490);
#1691=LINE('',#12577,#2491);
#1692=LINE('',#12578,#2492);
#1693=LINE('',#12585,#2493);
#1694=LINE('',#12588,#2494);
#1695=LINE('',#12604,#2495);
#1696=LINE('',#12606,#2496);
#1697=LINE('',#12609,#2497);
#1698=LINE('',#12611,#2498);
#1699=LINE('',#12615,#2499);
#1700=LINE('',#12621,#2500);
#1701=LINE('',#12625,#2501);
#1702=LINE('',#12629,#2502);
#1703=LINE('',#12633,#2503);
#1704=LINE('',#12637,#2504);
#1705=LINE('',#12641,#2505);
#1706=LINE('',#12645,#2506);
#1707=LINE('',#12649,#2507);
#1708=LINE('',#12652,#2508);
#1709=LINE('',#12654,#2509);
#1710=LINE('',#12657,#2510);
#1711=LINE('',#12659,#2511);
#1712=LINE('',#12660,#2512);
#1713=LINE('',#12662,#2513);
#1714=LINE('',#12664,#2514);
#1715=LINE('',#12665,#2515);
#1716=LINE('',#12667,#2516);
#1717=LINE('',#12669,#2517);
#1718=LINE('',#12671,#2518);
#1719=LINE('',#12673,#2519);
#1720=LINE('',#12675,#2520);
#1721=LINE('',#12677,#2521);
#1722=LINE('',#12678,#2522);
#1723=LINE('',#12680,#2523);
#1724=LINE('',#12682,#2524);
#1725=LINE('',#12684,#2525);
#1726=LINE('',#12686,#2526);
#1727=LINE('',#12688,#2527);
#1728=LINE('',#12691,#2528);
#1729=LINE('',#12863,#2529);
#1730=LINE('',#12874,#2530);
#1731=LINE('',#12878,#2531);
#1732=LINE('',#12880,#2532);
#1733=LINE('',#12881,#2533);
#1734=LINE('',#12884,#2534);
#1735=LINE('',#12885,#2535);
#1736=LINE('',#12888,#2536);
#1737=LINE('',#12889,#2537);
#1738=LINE('',#12891,#2538);
#1739=LINE('',#12894,#2539);
#1740=LINE('',#12896,#2540);
#1741=LINE('',#12897,#2541);
#1742=LINE('',#12900,#2542);
#1743=LINE('',#12901,#2543);
#1744=LINE('',#12904,#2544);
#1745=LINE('',#12905,#2545);
#1746=LINE('',#12907,#2546);
#1747=LINE('',#12910,#2547);
#1748=LINE('',#12912,#2548);
#1749=LINE('',#12913,#2549);
#1750=LINE('',#12916,#2550);
#1751=LINE('',#12917,#2551);
#1752=LINE('',#12920,#2552);
#1753=LINE('',#12921,#2553);
#1754=LINE('',#12923,#2554);
#1755=LINE('',#12926,#2555);
#1756=LINE('',#12929,#2556);
#1757=LINE('',#12932,#2557);
#1758=LINE('',#12933,#2558);
#1759=LINE('',#12937,#2559);
#1760=LINE('',#12940,#2560);
#1761=LINE('',#12941,#2561);
#1762=LINE('',#12945,#2562);
#1763=LINE('',#12948,#2563);
#1764=LINE('',#12949,#2564);
#1765=LINE('',#12953,#2565);
#1766=LINE('',#12955,#2566);
#1767=LINE('',#12960,#2567);
#1768=LINE('',#12962,#2568);
#1769=LINE('',#12966,#2569);
#1770=LINE('',#12968,#2570);
#1771=LINE('',#12969,#2571);
#1772=LINE('',#12972,#2572);
#1773=LINE('',#12976,#2573);
#1774=LINE('',#12980,#2574);
#1775=LINE('',#12981,#2575);
#1776=LINE('',#12984,#2576);
#1777=LINE('',#12986,#2577);
#1778=LINE('',#12987,#2578);
#1779=LINE('',#12990,#2579);
#1780=LINE('',#12991,#2580);
#1781=LINE('',#12995,#2581);
#1782=LINE('',#12999,#2582);
#1783=LINE('',#13002,#2583);
#1784=LINE('',#13007,#2584);
#1785=LINE('',#13011,#2585);
#1786=LINE('',#13015,#2586);
#1787=LINE('',#13016,#2587);
#1788=LINE('',#13018,#2588);
#1789=LINE('',#13021,#2589);
#1790=LINE('',#13023,#2590);
#1791=LINE('',#13024,#2591);
#1792=LINE('',#13027,#2592);
#1793=LINE('',#13029,#2593);
#1794=LINE('',#13030,#2594);
#1795=LINE('',#13032,#2595);
#1796=LINE('',#13034,#2596);
#1797=LINE('',#13038,#2597);
#1798=LINE('',#13040,#2598);
#1799=LINE('',#13042,#2599);
#1800=LINE('',#13043,#2600);
#1801=LINE('',#13046,#2601);
#1802=LINE('',#13048,#2602);
#1803=LINE('',#13049,#2603);
#1804=LINE('',#13052,#2604);
#1805=LINE('',#13054,#2605);
#1806=LINE('',#13055,#2606);
#1807=LINE('',#13058,#2607);
#1808=LINE('',#13060,#2608);
#1809=LINE('',#13122,#2609);
#1810=LINE('',#13124,#2610);
#1811=LINE('',#13126,#2611);
#1812=LINE('',#13127,#2612);
#1813=LINE('',#13130,#2613);
#1814=LINE('',#13132,#2614);
#1815=LINE('',#13134,#2615);
#1816=LINE('',#13136,#2616);
#1817=LINE('',#13138,#2617);
#1818=LINE('',#13140,#2618);
#1819=LINE('',#13142,#2619);
#1820=LINE('',#13144,#2620);
#1821=LINE('',#13146,#2621);
#1822=LINE('',#13147,#2622);
#1823=LINE('',#13150,#2623);
#1824=LINE('',#13152,#2624);
#1825=LINE('',#13154,#2625);
#1826=LINE('',#13156,#2626);
#1827=LINE('',#13158,#2627);
#1828=LINE('',#13160,#2628);
#1829=LINE('',#13162,#2629);
#1830=LINE('',#13164,#2630);
#1831=LINE('',#13166,#2631);
#1832=LINE('',#13167,#2632);
#1833=LINE('',#13230,#2633);
#1834=LINE('',#13232,#2634);
#1835=LINE('',#13234,#2635);
#1836=LINE('',#13236,#2636);
#1837=LINE('',#13238,#2637);
#1838=LINE('',#13240,#2638);
#1839=LINE('',#13242,#2639);
#1840=LINE('',#13244,#2640);
#1841=LINE('',#13246,#2641);
#1842=LINE('',#13247,#2642);
#1843=LINE('',#13250,#2643);
#1844=LINE('',#13252,#2644);
#1845=LINE('',#13253,#2645);
#1846=LINE('',#13256,#2646);
#1847=LINE('',#13257,#2647);
#1848=LINE('',#13260,#2648);
#1849=LINE('',#13261,#2649);
#1850=LINE('',#13264,#2650);
#1851=LINE('',#13265,#2651);
#1852=LINE('',#13268,#2652);
#1853=LINE('',#13269,#2653);
#1854=LINE('',#13272,#2654);
#1855=LINE('',#13273,#2655);
#1856=LINE('',#13276,#2656);
#1857=LINE('',#13277,#2657);
#1858=LINE('',#13280,#2658);
#1859=LINE('',#13281,#2659);
#1860=LINE('',#13284,#2660);
#1861=LINE('',#13285,#2661);
#1862=LINE('',#13287,#2662);
#1863=LINE('',#13291,#2663);
#1864=LINE('',#13293,#2664);
#1865=LINE('',#13294,#2665);
#1866=LINE('',#13297,#2666);
#1867=LINE('',#13298,#2667);
#1868=LINE('',#13301,#2668);
#1869=LINE('',#13302,#2669);
#1870=LINE('',#13305,#2670);
#1871=LINE('',#13306,#2671);
#1872=LINE('',#13309,#2672);
#1873=LINE('',#13310,#2673);
#1874=LINE('',#13313,#2674);
#1875=LINE('',#13314,#2675);
#1876=LINE('',#13317,#2676);
#1877=LINE('',#13318,#2677);
#1878=LINE('',#13321,#2678);
#1879=LINE('',#13322,#2679);
#1880=LINE('',#13325,#2680);
#1881=LINE('',#13326,#2681);
#1882=LINE('',#13328,#2682);
#1883=LINE('',#13348,#2683);
#1884=LINE('',#13355,#2684);
#1885=LINE('',#13373,#2685);
#1886=LINE('',#13396,#2686);
#1887=LINE('',#13419,#2687);
#1888=LINE('',#13442,#2688);
#1889=LINE('',#13465,#2689);
#1890=LINE('',#13488,#2690);
#1891=LINE('',#13525,#2691);
#1892=LINE('',#13532,#2692);
#1893=LINE('',#13544,#2693);
#1894=LINE('',#13561,#2694);
#1895=LINE('',#13578,#2695);
#1896=LINE('',#13595,#2696);
#1897=LINE('',#13612,#2697);
#1898=LINE('',#13629,#2698);
#1899=LINE('',#13646,#2699);
#1900=LINE('',#13663,#2700);
#1901=LINE('',#13687,#2701);
#1902=LINE('',#13689,#2702);
#1903=LINE('',#13690,#2703);
#1904=LINE('',#13693,#2704);
#1905=LINE('',#13694,#2705);
#1906=LINE('',#13697,#2706);
#1907=LINE('',#13698,#2707);
#1908=LINE('',#13701,#2708);
#1909=LINE('',#13702,#2709);
#1910=LINE('',#13705,#2710);
#1911=LINE('',#13706,#2711);
#1912=LINE('',#13709,#2712);
#1913=LINE('',#13710,#2713);
#1914=LINE('',#13713,#2714);
#1915=LINE('',#13714,#2715);
#1916=LINE('',#13717,#2716);
#1917=LINE('',#13718,#2717);
#1918=LINE('',#13721,#2718);
#1919=LINE('',#13722,#2719);
#1920=LINE('',#13724,#2720);
#1921=LINE('',#13754,#2721);
#1922=LINE('',#13761,#2722);
#1923=LINE('',#13780,#2723);
#1924=LINE('',#13787,#2724);
#1925=LINE('',#13805,#2725);
#1926=LINE('',#13828,#2726);
#1927=LINE('',#13851,#2727);
#1928=LINE('',#13874,#2728);
#1929=LINE('',#13897,#2729);
#1930=LINE('',#13920,#2730);
#1931=LINE('',#13957,#2731);
#1932=LINE('',#13974,#2732);
#1933=LINE('',#13991,#2733);
#1934=LINE('',#14008,#2734);
#1935=LINE('',#14025,#2735);
#1936=LINE('',#14042,#2736);
#1937=LINE('',#14059,#2737);
#1938=LINE('',#14076,#2738);
#1939=LINE('',#14106,#2739);
#1940=LINE('',#14114,#2740);
#1941=LINE('',#14118,#2741);
#1942=LINE('',#14137,#2742);
#1943=LINE('',#14140,#2743);
#1944=LINE('',#14145,#2744);
#1945=LINE('',#14180,#2745);
#1946=LINE('',#14200,#2746);
#1947=LINE('',#14222,#2747);
#1948=LINE('',#14238,#2748);
#1949=LINE('',#14240,#2749);
#1950=LINE('',#14242,#2750);
#1951=LINE('',#14244,#2751);
#1952=LINE('',#14245,#2752);
#1953=LINE('',#14249,#2753);
#1954=LINE('',#14251,#2754);
#1955=LINE('',#14252,#2755);
#1956=LINE('',#14259,#2756);
#1957=LINE('',#14262,#2757);
#1958=LINE('',#14265,#2758);
#1959=LINE('',#14267,#2759);
#1960=LINE('',#14268,#2760);
#1961=LINE('',#14274,#2761);
#1962=LINE('',#14277,#2762);
#1963=LINE('',#14280,#2763);
#1964=LINE('',#14282,#2764);
#1965=LINE('',#14283,#2765);
#1966=LINE('',#14288,#2766);
#1967=LINE('',#14291,#2767);
#1968=LINE('',#14294,#2768);
#1969=LINE('',#14296,#2769);
#1970=LINE('',#14300,#2770);
#1971=LINE('',#14304,#2771);
#1972=LINE('',#14306,#2772);
#1973=LINE('',#14310,#2773);
#1974=LINE('',#14314,#2774);
#1975=LINE('',#14318,#2775);
#1976=LINE('',#14322,#2776);
#1977=LINE('',#14326,#2777);
#1978=LINE('',#14330,#2778);
#1979=LINE('',#14334,#2779);
#1980=LINE('',#14338,#2780);
#1981=LINE('',#14342,#2781);
#1982=LINE('',#14346,#2782);
#1983=LINE('',#14350,#2783);
#1984=LINE('',#14354,#2784);
#1985=LINE('',#14358,#2785);
#1986=LINE('',#14362,#2786);
#1987=LINE('',#14366,#2787);
#1988=LINE('',#14370,#2788);
#1989=LINE('',#14374,#2789);
#1990=LINE('',#14378,#2790);
#1991=LINE('',#14382,#2791);
#1992=LINE('',#14386,#2792);
#1993=LINE('',#14390,#2793);
#1994=LINE('',#14394,#2794);
#1995=LINE('',#14398,#2795);
#1996=LINE('',#14402,#2796);
#1997=LINE('',#14406,#2797);
#1998=LINE('',#14408,#2798);
#1999=LINE('',#14410,#2799);
#2000=LINE('',#14412,#2800);
#2001=LINE('',#14416,#2801);
#2002=LINE('',#14419,#2802);
#2003=LINE('',#14427,#2803);
#2004=LINE('',#14430,#2804);
#2005=LINE('',#14432,#2805);
#2006=LINE('',#14435,#2806);
#2007=LINE('',#14437,#2807);
#2008=LINE('',#14439,#2808);
#2009=LINE('',#14443,#2809);
#2010=LINE('',#14447,#2810);
#2011=LINE('',#14451,#2811);
#2012=LINE('',#14455,#2812);
#2013=LINE('',#14459,#2813);
#2014=LINE('',#14463,#2814);
#2015=LINE('',#14467,#2815);
#2016=LINE('',#14471,#2816);
#2017=LINE('',#14475,#2817);
#2018=LINE('',#14479,#2818);
#2019=LINE('',#14483,#2819);
#2020=LINE('',#14487,#2820);
#2021=LINE('',#14491,#2821);
#2022=LINE('',#14495,#2822);
#2023=LINE('',#14499,#2823);
#2024=LINE('',#14503,#2824);
#2025=LINE('',#14507,#2825);
#2026=LINE('',#14511,#2826);
#2027=LINE('',#14515,#2827);
#2028=LINE('',#14519,#2828);
#2029=LINE('',#14523,#2829);
#2030=LINE('',#14527,#2830);
#2031=LINE('',#14531,#2831);
#2032=LINE('',#14535,#2832);
#2033=LINE('',#14541,#2833);
#2034=LINE('',#14545,#2834);
#2035=LINE('',#14547,#2835);
#2036=LINE('',#14551,#2836);
#2037=LINE('',#14555,#2837);
#2038=LINE('',#14557,#2838);
#2039=LINE('',#14561,#2839);
#2040=LINE('',#14565,#2840);
#2041=LINE('',#14568,#2841);
#2042=LINE('',#14573,#2842);
#2043=LINE('',#14577,#2843);
#2044=LINE('',#14580,#2844);
#2045=LINE('',#14581,#2845);
#2046=LINE('',#14605,#2846);
#2047=LINE('',#14606,#2847);
#2048=LINE('',#14608,#2848);
#2049=LINE('',#14609,#2849);
#2050=LINE('',#14650,#2850);
#2051=LINE('',#14651,#2851);
#2052=LINE('',#14653,#2852);
#2053=LINE('',#14710,#2853);
#2054=LINE('',#14711,#2854);
#2055=LINE('',#14713,#2855);
#2056=LINE('',#14758,#2856);
#2057=LINE('',#14762,#2857);
#2058=LINE('',#14779,#2858);
#2059=LINE('',#14792,#2859);
#2060=LINE('',#14810,#2860);
#2061=LINE('',#14832,#2861);
#2062=LINE('',#14833,#2862);
#2063=LINE('',#14853,#2863);
#2064=LINE('',#14856,#2864);
#2065=LINE('',#14858,#2865);
#2066=LINE('',#14860,#2866);
#2067=LINE('',#14863,#2867);
#2068=LINE('',#14865,#2868);
#2069=LINE('',#14868,#2869);
#2070=LINE('',#14869,#2870);
#2071=LINE('',#14871,#2871);
#2072=LINE('',#14873,#2872);
#2073=LINE('',#14875,#2873);
#2074=LINE('',#14877,#2874);
#2075=LINE('',#14879,#2875);
#2076=LINE('',#14881,#2876);
#2077=LINE('',#14883,#2877);
#2078=LINE('',#14885,#2878);
#2079=LINE('',#14887,#2879);
#2080=LINE('',#14889,#2880);
#2081=LINE('',#14891,#2881);
#2082=LINE('',#14893,#2882);
#2083=LINE('',#14895,#2883);
#2084=LINE('',#14897,#2884);
#2085=LINE('',#14899,#2885);
#2086=LINE('',#14901,#2886);
#2087=LINE('',#14903,#2887);
#2088=LINE('',#14905,#2888);
#2089=LINE('',#14907,#2889);
#2090=LINE('',#14909,#2890);
#2091=LINE('',#14911,#2891);
#2092=LINE('',#14913,#2892);
#2093=LINE('',#14915,#2893);
#2094=LINE('',#14917,#2894);
#2095=LINE('',#14919,#2895);
#2096=LINE('',#14921,#2896);
#2097=LINE('',#14923,#2897);
#2098=LINE('',#14925,#2898);
#2099=LINE('',#14927,#2899);
#2100=LINE('',#14929,#2900);
#2101=LINE('',#14931,#2901);
#2102=LINE('',#14933,#2902);
#2103=LINE('',#14935,#2903);
#2104=LINE('',#14937,#2904);
#2105=LINE('',#14939,#2905);
#2106=LINE('',#14941,#2906);
#2107=LINE('',#14943,#2907);
#2108=LINE('',#14945,#2908);
#2109=LINE('',#14947,#2909);
#2110=LINE('',#14949,#2910);
#2111=LINE('',#14951,#2911);
#2112=LINE('',#14953,#2912);
#2113=LINE('',#14955,#2913);
#2114=LINE('',#14957,#2914);
#2115=LINE('',#14959,#2915);
#2116=LINE('',#14961,#2916);
#2117=LINE('',#14963,#2917);
#2118=LINE('',#14965,#2918);
#2119=LINE('',#14967,#2919);
#2120=LINE('',#14968,#2920);
#2121=LINE('',#14971,#2921);
#2122=LINE('',#14973,#2922);
#2123=LINE('',#14974,#2923);
#2124=LINE('',#14977,#2924);
#2125=LINE('',#14978,#2925);
#2126=LINE('',#14986,#2926);
#2127=LINE('',#14987,#2927);
#2128=LINE('',#14989,#2928);
#2129=LINE('',#14995,#2929);
#2130=LINE('',#14998,#2930);
#2131=LINE('',#15001,#2931);
#2132=LINE('',#15002,#2932);
#2133=LINE('',#15004,#2933);
#2134=LINE('',#15010,#2934);
#2135=LINE('',#15011,#2935);
#2136=LINE('',#15013,#2936);
#2137=LINE('',#15021,#2937);
#2138=LINE('',#15025,#2938);
#2139=LINE('',#15030,#2939);
#2140=LINE('',#15036,#2940);
#2141=VECTOR('',#9187,10.);
#2142=VECTOR('',#9190,10.);
#2143=VECTOR('',#9193,10.);
#2144=VECTOR('',#9194,10.);
#2145=VECTOR('',#9195,10.);
#2146=VECTOR('',#9200,10.);
#2147=VECTOR('',#9203,10.);
#2148=VECTOR('',#9206,10.);
#2149=VECTOR('',#9207,10.);
#2150=VECTOR('',#9208,10.);
#2151=VECTOR('',#9211,10.);
#2152=VECTOR('',#9212,10.);
#2153=VECTOR('',#9217,10.);
#2154=VECTOR('',#9222,10.);
#2155=VECTOR('',#9225,10.);
#2156=VECTOR('',#9230,10.);
#2157=VECTOR('',#9233,10.);
#2158=VECTOR('',#9236,10.);
#2159=VECTOR('',#9237,10.);
#2160=VECTOR('',#9238,10.);
#2161=VECTOR('',#9243,10.);
#2162=VECTOR('',#9246,10.);
#2163=VECTOR('',#9249,10.);
#2164=VECTOR('',#9250,10.);
#2165=VECTOR('',#9251,10.);
#2166=VECTOR('',#9256,10.);
#2167=VECTOR('',#9257,10.);
#2168=VECTOR('',#9262,10.);
#2169=VECTOR('',#9265,10.);
#2170=VECTOR('',#9268,10.);
#2171=VECTOR('',#9271,10.);
#2172=VECTOR('',#9274,10.);
#2173=VECTOR('',#9279,10.);
#2174=VECTOR('',#9280,10.);
#2175=VECTOR('',#9281,10.);
#2176=VECTOR('',#9284,10.);
#2177=VECTOR('',#9285,10.);
#2178=VECTOR('',#9286,10.);
#2179=VECTOR('',#9289,10.);
#2180=VECTOR('',#9290,10.);
#2181=VECTOR('',#9291,10.);
#2182=VECTOR('',#9292,10.);
#2183=VECTOR('',#9295,10.);
#2184=VECTOR('',#9298,10.);
#2185=VECTOR('',#9299,10.);
#2186=VECTOR('',#9300,10.);
#2187=VECTOR('',#9301,10.);
#2188=VECTOR('',#9302,10.);
#2189=VECTOR('',#9305,10.);
#2190=VECTOR('',#9308,10.);
#2191=VECTOR('',#9311,10.);
#2192=VECTOR('',#9314,10.);
#2193=VECTOR('',#9317,10.);
#2194=VECTOR('',#9320,10.);
#2195=VECTOR('',#9323,10.);
#2196=VECTOR('',#9326,10.);
#2197=VECTOR('',#9329,10.);
#2198=VECTOR('',#9332,10.);
#2199=VECTOR('',#9335,10.);
#2200=VECTOR('',#9338,10.);
#2201=VECTOR('',#9343,10.);
#2202=VECTOR('',#9344,10.);
#2203=VECTOR('',#9349,10.);
#2204=VECTOR('',#9352,10.);
#2205=VECTOR('',#9355,10.);
#2206=VECTOR('',#9358,10.);
#2207=VECTOR('',#9361,10.);
#2208=VECTOR('',#9364,10.);
#2209=VECTOR('',#9367,10.);
#2210=VECTOR('',#9370,10.);
#2211=VECTOR('',#9375,10.);
#2212=VECTOR('',#9378,10.);
#2213=VECTOR('',#9381,10.);
#2214=VECTOR('',#9384,10.);
#2215=VECTOR('',#9387,10.);
#2216=VECTOR('',#9390,10.);
#2217=VECTOR('',#9393,10.);
#2218=VECTOR('',#9396,10.);
#2219=VECTOR('',#9399,10.);
#2220=VECTOR('',#9404,10.);
#2221=VECTOR('',#9405,10.);
#2222=VECTOR('',#9410,10.);
#2223=VECTOR('',#9413,10.);
#2224=VECTOR('',#9416,10.);
#2225=VECTOR('',#9419,10.);
#2226=VECTOR('',#9422,10.);
#2227=VECTOR('',#9425,10.);
#2228=VECTOR('',#9428,10.);
#2229=VECTOR('',#9431,10.);
#2230=VECTOR('',#9434,10.);
#2231=VECTOR('',#9437,10.);
#2232=VECTOR('',#9440,10.);
#2233=VECTOR('',#9443,10.);
#2234=VECTOR('',#9446,10.);
#2235=VECTOR('',#9449,10.);
#2236=VECTOR('',#9452,10.);
#2237=VECTOR('',#9455,10.);
#2238=VECTOR('',#9458,10.);
#2239=VECTOR('',#9461,10.);
#2240=VECTOR('',#9464,10.);
#2241=VECTOR('',#9467,10.);
#2242=VECTOR('',#9472,10.);
#2243=VECTOR('',#9473,10.);
#2244=VECTOR('',#9478,10.);
#2245=VECTOR('',#9481,10.);
#2246=VECTOR('',#9484,10.);
#2247=VECTOR('',#9487,10.);
#2248=VECTOR('',#9490,10.);
#2249=VECTOR('',#9493,10.);
#2250=VECTOR('',#9496,10.);
#2251=VECTOR('',#9499,10.);
#2252=VECTOR('',#9502,10.);
#2253=VECTOR('',#9505,10.);
#2254=VECTOR('',#9508,10.);
#2255=VECTOR('',#9511,10.);
#2256=VECTOR('',#9514,10.);
#2257=VECTOR('',#9517,10.);
#2258=VECTOR('',#9520,10.);
#2259=VECTOR('',#9523,10.);
#2260=VECTOR('',#9526,10.);
#2261=VECTOR('',#9529,10.);
#2262=VECTOR('',#9532,10.);
#2263=VECTOR('',#9535,10.);
#2264=VECTOR('',#9538,10.);
#2265=VECTOR('',#9541,10.);
#2266=VECTOR('',#9546,10.);
#2267=VECTOR('',#9547,10.);
#2268=VECTOR('',#9552,10.);
#2269=VECTOR('',#9555,10.);
#2270=VECTOR('',#9558,10.);
#2271=VECTOR('',#9561,10.);
#2272=VECTOR('',#9564,10.);
#2273=VECTOR('',#9567,10.);
#2274=VECTOR('',#9570,10.);
#2275=VECTOR('',#9573,10.);
#2276=VECTOR('',#9576,10.);
#2277=VECTOR('',#9577,10.);
#2278=VECTOR('',#9578,10.);
#2279=VECTOR('',#9579,10.);
#2280=VECTOR('',#9580,10.);
#2281=VECTOR('',#9583,10.);
#2282=VECTOR('',#9586,10.);
#2283=VECTOR('',#9589,10.);
#2284=VECTOR('',#9590,10.);
#2285=VECTOR('',#9593,10.);
#2286=VECTOR('',#9594,10.);
#2287=VECTOR('',#9597,10.);
#2288=VECTOR('',#9600,10.);
#2289=VECTOR('',#9603,10.);
#2290=VECTOR('',#9604,10.);
#2291=VECTOR('',#9607,10.);
#2292=VECTOR('',#9610,10.);
#2293=VECTOR('',#9613,10.);
#2294=VECTOR('',#9616,10.);
#2295=VECTOR('',#9617,10.);
#2296=VECTOR('',#9620,10.);
#2297=VECTOR('',#9625,10.);
#2298=VECTOR('',#9630,10.);
#2299=VECTOR('',#9631,10.);
#2300=VECTOR('',#9636,10.);
#2301=VECTOR('',#9639,10.);
#2302=VECTOR('',#9640,10.);
#2303=VECTOR('',#9651,10.);
#2304=VECTOR('',#9654,10.);
#2305=VECTOR('',#9661,10.);
#2306=VECTOR('',#9662,10.);
#2307=VECTOR('',#9667,10.);
#2308=VECTOR('',#9668,10.);
#2309=VECTOR('',#9671,10.);
#2310=VECTOR('',#9676,10.);
#2311=VECTOR('',#9679,10.);
#2312=VECTOR('',#9682,10.);
#2313=VECTOR('',#9685,10.);
#2314=VECTOR('',#9688,10.);
#2315=VECTOR('',#9691,10.);
#2316=VECTOR('',#9694,10.);
#2317=VECTOR('',#9697,10.);
#2318=VECTOR('',#9700,10.);
#2319=VECTOR('',#9701,10.);
#2320=VECTOR('',#9706,10.);
#2321=VECTOR('',#9709,10.);
#2322=VECTOR('',#9710,10.);
#2323=VECTOR('',#9713,10.);
#2324=VECTOR('',#9716,10.);
#2325=VECTOR('',#9717,10.);
#2326=VECTOR('',#9720,10.);
#2327=VECTOR('',#9723,10.);
#2328=VECTOR('',#9726,10.);
#2329=VECTOR('',#9729,10.);
#2330=VECTOR('',#9732,10.);
#2331=VECTOR('',#9735,10.);
#2332=VECTOR('',#9736,10.);
#2333=VECTOR('',#9739,10.);
#2334=VECTOR('',#9742,10.);
#2335=VECTOR('',#9745,10.);
#2336=VECTOR('',#9748,10.);
#2337=VECTOR('',#9751,10.);
#2338=VECTOR('',#9756,10.);
#2339=VECTOR('',#9763,10.);
#2340=VECTOR('',#9766,10.);
#2341=VECTOR('',#9769,10.);
#2342=VECTOR('',#9770,10.);
#2343=VECTOR('',#9773,10.);
#2344=VECTOR('',#9776,10.);
#2345=VECTOR('',#9779,10.);
#2346=VECTOR('',#9780,10.);
#2347=VECTOR('',#9783,10.);
#2348=VECTOR('',#9784,10.);
#2349=VECTOR('',#9787,10.);
#2350=VECTOR('',#9788,10.);
#2351=VECTOR('',#9793,10.);
#2352=VECTOR('',#9796,10.);
#2353=VECTOR('',#9799,10.);
#2354=VECTOR('',#9802,10.);
#2355=VECTOR('',#9805,10.);
#2356=VECTOR('',#9808,10.);
#2357=VECTOR('',#9811,10.);
#2358=VECTOR('',#9814,10.);
#2359=VECTOR('',#9817,10.);
#2360=VECTOR('',#9820,10.);
#2361=VECTOR('',#9823,10.);
#2362=VECTOR('',#9828,10.);
#2363=VECTOR('',#9831,10.);
#2364=VECTOR('',#9836,10.);
#2365=VECTOR('',#9841,10.);
#2366=VECTOR('',#9844,10.);
#2367=VECTOR('',#9847,10.);
#2368=VECTOR('',#9848,10.);
#2369=VECTOR('',#9851,10.);
#2370=VECTOR('',#9856,10.);
#2371=VECTOR('',#9859,10.);
#2372=VECTOR('',#9862,10.);
#2373=VECTOR('',#9865,10.);
#2374=VECTOR('',#9868,10.);
#2375=VECTOR('',#9871,10.);
#2376=VECTOR('',#9874,10.);
#2377=VECTOR('',#9877,10.);
#2378=VECTOR('',#9880,10.);
#2379=VECTOR('',#9883,10.);
#2380=VECTOR('',#9890,10.);
#2381=VECTOR('',#9895,10.);
#2382=VECTOR('',#9896,10.);
#2383=VECTOR('',#9899,10.);
#2384=VECTOR('',#9902,10.);
#2385=VECTOR('',#9903,10.);
#2386=VECTOR('',#9906,10.);
#2387=VECTOR('',#9909,10.);
#2388=VECTOR('',#9910,10.);
#2389=VECTOR('',#9913,10.);
#2390=VECTOR('',#9916,10.);
#2391=VECTOR('',#9919,10.);
#2392=VECTOR('',#9922,10.);
#2393=VECTOR('',#9925,10.);
#2394=VECTOR('',#9928,10.);
#2395=VECTOR('',#9929,10.);
#2396=VECTOR('',#9932,10.);
#2397=VECTOR('',#9935,10.);
#2398=VECTOR('',#9938,10.);
#2399=VECTOR('',#9941,10.);
#2400=VECTOR('',#9944,10.);
#2401=VECTOR('',#9949,10.);
#2402=VECTOR('',#9954,10.);
#2403=VECTOR('',#9957,10.);
#2404=VECTOR('',#9960,10.);
#2405=VECTOR('',#9961,10.);
#2406=VECTOR('',#9964,10.);
#2407=VECTOR('',#9967,10.);
#2408=VECTOR('',#9970,10.);
#2409=VECTOR('',#9971,10.);
#2410=VECTOR('',#9974,10.);
#2411=VECTOR('',#9975,10.);
#2412=VECTOR('',#9978,10.);
#2413=VECTOR('',#9979,10.);
#2414=VECTOR('',#9984,10.);
#2415=VECTOR('',#9987,10.);
#2416=VECTOR('',#9990,10.);
#2417=VECTOR('',#9993,10.);
#2418=VECTOR('',#9996,10.);
#2419=VECTOR('',#9999,10.);
#2420=VECTOR('',#10002,10.);
#2421=VECTOR('',#10005,10.);
#2422=VECTOR('',#10008,10.);
#2423=VECTOR('',#10011,10.);
#2424=VECTOR('',#10014,10.);
#2425=VECTOR('',#10019,10.);
#2426=VECTOR('',#10022,10.);
#2427=VECTOR('',#10027,10.);
#2428=VECTOR('',#10032,10.);
#2429=VECTOR('',#10035,10.);
#2430=VECTOR('',#10038,10.);
#2431=VECTOR('',#10039,10.);
#2432=VECTOR('',#10042,10.);
#2433=VECTOR('',#10047,10.);
#2434=VECTOR('',#10050,10.);
#2435=VECTOR('',#10053,10.);
#2436=VECTOR('',#10056,10.);
#2437=VECTOR('',#10059,10.);
#2438=VECTOR('',#10062,10.);
#2439=VECTOR('',#10065,10.);
#2440=VECTOR('',#10068,10.);
#2441=VECTOR('',#10071,10.);
#2442=VECTOR('',#10074,10.);
#2443=VECTOR('',#10081,10.);
#2444=VECTOR('',#10086,10.);
#2445=VECTOR('',#10087,10.);
#2446=VECTOR('',#10090,10.);
#2447=VECTOR('',#10093,10.);
#2448=VECTOR('',#10094,10.);
#2449=VECTOR('',#10097,10.);
#2450=VECTOR('',#10100,10.);
#2451=VECTOR('',#10101,10.);
#2452=VECTOR('',#10104,10.);
#2453=VECTOR('',#10107,10.);
#2454=VECTOR('',#10110,10.);
#2455=VECTOR('',#10113,10.);
#2456=VECTOR('',#10116,10.);
#2457=VECTOR('',#10119,10.);
#2458=VECTOR('',#10120,10.);
#2459=VECTOR('',#10123,10.);
#2460=VECTOR('',#10126,10.);
#2461=VECTOR('',#10129,10.);
#2462=VECTOR('',#10132,10.);
#2463=VECTOR('',#10135,10.);
#2464=VECTOR('',#10140,10.);
#2465=VECTOR('',#10145,10.);
#2466=VECTOR('',#10148,10.);
#2467=VECTOR('',#10151,10.);
#2468=VECTOR('',#10152,10.);
#2469=VECTOR('',#10155,10.);
#2470=VECTOR('',#10156,10.);
#2471=VECTOR('',#10159,10.);
#2472=VECTOR('',#10162,10.);
#2473=VECTOR('',#10165,10.);
#2474=VECTOR('',#10166,10.);
#2475=VECTOR('',#10169,10.);
#2476=VECTOR('',#10170,10.);
#2477=VECTOR('',#10173,10.);
#2478=VECTOR('',#10176,10.);
#2479=VECTOR('',#10179,10.);
#2480=VECTOR('',#10180,10.);
#2481=VECTOR('',#10183,10.);
#2482=VECTOR('',#10186,10.);
#2483=VECTOR('',#10189,10.);
#2484=VECTOR('',#10192,10.);
#2485=VECTOR('',#10193,10.);
#2486=VECTOR('',#10196,10.);
#2487=VECTOR('',#10201,10.);
#2488=VECTOR('',#10206,10.);
#2489=VECTOR('',#10207,10.);
#2490=VECTOR('',#10212,10.);
#2491=VECTOR('',#10215,10.);
#2492=VECTOR('',#10216,10.);
#2493=VECTOR('',#10227,10.);
#2494=VECTOR('',#10230,10.);
#2495=VECTOR('',#10237,10.);
#2496=VECTOR('',#10238,10.);
#2497=VECTOR('',#10243,10.);
#2498=VECTOR('',#10244,10.);
#2499=VECTOR('',#10247,10.);
#2500=VECTOR('',#10252,10.);
#2501=VECTOR('',#10255,10.);
#2502=VECTOR('',#10258,10.);
#2503=VECTOR('',#10261,10.);
#2504=VECTOR('',#10264,10.);
#2505=VECTOR('',#10267,10.);
#2506=VECTOR('',#10270,10.);
#2507=VECTOR('',#10273,10.);
#2508=VECTOR('',#10276,10.);
#2509=VECTOR('',#10277,10.);
#2510=VECTOR('',#10282,10.);
#2511=VECTOR('',#10285,10.);
#2512=VECTOR('',#10286,10.);
#2513=VECTOR('',#10289,10.);
#2514=VECTOR('',#10292,10.);
#2515=VECTOR('',#10293,10.);
#2516=VECTOR('',#10296,10.);
#2517=VECTOR('',#10299,10.);
#2518=VECTOR('',#10302,10.);
#2519=VECTOR('',#10305,10.);
#2520=VECTOR('',#10308,10.);
#2521=VECTOR('',#10311,10.);
#2522=VECTOR('',#10312,10.);
#2523=VECTOR('',#10315,10.);
#2524=VECTOR('',#10318,10.);
#2525=VECTOR('',#10321,10.);
#2526=VECTOR('',#10324,10.);
#2527=VECTOR('',#10327,10.);
#2528=VECTOR('',#10332,10.);
#2529=VECTOR('',#10375,10.);
#2530=VECTOR('',#10396,10.);
#2531=VECTOR('',#10401,10.);
#2532=VECTOR('',#10402,10.);
#2533=VECTOR('',#10403,10.);
#2534=VECTOR('',#10406,10.);
#2535=VECTOR('',#10407,10.);
#2536=VECTOR('',#10410,10.);
#2537=VECTOR('',#10411,10.);
#2538=VECTOR('',#10414,10.);
#2539=VECTOR('',#10417,10.);
#2540=VECTOR('',#10418,10.);
#2541=VECTOR('',#10419,10.);
#2542=VECTOR('',#10422,10.);
#2543=VECTOR('',#10423,10.);
#2544=VECTOR('',#10426,10.);
#2545=VECTOR('',#10427,10.);
#2546=VECTOR('',#10430,10.);
#2547=VECTOR('',#10433,10.);
#2548=VECTOR('',#10434,10.);
#2549=VECTOR('',#10435,10.);
#2550=VECTOR('',#10438,10.);
#2551=VECTOR('',#10439,10.);
#2552=VECTOR('',#10442,10.);
#2553=VECTOR('',#10443,10.);
#2554=VECTOR('',#10446,10.);
#2555=VECTOR('',#10449,10.);
#2556=VECTOR('',#10452,10.);
#2557=VECTOR('',#10455,10.);
#2558=VECTOR('',#10456,10.);
#2559=VECTOR('',#10461,10.);
#2560=VECTOR('',#10464,10.);
#2561=VECTOR('',#10465,10.);
#2562=VECTOR('',#10470,10.);
#2563=VECTOR('',#10473,10.);
#2564=VECTOR('',#10474,10.);
#2565=VECTOR('',#10479,10.);
#2566=VECTOR('',#10482,10.);
#2567=VECTOR('',#10487,10.);
#2568=VECTOR('',#10488,10.);
#2569=VECTOR('',#10493,10.);
#2570=VECTOR('',#10494,10.);
#2571=VECTOR('',#10495,10.);
#2572=VECTOR('',#10498,10.);
#2573=VECTOR('',#10503,10.);
#2574=VECTOR('',#10506,10.);
#2575=VECTOR('',#10507,10.);
#2576=VECTOR('',#10510,10.);
#2577=VECTOR('',#10511,10.);
#2578=VECTOR('',#10512,10.);
#2579=VECTOR('',#10515,10.);
#2580=VECTOR('',#10516,10.);
#2581=VECTOR('',#10523,10.);
#2582=VECTOR('',#10526,10.);
#2583=VECTOR('',#10529,10.);
#2584=VECTOR('',#10534,10.);
#2585=VECTOR('',#10537,10.);
#2586=VECTOR('',#10542,10.);
#2587=VECTOR('',#10543,10.);
#2588=VECTOR('',#10546,10.);
#2589=VECTOR('',#10549,10.);
#2590=VECTOR('',#10550,10.);
#2591=VECTOR('',#10551,10.);
#2592=VECTOR('',#10554,10.);
#2593=VECTOR('',#10555,10.);
#2594=VECTOR('',#10556,10.);
#2595=VECTOR('',#10559,10.);
#2596=VECTOR('',#10562,10.);
#2597=VECTOR('',#10565,10.);
#2598=VECTOR('',#10566,10.);
#2599=VECTOR('',#10567,10.);
#2600=VECTOR('',#10568,10.);
#2601=VECTOR('',#10571,10.);
#2602=VECTOR('',#10572,10.);
#2603=VECTOR('',#10573,10.);
#2604=VECTOR('',#10576,10.);
#2605=VECTOR('',#10577,10.);
#2606=VECTOR('',#10578,10.);
#2607=VECTOR('',#10581,10.);
#2608=VECTOR('',#10582,10.);
#2609=VECTOR('',#10583,10.);
#2610=VECTOR('',#10584,10.);
#2611=VECTOR('',#10585,10.);
#2612=VECTOR('',#10586,10.);
#2613=VECTOR('',#10587,10.);
#2614=VECTOR('',#10588,10.);
#2615=VECTOR('',#10589,10.);
#2616=VECTOR('',#10590,10.);
#2617=VECTOR('',#10591,10.);
#2618=VECTOR('',#10592,10.);
#2619=VECTOR('',#10593,10.);
#2620=VECTOR('',#10594,10.);
#2621=VECTOR('',#10595,10.);
#2622=VECTOR('',#10596,10.);
#2623=VECTOR('',#10597,10.);
#2624=VECTOR('',#10598,10.);
#2625=VECTOR('',#10599,10.);
#2626=VECTOR('',#10600,10.);
#2627=VECTOR('',#10601,10.);
#2628=VECTOR('',#10602,10.);
#2629=VECTOR('',#10603,10.);
#2630=VECTOR('',#10604,10.);
#2631=VECTOR('',#10605,10.);
#2632=VECTOR('',#10606,10.);
#2633=VECTOR('',#10607,10.);
#2634=VECTOR('',#10608,10.);
#2635=VECTOR('',#10609,10.);
#2636=VECTOR('',#10610,10.);
#2637=VECTOR('',#10611,10.);
#2638=VECTOR('',#10612,10.);
#2639=VECTOR('',#10613,10.);
#2640=VECTOR('',#10614,10.);
#2641=VECTOR('',#10615,10.);
#2642=VECTOR('',#10616,10.);
#2643=VECTOR('',#10619,10.);
#2644=VECTOR('',#10620,10.);
#2645=VECTOR('',#10621,10.);
#2646=VECTOR('',#10624,10.);
#2647=VECTOR('',#10625,10.);
#2648=VECTOR('',#10628,10.);
#2649=VECTOR('',#10629,10.);
#2650=VECTOR('',#10632,10.);
#2651=VECTOR('',#10633,10.);
#2652=VECTOR('',#10636,10.);
#2653=VECTOR('',#10637,10.);
#2654=VECTOR('',#10640,10.);
#2655=VECTOR('',#10641,10.);
#2656=VECTOR('',#10644,10.);
#2657=VECTOR('',#10645,10.);
#2658=VECTOR('',#10648,10.);
#2659=VECTOR('',#10649,10.);
#2660=VECTOR('',#10652,10.);
#2661=VECTOR('',#10653,10.);
#2662=VECTOR('',#10656,10.);
#2663=VECTOR('',#10661,10.);
#2664=VECTOR('',#10662,10.);
#2665=VECTOR('',#10663,10.);
#2666=VECTOR('',#10666,10.);
#2667=VECTOR('',#10667,10.);
#2668=VECTOR('',#10670,10.);
#2669=VECTOR('',#10671,10.);
#2670=VECTOR('',#10674,10.);
#2671=VECTOR('',#10675,10.);
#2672=VECTOR('',#10678,10.);
#2673=VECTOR('',#10679,10.);
#2674=VECTOR('',#10682,10.);
#2675=VECTOR('',#10683,10.);
#2676=VECTOR('',#10686,10.);
#2677=VECTOR('',#10687,10.);
#2678=VECTOR('',#10690,10.);
#2679=VECTOR('',#10691,10.);
#2680=VECTOR('',#10694,10.);
#2681=VECTOR('',#10695,10.);
#2682=VECTOR('',#10698,10.);
#2683=VECTOR('',#10701,10.);
#2684=VECTOR('',#10702,10.);
#2685=VECTOR('',#10703,10.);
#2686=VECTOR('',#10704,10.);
#2687=VECTOR('',#10705,10.);
#2688=VECTOR('',#10706,10.);
#2689=VECTOR('',#10707,10.);
#2690=VECTOR('',#10708,10.);
#2691=VECTOR('',#10709,10.);
#2692=VECTOR('',#10710,10.);
#2693=VECTOR('',#10711,10.);
#2694=VECTOR('',#10712,10.);
#2695=VECTOR('',#10713,10.);
#2696=VECTOR('',#10714,10.);
#2697=VECTOR('',#10715,10.);
#2698=VECTOR('',#10716,10.);
#2699=VECTOR('',#10717,10.);
#2700=VECTOR('',#10718,10.);
#2701=VECTOR('',#10723,10.);
#2702=VECTOR('',#10724,10.);
#2703=VECTOR('',#10725,10.);
#2704=VECTOR('',#10728,10.);
#2705=VECTOR('',#10729,10.);
#2706=VECTOR('',#10732,10.);
#2707=VECTOR('',#10733,10.);
#2708=VECTOR('',#10736,10.);
#2709=VECTOR('',#10737,10.);
#2710=VECTOR('',#10740,10.);
#2711=VECTOR('',#10741,10.);
#2712=VECTOR('',#10744,10.);
#2713=VECTOR('',#10745,10.);
#2714=VECTOR('',#10748,10.);
#2715=VECTOR('',#10749,10.);
#2716=VECTOR('',#10752,10.);
#2717=VECTOR('',#10753,10.);
#2718=VECTOR('',#10756,10.);
#2719=VECTOR('',#10757,10.);
#2720=VECTOR('',#10760,10.);
#2721=VECTOR('',#10763,10.);
#2722=VECTOR('',#10764,10.);
#2723=VECTOR('',#10765,10.);
#2724=VECTOR('',#10766,10.);
#2725=VECTOR('',#10767,10.);
#2726=VECTOR('',#10768,10.);
#2727=VECTOR('',#10769,10.);
#2728=VECTOR('',#10770,10.);
#2729=VECTOR('',#10771,10.);
#2730=VECTOR('',#10772,10.);
#2731=VECTOR('',#10773,10.);
#2732=VECTOR('',#10774,10.);
#2733=VECTOR('',#10775,10.);
#2734=VECTOR('',#10776,10.);
#2735=VECTOR('',#10777,10.);
#2736=VECTOR('',#10778,10.);
#2737=VECTOR('',#10779,10.);
#2738=VECTOR('',#10780,10.);
#2739=VECTOR('',#10787,10.);
#2740=VECTOR('',#10796,4.);
#2741=VECTOR('',#10799,10.);
#2742=VECTOR('',#10804,4.);
#2743=VECTOR('',#10807,10.);
#2744=VECTOR('',#10812,10.);
#2745=VECTOR('',#10819,4.);
#2746=VECTOR('',#10824,10.);
#2747=VECTOR('',#10835,4.);
#2748=VECTOR('',#10836,10.);
#2749=VECTOR('',#10839,10.);
#2750=VECTOR('',#10840,10.);
#2751=VECTOR('',#10841,10.);
#2752=VECTOR('',#10842,10.);
#2753=VECTOR('',#10847,11.5);
#2754=VECTOR('',#10850,10.);
#2755=VECTOR('',#10851,10.);
#2756=VECTOR('',#10858,10.);
#2757=VECTOR('',#10861,10.);
#2758=VECTOR('',#10864,10.);
#2759=VECTOR('',#10865,10.);
#2760=VECTOR('',#10866,10.);
#2761=VECTOR('',#10871,10.);
#2762=VECTOR('',#10874,10.);
#2763=VECTOR('',#10877,10.);
#2764=VECTOR('',#10878,10.);
#2765=VECTOR('',#10879,10.);
#2766=VECTOR('',#10884,10.);
#2767=VECTOR('',#10889,10.);
#2768=VECTOR('',#10892,10.);
#2769=VECTOR('',#10893,10.);
#2770=VECTOR('',#10896,10.);
#2771=VECTOR('',#10899,10.);
#2772=VECTOR('',#10900,10.);
#2773=VECTOR('',#10903,10.);
#2774=VECTOR('',#10906,10.);
#2775=VECTOR('',#10909,10.);
#2776=VECTOR('',#10912,10.);
#2777=VECTOR('',#10915,10.);
#2778=VECTOR('',#10918,10.);
#2779=VECTOR('',#10921,10.);
#2780=VECTOR('',#10924,10.);
#2781=VECTOR('',#10927,10.);
#2782=VECTOR('',#10930,10.);
#2783=VECTOR('',#10933,10.);
#2784=VECTOR('',#10936,10.);
#2785=VECTOR('',#10939,10.);
#2786=VECTOR('',#10942,10.);
#2787=VECTOR('',#10945,10.);
#2788=VECTOR('',#10948,10.);
#2789=VECTOR('',#10951,10.);
#2790=VECTOR('',#10954,10.);
#2791=VECTOR('',#10957,10.);
#2792=VECTOR('',#10960,10.);
#2793=VECTOR('',#10963,10.);
#2794=VECTOR('',#10966,10.);
#2795=VECTOR('',#10969,10.);
#2796=VECTOR('',#10972,10.);
#2797=VECTOR('',#10975,10.);
#2798=VECTOR('',#10976,10.);
#2799=VECTOR('',#10977,10.);
#2800=VECTOR('',#10978,10.);
#2801=VECTOR('',#10981,10.);
#2802=VECTOR('',#10984,10.);
#2803=VECTOR('',#10995,10.);
#2804=VECTOR('',#10998,10.);
#2805=VECTOR('',#11001,10.);
#2806=VECTOR('',#11002,10.);
#2807=VECTOR('',#11003,10.);
#2808=VECTOR('',#11004,10.);
#2809=VECTOR('',#11007,10.);
#2810=VECTOR('',#11010,10.);
#2811=VECTOR('',#11013,10.);
#2812=VECTOR('',#11016,10.);
#2813=VECTOR('',#11019,10.);
#2814=VECTOR('',#11022,10.);
#2815=VECTOR('',#11025,10.);
#2816=VECTOR('',#11028,10.);
#2817=VECTOR('',#11031,10.);
#2818=VECTOR('',#11034,10.);
#2819=VECTOR('',#11037,10.);
#2820=VECTOR('',#11040,10.);
#2821=VECTOR('',#11043,10.);
#2822=VECTOR('',#11046,10.);
#2823=VECTOR('',#11049,10.);
#2824=VECTOR('',#11052,10.);
#2825=VECTOR('',#11055,10.);
#2826=VECTOR('',#11058,10.);
#2827=VECTOR('',#11061,10.);
#2828=VECTOR('',#11064,10.);
#2829=VECTOR('',#11067,10.);
#2830=VECTOR('',#11070,10.);
#2831=VECTOR('',#11073,10.);
#2832=VECTOR('',#11076,10.);
#2833=VECTOR('',#11083,10.);
#2834=VECTOR('',#11086,10.);
#2835=VECTOR('',#11087,10.);
#2836=VECTOR('',#11090,10.);
#2837=VECTOR('',#11093,10.);
#2838=VECTOR('',#11094,10.);
#2839=VECTOR('',#11097,10.);
#2840=VECTOR('',#11100,10.);
#2841=VECTOR('',#11103,10.);
#2842=VECTOR('',#11108,10.);
#2843=VECTOR('',#11111,10.);
#2844=VECTOR('',#11116,10.);
#2845=VECTOR('',#11117,10.);
#2846=VECTOR('',#11128,10.);
#2847=VECTOR('',#11129,10.);
#2848=VECTOR('',#11132,10.);
#2849=VECTOR('',#11133,10.);
#2850=VECTOR('',#11146,10.);
#2851=VECTOR('',#11147,10.);
#2852=VECTOR('',#11150,10.);
#2853=VECTOR('',#11163,10.);
#2854=VECTOR('',#11164,10.);
#2855=VECTOR('',#11167,10.);
#2856=VECTOR('',#11172,10.);
#2857=VECTOR('',#11175,10.);
#2858=VECTOR('',#11178,10.);
#2859=VECTOR('',#11181,10.);
#2860=VECTOR('',#11184,10.);
#2861=VECTOR('',#11195,10.);
#2862=VECTOR('',#11196,10.);
#2863=VECTOR('',#11201,10.);
#2864=VECTOR('',#11204,10.);
#2865=VECTOR('',#11207,10.);
#2866=VECTOR('',#11210,10.);
#2867=VECTOR('',#11215,10.);
#2868=VECTOR('',#11218,10.);
#2869=VECTOR('',#11223,10.);
#2870=VECTOR('',#11224,10.);
#2871=VECTOR('',#11227,10.);
#2872=VECTOR('',#11230,10.);
#2873=VECTOR('',#11233,10.);
#2874=VECTOR('',#11236,10.);
#2875=VECTOR('',#11239,10.);
#2876=VECTOR('',#11242,10.);
#2877=VECTOR('',#11245,10.);
#2878=VECTOR('',#11248,10.);
#2879=VECTOR('',#11251,10.);
#2880=VECTOR('',#11254,10.);
#2881=VECTOR('',#11257,10.);
#2882=VECTOR('',#11260,10.);
#2883=VECTOR('',#11263,10.);
#2884=VECTOR('',#11266,10.);
#2885=VECTOR('',#11269,10.);
#2886=VECTOR('',#11272,10.);
#2887=VECTOR('',#11275,10.);
#2888=VECTOR('',#11278,10.);
#2889=VECTOR('',#11281,10.);
#2890=VECTOR('',#11284,10.);
#2891=VECTOR('',#11287,10.);
#2892=VECTOR('',#11290,10.);
#2893=VECTOR('',#11293,10.);
#2894=VECTOR('',#11296,10.);
#2895=VECTOR('',#11299,10.);
#2896=VECTOR('',#11302,10.);
#2897=VECTOR('',#11305,10.);
#2898=VECTOR('',#11308,10.);
#2899=VECTOR('',#11311,10.);
#2900=VECTOR('',#11314,10.);
#2901=VECTOR('',#11317,10.);
#2902=VECTOR('',#11320,10.);
#2903=VECTOR('',#11323,10.);
#2904=VECTOR('',#11326,10.);
#2905=VECTOR('',#11329,10.);
#2906=VECTOR('',#11332,10.);
#2907=VECTOR('',#11335,10.);
#2908=VECTOR('',#11338,10.);
#2909=VECTOR('',#11341,10.);
#2910=VECTOR('',#11344,10.);
#2911=VECTOR('',#11347,10.);
#2912=VECTOR('',#11350,10.);
#2913=VECTOR('',#11353,10.);
#2914=VECTOR('',#11356,10.);
#2915=VECTOR('',#11359,10.);
#2916=VECTOR('',#11362,10.);
#2917=VECTOR('',#11365,10.);
#2918=VECTOR('',#11368,10.);
#2919=VECTOR('',#11371,10.);
#2920=VECTOR('',#11372,10.);
#2921=VECTOR('',#11375,10.);
#2922=VECTOR('',#11376,10.);
#2923=VECTOR('',#11377,10.);
#2924=VECTOR('',#11380,10.);
#2925=VECTOR('',#11381,10.);
#2926=VECTOR('',#11392,10.);
#2927=VECTOR('',#11393,10.);
#2928=VECTOR('',#11396,10.);
#2929=VECTOR('',#11403,10.);
#2930=VECTOR('',#11406,10.);
#2931=VECTOR('',#11409,10.);
#2932=VECTOR('',#11410,10.);
#2933=VECTOR('',#11413,10.);
#2934=VECTOR('',#11420,10.);
#2935=VECTOR('',#11421,10.);
#2936=VECTOR('',#11424,10.);
#2937=VECTOR('',#11435,1.89999999999998);
#2938=VECTOR('',#11440,1.89999999999998);
#2939=VECTOR('',#11447,1.89999999999998);
#2940=VECTOR('',#11456,1.89999999999998);
#2941=CIRCLE('',#8437,0.8);
#2942=CIRCLE('',#8438,0.8);
#2943=CIRCLE('',#8441,0.8);
#2944=CIRCLE('',#8442,0.8);
#2945=CIRCLE('',#8445,0.789999999999997);
#2946=CIRCLE('',#8447,0.789999999999997);
#2947=CIRCLE('',#8451,0.8);
#2948=CIRCLE('',#8452,0.8);
#2949=CIRCLE('',#8455,0.8);
#2950=CIRCLE('',#8456,0.8);
#2951=CIRCLE('',#8459,0.789999999999997);
#2952=CIRCLE('',#8461,0.789999999999997);
#2953=CIRCLE('',#8465,0.249999999999986);
#2954=CIRCLE('',#8466,0.249999999999986);
#2955=CIRCLE('',#8470,3.00000000000008);
#2956=CIRCLE('',#8471,3.00000000000002);
#2957=CIRCLE('',#8472,3.00000000000008);
#2958=CIRCLE('',#8473,3.);
#2959=CIRCLE('',#8474,1.45000000000003);
#2960=CIRCLE('',#8475,0.249999999999986);
#2961=CIRCLE('',#8476,0.249999999999986);
#2962=CIRCLE('',#8477,0.249999999999986);
#2963=CIRCLE('',#8478,0.249999999999986);
#2964=CIRCLE('',#8479,0.249999999999986);
#2965=CIRCLE('',#8480,0.249999999999986);
#2966=CIRCLE('',#8481,0.249999999999986);
#2967=CIRCLE('',#8482,0.249999999999986);
#2968=CIRCLE('',#8483,0.249999999999986);
#2969=CIRCLE('',#8484,0.249999999999986);
#2970=CIRCLE('',#8485,12.5);
#2971=CIRCLE('',#8486,12.5);
#2972=CIRCLE('',#8487,0.249999999999986);
#2973=CIRCLE('',#8488,0.249999999999986);
#2974=CIRCLE('',#8489,0.249999999999986);
#2975=CIRCLE('',#8490,0.249999999999986);
#2976=CIRCLE('',#8491,0.249999999999986);
#2977=CIRCLE('',#8492,0.249999999999986);
#2978=CIRCLE('',#8493,0.249999999999986);
#2979=CIRCLE('',#8494,0.249999999999986);
#2980=CIRCLE('',#8495,0.249999999999986);
#2981=CIRCLE('',#8496,0.249999999999986);
#2982=CIRCLE('',#8497,0.249999999999986);
#2983=CIRCLE('',#8498,0.249999999999986);
#2984=CIRCLE('',#8499,0.249999999999986);
#2985=CIRCLE('',#8500,0.249999999999986);
#2986=CIRCLE('',#8501,0.249999999999986);
#2987=CIRCLE('',#8502,0.249999999999986);
#2988=CIRCLE('',#8503,0.249999999999986);
#2989=CIRCLE('',#8504,0.249999999999986);
#2990=CIRCLE('',#8505,0.249999999999986);
#2991=CIRCLE('',#8506,12.5);
#2992=CIRCLE('',#8507,12.5);
#2993=CIRCLE('',#8508,0.249999999999986);
#2994=CIRCLE('',#8509,0.249999999999986);
#2995=CIRCLE('',#8510,0.249999999999986);
#2996=CIRCLE('',#8511,0.249999999999986);
#2997=CIRCLE('',#8512,0.249999999999986);
#2998=CIRCLE('',#8513,0.249999999999986);
#2999=CIRCLE('',#8514,0.249999999999986);
#3000=CIRCLE('',#8515,0.249999999999986);
#3001=CIRCLE('',#8516,0.249999999999986);
#3002=CIRCLE('',#8517,0.249999999999986);
#3003=CIRCLE('',#8518,1.45);
#3004=CIRCLE('',#8519,0.249999999999986);
#3005=CIRCLE('',#8520,0.249999999999986);
#3006=CIRCLE('',#8521,0.249999999999986);
#3007=CIRCLE('',#8522,0.249999999999986);
#3008=CIRCLE('',#8523,0.249999999999986);
#3009=CIRCLE('',#8524,0.249999999999986);
#3010=CIRCLE('',#8525,0.249999999999986);
#3011=CIRCLE('',#8526,0.249999999999986);
#3012=CIRCLE('',#8527,0.249999999999986);
#3013=CIRCLE('',#8528,0.249999999999986);
#3014=CIRCLE('',#8529,12.5);
#3015=CIRCLE('',#8530,12.5);
#3016=CIRCLE('',#8531,0.249999999999986);
#3017=CIRCLE('',#8532,0.249999999999986);
#3018=CIRCLE('',#8533,0.249999999999986);
#3019=CIRCLE('',#8534,0.249999999999986);
#3020=CIRCLE('',#8535,0.249999999999986);
#3021=CIRCLE('',#8536,0.249999999999986);
#3022=CIRCLE('',#8537,0.249999999999986);
#3023=CIRCLE('',#8538,0.249999999999986);
#3024=CIRCLE('',#8539,0.249999999999986);
#3025=CIRCLE('',#8540,0.249999999999986);
#3026=CIRCLE('',#8541,1.45000000000003);
#3027=CIRCLE('',#8542,0.249999999999986);
#3028=CIRCLE('',#8543,1.45000000000005);
#3029=CIRCLE('',#8544,0.249999999999986);
#3030=CIRCLE('',#8545,0.249999999999986);
#3031=CIRCLE('',#8546,0.249999999999986);
#3032=CIRCLE('',#8547,0.249999999999986);
#3033=CIRCLE('',#8548,0.249999999999986);
#3034=CIRCLE('',#8549,0.249999999999986);
#3035=CIRCLE('',#8550,0.249999999999986);
#3036=CIRCLE('',#8551,0.249999999999986);
#3037=CIRCLE('',#8552,0.249999999999986);
#3038=CIRCLE('',#8553,0.249999999999986);
#3039=CIRCLE('',#8554,12.5);
#3040=CIRCLE('',#8555,12.5);
#3041=CIRCLE('',#8556,0.249999999999986);
#3042=CIRCLE('',#8557,0.249999999999986);
#3043=CIRCLE('',#8558,0.249999999999986);
#3044=CIRCLE('',#8559,0.249999999999986);
#3045=CIRCLE('',#8560,0.249999999999986);
#3046=CIRCLE('',#8561,0.249999999999986);
#3047=CIRCLE('',#8562,0.249999999999986);
#3048=CIRCLE('',#8563,0.249999999999986);
#3049=CIRCLE('',#8564,0.249999999999986);
#3050=CIRCLE('',#8566,0.249999999999986);
#3051=CIRCLE('',#8570,0.249999999999986);
#3052=CIRCLE('',#8573,0.249999999999986);
#3053=CIRCLE('',#8577,0.249999999999986);
#3054=CIRCLE('',#8579,0.249999999999986);
#3055=CIRCLE('',#8582,0.249999999999986);
#3056=CIRCLE('',#8585,0.249999999999986);
#3057=CIRCLE('',#8587,0.249999999999986);
#3058=CIRCLE('',#8589,0.249999999999986);
#3059=CIRCLE('',#8591,12.5);
#3060=CIRCLE('',#8593,0.249999999999986);
#3061=CIRCLE('',#8595,0.500000000000034);
#3062=CIRCLE('',#8596,12.5);
#3063=CIRCLE('',#8597,0.249999999999986);
#3064=CIRCLE('',#8598,0.249999999999986);
#3065=CIRCLE('',#8599,0.249999999999986);
#3066=CIRCLE('',#8600,0.249999999999986);
#3067=CIRCLE('',#8601,0.249999999999986);
#3068=CIRCLE('',#8602,0.249999999999986);
#3069=CIRCLE('',#8603,0.249999999999986);
#3070=CIRCLE('',#8604,0.249999999999986);
#3071=CIRCLE('',#8605,0.249999999999986);
#3072=CIRCLE('',#8606,1.45000000000003);
#3073=CIRCLE('',#8627,0.249999999999986);
#3074=CIRCLE('',#8630,0.249999999999986);
#3075=CIRCLE('',#8634,0.249999999999986);
#3076=CIRCLE('',#8636,1.45);
#3077=CIRCLE('',#8637,0.249999999999986);
#3078=CIRCLE('',#8638,0.249999999999986);
#3079=CIRCLE('',#8639,0.249999999999986);
#3080=CIRCLE('',#8640,0.249999999999986);
#3081=CIRCLE('',#8641,0.249999999999986);
#3082=CIRCLE('',#8642,0.249999999999986);
#3083=CIRCLE('',#8643,0.249999999999986);
#3084=CIRCLE('',#8644,0.249999999999986);
#3085=CIRCLE('',#8645,0.249999999999986);
#3086=CIRCLE('',#8646,0.249999999999986);
#3087=CIRCLE('',#8647,12.5);
#3088=CIRCLE('',#8648,0.499999999999972);
#3089=CIRCLE('',#8649,12.5);
#3090=CIRCLE('',#8650,0.249999999999986);
#3091=CIRCLE('',#8651,0.249999999999986);
#3092=CIRCLE('',#8652,0.249999999999986);
#3093=CIRCLE('',#8653,0.249999999999986);
#3094=CIRCLE('',#8654,0.249999999999986);
#3095=CIRCLE('',#8655,0.249999999999986);
#3096=CIRCLE('',#8656,0.249999999999986);
#3097=CIRCLE('',#8691,0.249999999999986);
#3098=CIRCLE('',#8694,0.249999999999986);
#3099=CIRCLE('',#8698,0.249999999999986);
#3100=CIRCLE('',#8700,1.45000000000003);
#3101=CIRCLE('',#8701,0.249999999999986);
#3102=CIRCLE('',#8702,0.249999999999986);
#3103=CIRCLE('',#8703,0.249999999999986);
#3104=CIRCLE('',#8704,0.249999999999986);
#3105=CIRCLE('',#8705,0.249999999999986);
#3106=CIRCLE('',#8706,0.249999999999986);
#3107=CIRCLE('',#8707,0.249999999999986);
#3108=CIRCLE('',#8708,0.249999999999986);
#3109=CIRCLE('',#8709,0.249999999999986);
#3110=CIRCLE('',#8710,0.249999999999986);
#3111=CIRCLE('',#8711,12.5);
#3112=CIRCLE('',#8712,0.500000000000007);
#3113=CIRCLE('',#8713,12.5);
#3114=CIRCLE('',#8714,0.249999999999986);
#3115=CIRCLE('',#8715,0.249999999999986);
#3116=CIRCLE('',#8716,0.249999999999986);
#3117=CIRCLE('',#8717,0.249999999999986);
#3118=CIRCLE('',#8718,0.249999999999986);
#3119=CIRCLE('',#8719,0.249999999999986);
#3120=CIRCLE('',#8720,0.249999999999986);
#3121=CIRCLE('',#8755,0.249999999999986);
#3122=CIRCLE('',#8759,0.249999999999986);
#3123=CIRCLE('',#8763,0.249999999999986);
#3124=CIRCLE('',#8766,0.249999999999986);
#3125=CIRCLE('',#8770,0.249999999999986);
#3126=CIRCLE('',#8772,0.249999999999986);
#3127=CIRCLE('',#8775,0.249999999999986);
#3128=CIRCLE('',#8778,0.249999999999986);
#3129=CIRCLE('',#8780,0.249999999999986);
#3130=CIRCLE('',#8782,0.249999999999986);
#3131=CIRCLE('',#8784,12.5);
#3132=CIRCLE('',#8786,0.249999999999986);
#3133=CIRCLE('',#8788,0.500000000000043);
#3134=CIRCLE('',#8789,12.5);
#3135=CIRCLE('',#8790,0.249999999999986);
#3136=CIRCLE('',#8791,0.249999999999986);
#3137=CIRCLE('',#8792,0.249999999999986);
#3138=CIRCLE('',#8793,0.249999999999986);
#3139=CIRCLE('',#8794,0.249999999999986);
#3140=CIRCLE('',#8795,0.249999999999986);
#3141=CIRCLE('',#8796,0.249999999999986);
#3142=CIRCLE('',#8797,0.249999999999986);
#3143=CIRCLE('',#8798,0.249999999999986);
#3144=CIRCLE('',#8799,1.45000000000005);
#3145=CIRCLE('',#8862,3.00000000000008);
#3146=CIRCLE('',#8865,3.);
#3147=CIRCLE('',#8868,3.00000000000008);
#3148=CIRCLE('',#8871,3.00000000000002);
#3149=CIRCLE('',#8875,0.800000000000001);
#3150=CIRCLE('',#8878,0.800000000000001);
#3151=CIRCLE('',#8880,0.800000000000001);
#3152=CIRCLE('',#8884,0.800000000000001);
#3153=CIRCLE('',#8887,0.800000000000001);
#3154=CIRCLE('',#8889,0.800000000000001);
#3155=CIRCLE('',#8890,0.800000000000001);
#3156=CIRCLE('',#8891,0.800000000000001);
#3157=CIRCLE('',#8938,3.);
#3158=CIRCLE('',#8939,3.);
#3159=CIRCLE('',#8943,3.99999999999999);
#3160=CIRCLE('',#8946,11.5);
#3161=CIRCLE('',#8948,4.);
#3162=CIRCLE('',#8951,3.99999999999999);
#3163=CIRCLE('',#8955,2.);
#3164=CIRCLE('',#8957,3.99999999999999);
#3165=CIRCLE('',#8961,11.5);
#3166=CIRCLE('',#8965,2.);
#3167=CIRCLE('',#8966,2.);
#3168=CIRCLE('',#8969,2.);
#3169=CIRCLE('',#8970,2.);
#3170=CIRCLE('',#8973,3.);
#3171=CIRCLE('',#8974,3.);
#3172=CIRCLE('',#8975,2.);
#3173=CIRCLE('',#8976,3.);
#3174=CIRCLE('',#8977,2.);
#3175=CIRCLE('',#8978,2.);
#3176=CIRCLE('',#8979,0.399999999999991);
#3177=CIRCLE('',#8980,0.399999999999991);
#3178=CIRCLE('',#8981,0.399999999999991);
#3179=CIRCLE('',#8982,0.399999999999991);
#3180=CIRCLE('',#8983,0.399999999999991);
#3181=CIRCLE('',#8984,0.399999999999991);
#3182=CIRCLE('',#8985,0.399999999999991);
#3183=CIRCLE('',#8986,0.399999999999991);
#3184=CIRCLE('',#8987,0.399999999999991);
#3185=CIRCLE('',#8988,0.399999999999991);
#3186=CIRCLE('',#8989,0.399999999999991);
#3187=CIRCLE('',#8990,0.399999999999991);
#3188=CIRCLE('',#8991,0.399999999999991);
#3189=CIRCLE('',#8992,0.399999999999991);
#3190=CIRCLE('',#8993,0.399999999999991);
#3191=CIRCLE('',#8994,0.399999999999991);
#3192=CIRCLE('',#8995,0.399999999999991);
#3193=CIRCLE('',#8996,0.399999999999991);
#3194=CIRCLE('',#8997,0.399999999999991);
#3195=CIRCLE('',#8998,0.399999999999991);
#3196=CIRCLE('',#8999,0.399999999999991);
#3197=CIRCLE('',#9000,0.399999999999991);
#3198=CIRCLE('',#9001,0.399999999999991);
#3199=CIRCLE('',#9002,0.399999999999991);
#3200=CIRCLE('',#9003,0.399999999999991);
#3201=CIRCLE('',#9004,2.);
#3202=CIRCLE('',#9005,2.);
#3203=CIRCLE('',#9007,2.);
#3204=CIRCLE('',#9009,2.);
#3205=CIRCLE('',#9010,3.);
#3206=CIRCLE('',#9011,3.);
#3207=CIRCLE('',#9012,3.);
#3208=CIRCLE('',#9013,0.399999999999991);
#3209=CIRCLE('',#9014,0.399999999999991);
#3210=CIRCLE('',#9015,0.399999999999991);
#3211=CIRCLE('',#9016,0.399999999999991);
#3212=CIRCLE('',#9017,0.399999999999991);
#3213=CIRCLE('',#9018,0.399999999999991);
#3214=CIRCLE('',#9019,0.399999999999991);
#3215=CIRCLE('',#9020,0.399999999999991);
#3216=CIRCLE('',#9021,0.399999999999991);
#3217=CIRCLE('',#9022,0.399999999999991);
#3218=CIRCLE('',#9023,0.399999999999991);
#3219=CIRCLE('',#9024,0.399999999999991);
#3220=CIRCLE('',#9025,0.399999999999991);
#3221=CIRCLE('',#9026,0.399999999999991);
#3222=CIRCLE('',#9027,0.399999999999991);
#3223=CIRCLE('',#9028,0.399999999999991);
#3224=CIRCLE('',#9029,0.399999999999991);
#3225=CIRCLE('',#9030,0.399999999999991);
#3226=CIRCLE('',#9031,0.399999999999991);
#3227=CIRCLE('',#9032,0.399999999999991);
#3228=CIRCLE('',#9033,0.399999999999991);
#3229=CIRCLE('',#9034,0.399999999999991);
#3230=CIRCLE('',#9035,0.399999999999991);
#3231=CIRCLE('',#9036,0.399999999999991);
#3232=CIRCLE('',#9037,0.399999999999991);
#3233=CIRCLE('',#9040,2.99804646372596);
#3234=CIRCLE('',#9041,2.99804646372596);
#3235=CIRCLE('',#9042,2.99804646372596);
#3236=CIRCLE('',#9043,2.99804646372596);
#3237=CIRCLE('',#9044,2.99804646372596);
#3238=CIRCLE('',#9045,2.99804646372596);
#3239=CIRCLE('',#9048,2.);
#3240=CIRCLE('',#9052,2.);
#3241=CIRCLE('',#9053,1.99999999999999);
#3242=CIRCLE('',#9054,1.99999999999999);
#3243=CIRCLE('',#9059,1.99999999999999);
#3244=CIRCLE('',#9060,1.99999999999999);
#3245=CIRCLE('',#9061,2.);
#3246=CIRCLE('',#9066,2.);
#3247=CIRCLE('',#9067,2.);
#3248=CIRCLE('',#9068,1.99999999999999);
#3249=CIRCLE('',#9073,2.99804646372596);
#3250=CIRCLE('',#9075,1.99999999999999);
#3251=CIRCLE('',#9079,1.99999999999999);
#3252=CIRCLE('',#9080,2.);
#3253=CIRCLE('',#9084,2.99804646372596);
#3254=CIRCLE('',#9144,2.99804646372596);
#3255=CIRCLE('',#9146,1.89999999999998);
#3256=CIRCLE('',#9150,1.89999999999998);
#3257=CIRCLE('',#9152,2.99804646372596);
#3258=CIRCLE('',#9156,1.89999999999998);
#3259=CIRCLE('',#9160,1.89999999999998);
#3260=CIRCLE('',#9163,1.89999999999998);
#3261=CIRCLE('',#9165,1.89999999999998);
#3262=CIRCLE('',#9168,1.89999999999998);
#3263=CIRCLE('',#9172,1.89999999999998);
#3264=VERTEX_POINT('',#11472);
#3265=VERTEX_POINT('',#11473);
#3266=VERTEX_POINT('',#11475);
#3267=VERTEX_POINT('',#11477);
#3268=VERTEX_POINT('',#11481);
#3269=VERTEX_POINT('',#11483);
#3270=VERTEX_POINT('',#11487);
#3271=VERTEX_POINT('',#11488);
#3272=VERTEX_POINT('',#11490);
#3273=VERTEX_POINT('',#11492);
#3274=VERTEX_POINT('',#11496);
#3275=VERTEX_POINT('',#11498);
#3276=VERTEX_POINT('',#11503);
#3277=VERTEX_POINT('',#11507);
#3278=VERTEX_POINT('',#11515);
#3279=VERTEX_POINT('',#11516);
#3280=VERTEX_POINT('',#11518);
#3281=VERTEX_POINT('',#11520);
#3282=VERTEX_POINT('',#11524);
#3283=VERTEX_POINT('',#11526);
#3284=VERTEX_POINT('',#11530);
#3285=VERTEX_POINT('',#11531);
#3286=VERTEX_POINT('',#11533);
#3287=VERTEX_POINT('',#11535);
#3288=VERTEX_POINT('',#11539);
#3289=VERTEX_POINT('',#11541);
#3290=VERTEX_POINT('',#11545);
#3291=VERTEX_POINT('',#11550);
#3292=VERTEX_POINT('',#11558);
#3293=VERTEX_POINT('',#11559);
#3294=VERTEX_POINT('',#11561);
#3295=VERTEX_POINT('',#11563);
#3296=VERTEX_POINT('',#11567);
#3297=VERTEX_POINT('',#11569);
#3298=VERTEX_POINT('',#11573);
#3299=VERTEX_POINT('',#11575);
#3300=VERTEX_POINT('',#11579);
#3301=VERTEX_POINT('',#11580);
#3302=VERTEX_POINT('',#11582);
#3303=VERTEX_POINT('',#11584);
#3304=VERTEX_POINT('',#11586);
#3305=VERTEX_POINT('',#11588);
#3306=VERTEX_POINT('',#11590);
#3307=VERTEX_POINT('',#11592);
#3308=VERTEX_POINT('',#11594);
#3309=VERTEX_POINT('',#11596);
#3310=VERTEX_POINT('',#11598);
#3311=VERTEX_POINT('',#11600);
#3312=VERTEX_POINT('',#11602);
#3313=VERTEX_POINT('',#11604);
#3314=VERTEX_POINT('',#11606);
#3315=VERTEX_POINT('',#11608);
#3316=VERTEX_POINT('',#11611);
#3317=VERTEX_POINT('',#11613);
#3318=VERTEX_POINT('',#11615);
#3319=VERTEX_POINT('',#11617);
#3320=VERTEX_POINT('',#11619);
#3321=VERTEX_POINT('',#11621);
#3322=VERTEX_POINT('',#11623);
#3323=VERTEX_POINT('',#11625);
#3324=VERTEX_POINT('',#11627);
#3325=VERTEX_POINT('',#11629);
#3326=VERTEX_POINT('',#11631);
#3327=VERTEX_POINT('',#11633);
#3328=VERTEX_POINT('',#11635);
#3329=VERTEX_POINT('',#11637);
#3330=VERTEX_POINT('',#11639);
#3331=VERTEX_POINT('',#11641);
#3332=VERTEX_POINT('',#11643);
#3333=VERTEX_POINT('',#11645);
#3334=VERTEX_POINT('',#11647);
#3335=VERTEX_POINT('',#11649);
#3336=VERTEX_POINT('',#11651);
#3337=VERTEX_POINT('',#11653);
#3338=VERTEX_POINT('',#11655);
#3339=VERTEX_POINT('',#11657);
#3340=VERTEX_POINT('',#11659);
#3341=VERTEX_POINT('',#11661);
#3342=VERTEX_POINT('',#11663);
#3343=VERTEX_POINT('',#11665);
#3344=VERTEX_POINT('',#11667);
#3345=VERTEX_POINT('',#11669);
#3346=VERTEX_POINT('',#11671);
#3347=VERTEX_POINT('',#11673);
#3348=VERTEX_POINT('',#11675);
#3349=VERTEX_POINT('',#11677);
#3350=VERTEX_POINT('',#11679);
#3351=VERTEX_POINT('',#11681);
#3352=VERTEX_POINT('',#11683);
#3353=VERTEX_POINT('',#11685);
#3354=VERTEX_POINT('',#11687);
#3355=VERTEX_POINT('',#11689);
#3356=VERTEX_POINT('',#11691);
#3357=VERTEX_POINT('',#11694);
#3358=VERTEX_POINT('',#11695);
#3359=VERTEX_POINT('',#11697);
#3360=VERTEX_POINT('',#11699);
#3361=VERTEX_POINT('',#11701);
#3362=VERTEX_POINT('',#11703);
#3363=VERTEX_POINT('',#11705);
#3364=VERTEX_POINT('',#11707);
#3365=VERTEX_POINT('',#11709);
#3366=VERTEX_POINT('',#11711);
#3367=VERTEX_POINT('',#11713);
#3368=VERTEX_POINT('',#11715);
#3369=VERTEX_POINT('',#11717);
#3370=VERTEX_POINT('',#11719);
#3371=VERTEX_POINT('',#11721);
#3372=VERTEX_POINT('',#11723);
#3373=VERTEX_POINT('',#11725);
#3374=VERTEX_POINT('',#11727);
#3375=VERTEX_POINT('',#11729);
#3376=VERTEX_POINT('',#11731);
#3377=VERTEX_POINT('',#11733);
#3378=VERTEX_POINT('',#11735);
#3379=VERTEX_POINT('',#11737);
#3380=VERTEX_POINT('',#11739);
#3381=VERTEX_POINT('',#11741);
#3382=VERTEX_POINT('',#11743);
#3383=VERTEX_POINT('',#11745);
#3384=VERTEX_POINT('',#11747);
#3385=VERTEX_POINT('',#11749);
#3386=VERTEX_POINT('',#11751);
#3387=VERTEX_POINT('',#11753);
#3388=VERTEX_POINT('',#11755);
#3389=VERTEX_POINT('',#11757);
#3390=VERTEX_POINT('',#11759);
#3391=VERTEX_POINT('',#11761);
#3392=VERTEX_POINT('',#11763);
#3393=VERTEX_POINT('',#11765);
#3394=VERTEX_POINT('',#11767);
#3395=VERTEX_POINT('',#11769);
#3396=VERTEX_POINT('',#11771);
#3397=VERTEX_POINT('',#11773);
#3398=VERTEX_POINT('',#11775);
#3399=VERTEX_POINT('',#11777);
#3400=VERTEX_POINT('',#11779);
#3401=VERTEX_POINT('',#11781);
#3402=VERTEX_POINT('',#11784);
#3403=VERTEX_POINT('',#11785);
#3404=VERTEX_POINT('',#11787);
#3405=VERTEX_POINT('',#11789);
#3406=VERTEX_POINT('',#11791);
#3407=VERTEX_POINT('',#11793);
#3408=VERTEX_POINT('',#11795);
#3409=VERTEX_POINT('',#11797);
#3410=VERTEX_POINT('',#11799);
#3411=VERTEX_POINT('',#11801);
#3412=VERTEX_POINT('',#11803);
#3413=VERTEX_POINT('',#11805);
#3414=VERTEX_POINT('',#11807);
#3415=VERTEX_POINT('',#11809);
#3416=VERTEX_POINT('',#11811);
#3417=VERTEX_POINT('',#11813);
#3418=VERTEX_POINT('',#11815);
#3419=VERTEX_POINT('',#11817);
#3420=VERTEX_POINT('',#11819);
#3421=VERTEX_POINT('',#11821);
#3422=VERTEX_POINT('',#11823);
#3423=VERTEX_POINT('',#11825);
#3424=VERTEX_POINT('',#11827);
#3425=VERTEX_POINT('',#11829);
#3426=VERTEX_POINT('',#11831);
#3427=VERTEX_POINT('',#11833);
#3428=VERTEX_POINT('',#11835);
#3429=VERTEX_POINT('',#11837);
#3430=VERTEX_POINT('',#11839);
#3431=VERTEX_POINT('',#11841);
#3432=VERTEX_POINT('',#11843);
#3433=VERTEX_POINT('',#11845);
#3434=VERTEX_POINT('',#11847);
#3435=VERTEX_POINT('',#11849);
#3436=VERTEX_POINT('',#11851);
#3437=VERTEX_POINT('',#11853);
#3438=VERTEX_POINT('',#11855);
#3439=VERTEX_POINT('',#11857);
#3440=VERTEX_POINT('',#11859);
#3441=VERTEX_POINT('',#11861);
#3442=VERTEX_POINT('',#11863);
#3443=VERTEX_POINT('',#11865);
#3444=VERTEX_POINT('',#11867);
#3445=VERTEX_POINT('',#11869);
#3446=VERTEX_POINT('',#11871);
#3447=VERTEX_POINT('',#11874);
#3448=VERTEX_POINT('',#11875);
#3449=VERTEX_POINT('',#11877);
#3450=VERTEX_POINT('',#11879);
#3451=VERTEX_POINT('',#11881);
#3452=VERTEX_POINT('',#11883);
#3453=VERTEX_POINT('',#11885);
#3454=VERTEX_POINT('',#11887);
#3455=VERTEX_POINT('',#11889);
#3456=VERTEX_POINT('',#11891);
#3457=VERTEX_POINT('',#11893);
#3458=VERTEX_POINT('',#11895);
#3459=VERTEX_POINT('',#11897);
#3460=VERTEX_POINT('',#11899);
#3461=VERTEX_POINT('',#11901);
#3462=VERTEX_POINT('',#11903);
#3463=VERTEX_POINT('',#11905);
#3464=VERTEX_POINT('',#11907);
#3465=VERTEX_POINT('',#11909);
#3466=VERTEX_POINT('',#11911);
#3467=VERTEX_POINT('',#11913);
#3468=VERTEX_POINT('',#11915);
#3469=VERTEX_POINT('',#11917);
#3470=VERTEX_POINT('',#11919);
#3471=VERTEX_POINT('',#11921);
#3472=VERTEX_POINT('',#11923);
#3473=VERTEX_POINT('',#11925);
#3474=VERTEX_POINT('',#11927);
#3475=VERTEX_POINT('',#11929);
#3476=VERTEX_POINT('',#11931);
#3477=VERTEX_POINT('',#11933);
#3478=VERTEX_POINT('',#11935);
#3479=VERTEX_POINT('',#11937);
#3480=VERTEX_POINT('',#11939);
#3481=VERTEX_POINT('',#11941);
#3482=VERTEX_POINT('',#11943);
#3483=VERTEX_POINT('',#11945);
#3484=VERTEX_POINT('',#11947);
#3485=VERTEX_POINT('',#11949);
#3486=VERTEX_POINT('',#11951);
#3487=VERTEX_POINT('',#11953);
#3488=VERTEX_POINT('',#11955);
#3489=VERTEX_POINT('',#11957);
#3490=VERTEX_POINT('',#11959);
#3491=VERTEX_POINT('',#11961);
#3492=VERTEX_POINT('',#11964);
#3493=VERTEX_POINT('',#11965);
#3494=VERTEX_POINT('',#11967);
#3495=VERTEX_POINT('',#11969);
#3496=VERTEX_POINT('',#11973);
#3497=VERTEX_POINT('',#11975);
#3498=VERTEX_POINT('',#11979);
#3499=VERTEX_POINT('',#11983);
#3500=VERTEX_POINT('',#11987);
#3501=VERTEX_POINT('',#11989);
#3502=VERTEX_POINT('',#11993);
#3503=VERTEX_POINT('',#11997);
#3504=VERTEX_POINT('',#11999);
#3505=VERTEX_POINT('',#12005);
#3506=VERTEX_POINT('',#12009);
#3507=VERTEX_POINT('',#12013);
#3508=VERTEX_POINT('',#12017);
#3509=VERTEX_POINT('',#12021);
#3510=VERTEX_POINT('',#12025);
#3511=VERTEX_POINT('',#12033);
#3512=VERTEX_POINT('',#12035);
#3513=VERTEX_POINT('',#12039);
#3514=VERTEX_POINT('',#12052);
#3515=VERTEX_POINT('',#12054);
#3516=VERTEX_POINT('',#12059);
#3517=VERTEX_POINT('',#12061);
#3518=VERTEX_POINT('',#12063);
#3519=VERTEX_POINT('',#12065);
#3520=VERTEX_POINT('',#12067);
#3521=VERTEX_POINT('',#12069);
#3522=VERTEX_POINT('',#12071);
#3523=VERTEX_POINT('',#12073);
#3524=VERTEX_POINT('',#12075);
#3525=VERTEX_POINT('',#12077);
#3526=VERTEX_POINT('',#12079);
#3527=VERTEX_POINT('',#12081);
#3528=VERTEX_POINT('',#12083);
#3529=VERTEX_POINT('',#12085);
#3530=VERTEX_POINT('',#12087);
#3531=VERTEX_POINT('',#12089);
#3532=VERTEX_POINT('',#12091);
#3533=VERTEX_POINT('',#12093);
#3534=VERTEX_POINT('',#12095);
#3535=VERTEX_POINT('',#12097);
#3536=VERTEX_POINT('',#12099);
#3537=VERTEX_POINT('',#12102);
#3538=VERTEX_POINT('',#12144);
#3539=VERTEX_POINT('',#12146);
#3540=VERTEX_POINT('',#12150);
#3541=VERTEX_POINT('',#12154);
#3542=VERTEX_POINT('',#12156);
#3543=VERTEX_POINT('',#12160);
#3544=VERTEX_POINT('',#12164);
#3545=VERTEX_POINT('',#12168);
#3546=VERTEX_POINT('',#12170);
#3547=VERTEX_POINT('',#12174);
#3548=VERTEX_POINT('',#12176);
#3549=VERTEX_POINT('',#12178);
#3550=VERTEX_POINT('',#12180);
#3551=VERTEX_POINT('',#12182);
#3552=VERTEX_POINT('',#12184);
#3553=VERTEX_POINT('',#12186);
#3554=VERTEX_POINT('',#12188);
#3555=VERTEX_POINT('',#12190);
#3556=VERTEX_POINT('',#12192);
#3557=VERTEX_POINT('',#12194);
#3558=VERTEX_POINT('',#12196);
#3559=VERTEX_POINT('',#12198);
#3560=VERTEX_POINT('',#12200);
#3561=VERTEX_POINT('',#12202);
#3562=VERTEX_POINT('',#12204);
#3563=VERTEX_POINT('',#12206);
#3564=VERTEX_POINT('',#12208);
#3565=VERTEX_POINT('',#12210);
#3566=VERTEX_POINT('',#12212);
#3567=VERTEX_POINT('',#12214);
#3568=VERTEX_POINT('',#12216);
#3569=VERTEX_POINT('',#12218);
#3570=VERTEX_POINT('',#12220);
#3571=VERTEX_POINT('',#12222);
#3572=VERTEX_POINT('',#12224);
#3573=VERTEX_POINT('',#12226);
#3574=VERTEX_POINT('',#12228);
#3575=VERTEX_POINT('',#12230);
#3576=VERTEX_POINT('',#12233);
#3577=VERTEX_POINT('',#12235);
#3578=VERTEX_POINT('',#12237);
#3579=VERTEX_POINT('',#12239);
#3580=VERTEX_POINT('',#12241);
#3581=VERTEX_POINT('',#12244);
#3582=VERTEX_POINT('',#12246);
#3583=VERTEX_POINT('',#12248);
#3584=VERTEX_POINT('',#12327);
#3585=VERTEX_POINT('',#12329);
#3586=VERTEX_POINT('',#12333);
#3587=VERTEX_POINT('',#12337);
#3588=VERTEX_POINT('',#12339);
#3589=VERTEX_POINT('',#12343);
#3590=VERTEX_POINT('',#12347);
#3591=VERTEX_POINT('',#12351);
#3592=VERTEX_POINT('',#12353);
#3593=VERTEX_POINT('',#12357);
#3594=VERTEX_POINT('',#12359);
#3595=VERTEX_POINT('',#12361);
#3596=VERTEX_POINT('',#12363);
#3597=VERTEX_POINT('',#12365);
#3598=VERTEX_POINT('',#12367);
#3599=VERTEX_POINT('',#12369);
#3600=VERTEX_POINT('',#12371);
#3601=VERTEX_POINT('',#12373);
#3602=VERTEX_POINT('',#12375);
#3603=VERTEX_POINT('',#12377);
#3604=VERTEX_POINT('',#12379);
#3605=VERTEX_POINT('',#12381);
#3606=VERTEX_POINT('',#12383);
#3607=VERTEX_POINT('',#12385);
#3608=VERTEX_POINT('',#12387);
#3609=VERTEX_POINT('',#12389);
#3610=VERTEX_POINT('',#12391);
#3611=VERTEX_POINT('',#12393);
#3612=VERTEX_POINT('',#12395);
#3613=VERTEX_POINT('',#12397);
#3614=VERTEX_POINT('',#12399);
#3615=VERTEX_POINT('',#12401);
#3616=VERTEX_POINT('',#12403);
#3617=VERTEX_POINT('',#12405);
#3618=VERTEX_POINT('',#12407);
#3619=VERTEX_POINT('',#12409);
#3620=VERTEX_POINT('',#12411);
#3621=VERTEX_POINT('',#12413);
#3622=VERTEX_POINT('',#12416);
#3623=VERTEX_POINT('',#12418);
#3624=VERTEX_POINT('',#12420);
#3625=VERTEX_POINT('',#12422);
#3626=VERTEX_POINT('',#12424);
#3627=VERTEX_POINT('',#12427);
#3628=VERTEX_POINT('',#12429);
#3629=VERTEX_POINT('',#12431);
#3630=VERTEX_POINT('',#12510);
#3631=VERTEX_POINT('',#12512);
#3632=VERTEX_POINT('',#12516);
#3633=VERTEX_POINT('',#12520);
#3634=VERTEX_POINT('',#12524);
#3635=VERTEX_POINT('',#12526);
#3636=VERTEX_POINT('',#12530);
#3637=VERTEX_POINT('',#12534);
#3638=VERTEX_POINT('',#12538);
#3639=VERTEX_POINT('',#12540);
#3640=VERTEX_POINT('',#12544);
#3641=VERTEX_POINT('',#12548);
#3642=VERTEX_POINT('',#12550);
#3643=VERTEX_POINT('',#12556);
#3644=VERTEX_POINT('',#12560);
#3645=VERTEX_POINT('',#12564);
#3646=VERTEX_POINT('',#12568);
#3647=VERTEX_POINT('',#12572);
#3648=VERTEX_POINT('',#12576);
#3649=VERTEX_POINT('',#12584);
#3650=VERTEX_POINT('',#12586);
#3651=VERTEX_POINT('',#12590);
#3652=VERTEX_POINT('',#12603);
#3653=VERTEX_POINT('',#12605);
#3654=VERTEX_POINT('',#12610);
#3655=VERTEX_POINT('',#12612);
#3656=VERTEX_POINT('',#12614);
#3657=VERTEX_POINT('',#12616);
#3658=VERTEX_POINT('',#12618);
#3659=VERTEX_POINT('',#12620);
#3660=VERTEX_POINT('',#12622);
#3661=VERTEX_POINT('',#12624);
#3662=VERTEX_POINT('',#12626);
#3663=VERTEX_POINT('',#12628);
#3664=VERTEX_POINT('',#12630);
#3665=VERTEX_POINT('',#12632);
#3666=VERTEX_POINT('',#12634);
#3667=VERTEX_POINT('',#12636);
#3668=VERTEX_POINT('',#12638);
#3669=VERTEX_POINT('',#12640);
#3670=VERTEX_POINT('',#12642);
#3671=VERTEX_POINT('',#12644);
#3672=VERTEX_POINT('',#12646);
#3673=VERTEX_POINT('',#12648);
#3674=VERTEX_POINT('',#12650);
#3675=VERTEX_POINT('',#12653);
#3676=VERTEX_POINT('',#12877);
#3677=VERTEX_POINT('',#12879);
#3678=VERTEX_POINT('',#12883);
#3679=VERTEX_POINT('',#12887);
#3680=VERTEX_POINT('',#12893);
#3681=VERTEX_POINT('',#12895);
#3682=VERTEX_POINT('',#12899);
#3683=VERTEX_POINT('',#12903);
#3684=VERTEX_POINT('',#12909);
#3685=VERTEX_POINT('',#12911);
#3686=VERTEX_POINT('',#12915);
#3687=VERTEX_POINT('',#12919);
#3688=VERTEX_POINT('',#12925);
#3689=VERTEX_POINT('',#12927);
#3690=VERTEX_POINT('',#12931);
#3691=VERTEX_POINT('',#12935);
#3692=VERTEX_POINT('',#12939);
#3693=VERTEX_POINT('',#12943);
#3694=VERTEX_POINT('',#12947);
#3695=VERTEX_POINT('',#12951);
#3696=VERTEX_POINT('',#12958);
#3697=VERTEX_POINT('',#12959);
#3698=VERTEX_POINT('',#12961);
#3699=VERTEX_POINT('',#12965);
#3700=VERTEX_POINT('',#12967);
#3701=VERTEX_POINT('',#12971);
#3702=VERTEX_POINT('',#12975);
#3703=VERTEX_POINT('',#12977);
#3704=VERTEX_POINT('',#12979);
#3705=VERTEX_POINT('',#12983);
#3706=VERTEX_POINT('',#12985);
#3707=VERTEX_POINT('',#12989);
#3708=VERTEX_POINT('',#12997);
#3709=VERTEX_POINT('',#12998);
#3710=VERTEX_POINT('',#13000);
#3711=VERTEX_POINT('',#13004);
#3712=VERTEX_POINT('',#13005);
#3713=VERTEX_POINT('',#13008);
#3714=VERTEX_POINT('',#13010);
#3715=VERTEX_POINT('',#13014);
#3716=VERTEX_POINT('',#13020);
#3717=VERTEX_POINT('',#13022);
#3718=VERTEX_POINT('',#13026);
#3719=VERTEX_POINT('',#13028);
#3720=VERTEX_POINT('',#13036);
#3721=VERTEX_POINT('',#13037);
#3722=VERTEX_POINT('',#13039);
#3723=VERTEX_POINT('',#13041);
#3724=VERTEX_POINT('',#13045);
#3725=VERTEX_POINT('',#13047);
#3726=VERTEX_POINT('',#13051);
#3727=VERTEX_POINT('',#13053);
#3728=VERTEX_POINT('',#13057);
#3729=VERTEX_POINT('',#13059);
#3730=VERTEX_POINT('',#13061);
#3731=VERTEX_POINT('',#13067);
#3732=VERTEX_POINT('',#13073);
#3733=VERTEX_POINT('',#13079);
#3734=VERTEX_POINT('',#13085);
#3735=VERTEX_POINT('',#13091);
#3736=VERTEX_POINT('',#13097);
#3737=VERTEX_POINT('',#13103);
#3738=VERTEX_POINT('',#13109);
#3739=VERTEX_POINT('',#13115);
#3740=VERTEX_POINT('',#13121);
#3741=VERTEX_POINT('',#13123);
#3742=VERTEX_POINT('',#13125);
#3743=VERTEX_POINT('',#13128);
#3744=VERTEX_POINT('',#13129);
#3745=VERTEX_POINT('',#13131);
#3746=VERTEX_POINT('',#13133);
#3747=VERTEX_POINT('',#13135);
#3748=VERTEX_POINT('',#13137);
#3749=VERTEX_POINT('',#13139);
#3750=VERTEX_POINT('',#13141);
#3751=VERTEX_POINT('',#13143);
#3752=VERTEX_POINT('',#13145);
#3753=VERTEX_POINT('',#13148);
#3754=VERTEX_POINT('',#13149);
#3755=VERTEX_POINT('',#13151);
#3756=VERTEX_POINT('',#13153);
#3757=VERTEX_POINT('',#13155);
#3758=VERTEX_POINT('',#13157);
#3759=VERTEX_POINT('',#13159);
#3760=VERTEX_POINT('',#13161);
#3761=VERTEX_POINT('',#13163);
#3762=VERTEX_POINT('',#13165);
#3763=VERTEX_POINT('',#13168);
#3764=VERTEX_POINT('',#13169);
#3765=VERTEX_POINT('',#13175);
#3766=VERTEX_POINT('',#13181);
#3767=VERTEX_POINT('',#13187);
#3768=VERTEX_POINT('',#13193);
#3769=VERTEX_POINT('',#13199);
#3770=VERTEX_POINT('',#13205);
#3771=VERTEX_POINT('',#13211);
#3772=VERTEX_POINT('',#13217);
#3773=VERTEX_POINT('',#13228);
#3774=VERTEX_POINT('',#13229);
#3775=VERTEX_POINT('',#13231);
#3776=VERTEX_POINT('',#13233);
#3777=VERTEX_POINT('',#13235);
#3778=VERTEX_POINT('',#13237);
#3779=VERTEX_POINT('',#13239);
#3780=VERTEX_POINT('',#13241);
#3781=VERTEX_POINT('',#13243);
#3782=VERTEX_POINT('',#13245);
#3783=VERTEX_POINT('',#13249);
#3784=VERTEX_POINT('',#13251);
#3785=VERTEX_POINT('',#13255);
#3786=VERTEX_POINT('',#13259);
#3787=VERTEX_POINT('',#13263);
#3788=VERTEX_POINT('',#13267);
#3789=VERTEX_POINT('',#13271);
#3790=VERTEX_POINT('',#13275);
#3791=VERTEX_POINT('',#13279);
#3792=VERTEX_POINT('',#13283);
#3793=VERTEX_POINT('',#13290);
#3794=VERTEX_POINT('',#13292);
#3795=VERTEX_POINT('',#13296);
#3796=VERTEX_POINT('',#13300);
#3797=VERTEX_POINT('',#13304);
#3798=VERTEX_POINT('',#13308);
#3799=VERTEX_POINT('',#13312);
#3800=VERTEX_POINT('',#13316);
#3801=VERTEX_POINT('',#13320);
#3802=VERTEX_POINT('',#13324);
#3803=VERTEX_POINT('',#13340);
#3804=VERTEX_POINT('',#13341);
#3805=VERTEX_POINT('',#13347);
#3806=VERTEX_POINT('',#13349);
#3807=VERTEX_POINT('',#13366);
#3808=VERTEX_POINT('',#13372);
#3809=VERTEX_POINT('',#13389);
#3810=VERTEX_POINT('',#13395);
#3811=VERTEX_POINT('',#13412);
#3812=VERTEX_POINT('',#13418);
#3813=VERTEX_POINT('',#13435);
#3814=VERTEX_POINT('',#13441);
#3815=VERTEX_POINT('',#13458);
#3816=VERTEX_POINT('',#13464);
#3817=VERTEX_POINT('',#13481);
#3818=VERTEX_POINT('',#13487);
#3819=VERTEX_POINT('',#13524);
#3820=VERTEX_POINT('',#13526);
#3821=VERTEX_POINT('',#13543);
#3822=VERTEX_POINT('',#13560);
#3823=VERTEX_POINT('',#13577);
#3824=VERTEX_POINT('',#13594);
#3825=VERTEX_POINT('',#13611);
#3826=VERTEX_POINT('',#13628);
#3827=VERTEX_POINT('',#13645);
#3828=VERTEX_POINT('',#13662);
#3829=VERTEX_POINT('',#13686);
#3830=VERTEX_POINT('',#13688);
#3831=VERTEX_POINT('',#13692);
#3832=VERTEX_POINT('',#13696);
#3833=VERTEX_POINT('',#13700);
#3834=VERTEX_POINT('',#13704);
#3835=VERTEX_POINT('',#13708);
#3836=VERTEX_POINT('',#13712);
#3837=VERTEX_POINT('',#13716);
#3838=VERTEX_POINT('',#13720);
#3839=VERTEX_POINT('',#13736);
#3840=VERTEX_POINT('',#13753);
#3841=VERTEX_POINT('',#13755);
#3842=VERTEX_POINT('',#13772);
#3843=VERTEX_POINT('',#13773);
#3844=VERTEX_POINT('',#13779);
#3845=VERTEX_POINT('',#13781);
#3846=VERTEX_POINT('',#13798);
#3847=VERTEX_POINT('',#13804);
#3848=VERTEX_POINT('',#13821);
#3849=VERTEX_POINT('',#13827);
#3850=VERTEX_POINT('',#13844);
#3851=VERTEX_POINT('',#13850);
#3852=VERTEX_POINT('',#13867);
#3853=VERTEX_POINT('',#13873);
#3854=VERTEX_POINT('',#13890);
#3855=VERTEX_POINT('',#13896);
#3856=VERTEX_POINT('',#13913);
#3857=VERTEX_POINT('',#13919);
#3858=VERTEX_POINT('',#13956);
#3859=VERTEX_POINT('',#13973);
#3860=VERTEX_POINT('',#13990);
#3861=VERTEX_POINT('',#14007);
#3862=VERTEX_POINT('',#14024);
#3863=VERTEX_POINT('',#14041);
#3864=VERTEX_POINT('',#14058);
#3865=VERTEX_POINT('',#14075);
#3866=VERTEX_POINT('',#14103);
#3867=VERTEX_POINT('',#14105);
#3868=VERTEX_POINT('',#14110);
#3869=VERTEX_POINT('',#14111);
#3870=VERTEX_POINT('',#14113);
#3871=VERTEX_POINT('',#14115);
#3872=VERTEX_POINT('',#14117);
#3873=VERTEX_POINT('',#14119);
#3874=VERTEX_POINT('',#14136);
#3875=VERTEX_POINT('',#14138);
#3876=VERTEX_POINT('',#14142);
#3877=VERTEX_POINT('',#14144);
#3878=VERTEX_POINT('',#14176);
#3879=VERTEX_POINT('',#14177);
#3880=VERTEX_POINT('',#14179);
#3881=VERTEX_POINT('',#14181);
#3882=VERTEX_POINT('',#14183);
#3883=VERTEX_POINT('',#14185);
#3884=VERTEX_POINT('',#14202);
#3885=VERTEX_POINT('',#14221);
#3886=VERTEX_POINT('',#14223);
#3887=VERTEX_POINT('',#14241);
#3888=VERTEX_POINT('',#14243);
#3889=VERTEX_POINT('',#14247);
#3890=VERTEX_POINT('',#14255);
#3891=VERTEX_POINT('',#14256);
#3892=VERTEX_POINT('',#14258);
#3893=VERTEX_POINT('',#14260);
#3894=VERTEX_POINT('',#14264);
#3895=VERTEX_POINT('',#14266);
#3896=VERTEX_POINT('',#14270);
#3897=VERTEX_POINT('',#14271);
#3898=VERTEX_POINT('',#14273);
#3899=VERTEX_POINT('',#14275);
#3900=VERTEX_POINT('',#14279);
#3901=VERTEX_POINT('',#14281);
#3902=VERTEX_POINT('',#14285);
#3903=VERTEX_POINT('',#14287);
#3904=VERTEX_POINT('',#14292);
#3905=VERTEX_POINT('',#14295);
#3906=VERTEX_POINT('',#14297);
#3907=VERTEX_POINT('',#14299);
#3908=VERTEX_POINT('',#14301);
#3909=VERTEX_POINT('',#14303);
#3910=VERTEX_POINT('',#14305);
#3911=VERTEX_POINT('',#14307);
#3912=VERTEX_POINT('',#14309);
#3913=VERTEX_POINT('',#14311);
#3914=VERTEX_POINT('',#14313);
#3915=VERTEX_POINT('',#14315);
#3916=VERTEX_POINT('',#14317);
#3917=VERTEX_POINT('',#14319);
#3918=VERTEX_POINT('',#14321);
#3919=VERTEX_POINT('',#14323);
#3920=VERTEX_POINT('',#14325);
#3921=VERTEX_POINT('',#14327);
#3922=VERTEX_POINT('',#14329);
#3923=VERTEX_POINT('',#14331);
#3924=VERTEX_POINT('',#14333);
#3925=VERTEX_POINT('',#14335);
#3926=VERTEX_POINT('',#14337);
#3927=VERTEX_POINT('',#14339);
#3928=VERTEX_POINT('',#14341);
#3929=VERTEX_POINT('',#14343);
#3930=VERTEX_POINT('',#14345);
#3931=VERTEX_POINT('',#14347);
#3932=VERTEX_POINT('',#14349);
#3933=VERTEX_POINT('',#14351);
#3934=VERTEX_POINT('',#14353);
#3935=VERTEX_POINT('',#14355);
#3936=VERTEX_POINT('',#14357);
#3937=VERTEX_POINT('',#14359);
#3938=VERTEX_POINT('',#14361);
#3939=VERTEX_POINT('',#14363);
#3940=VERTEX_POINT('',#14365);
#3941=VERTEX_POINT('',#14367);
#3942=VERTEX_POINT('',#14369);
#3943=VERTEX_POINT('',#14371);
#3944=VERTEX_POINT('',#14373);
#3945=VERTEX_POINT('',#14375);
#3946=VERTEX_POINT('',#14377);
#3947=VERTEX_POINT('',#14379);
#3948=VERTEX_POINT('',#14381);
#3949=VERTEX_POINT('',#14383);
#3950=VERTEX_POINT('',#14385);
#3951=VERTEX_POINT('',#14387);
#3952=VERTEX_POINT('',#14389);
#3953=VERTEX_POINT('',#14391);
#3954=VERTEX_POINT('',#14393);
#3955=VERTEX_POINT('',#14395);
#3956=VERTEX_POINT('',#14397);
#3957=VERTEX_POINT('',#14399);
#3958=VERTEX_POINT('',#14401);
#3959=VERTEX_POINT('',#14403);
#3960=VERTEX_POINT('',#14405);
#3961=VERTEX_POINT('',#14407);
#3962=VERTEX_POINT('',#14409);
#3963=VERTEX_POINT('',#14411);
#3964=VERTEX_POINT('',#14413);
#3965=VERTEX_POINT('',#14415);
#3966=VERTEX_POINT('',#14417);
#3967=VERTEX_POINT('',#14424);
#3968=VERTEX_POINT('',#14426);
#3969=VERTEX_POINT('',#14429);
#3970=VERTEX_POINT('',#14433);
#3971=VERTEX_POINT('',#14434);
#3972=VERTEX_POINT('',#14436);
#3973=VERTEX_POINT('',#14438);
#3974=VERTEX_POINT('',#14440);
#3975=VERTEX_POINT('',#14442);
#3976=VERTEX_POINT('',#14444);
#3977=VERTEX_POINT('',#14446);
#3978=VERTEX_POINT('',#14448);
#3979=VERTEX_POINT('',#14450);
#3980=VERTEX_POINT('',#14452);
#3981=VERTEX_POINT('',#14454);
#3982=VERTEX_POINT('',#14456);
#3983=VERTEX_POINT('',#14458);
#3984=VERTEX_POINT('',#14460);
#3985=VERTEX_POINT('',#14462);
#3986=VERTEX_POINT('',#14464);
#3987=VERTEX_POINT('',#14466);
#3988=VERTEX_POINT('',#14468);
#3989=VERTEX_POINT('',#14470);
#3990=VERTEX_POINT('',#14472);
#3991=VERTEX_POINT('',#14474);
#3992=VERTEX_POINT('',#14476);
#3993=VERTEX_POINT('',#14478);
#3994=VERTEX_POINT('',#14480);
#3995=VERTEX_POINT('',#14482);
#3996=VERTEX_POINT('',#14484);
#3997=VERTEX_POINT('',#14486);
#3998=VERTEX_POINT('',#14488);
#3999=VERTEX_POINT('',#14490);
#4000=VERTEX_POINT('',#14492);
#4001=VERTEX_POINT('',#14494);
#4002=VERTEX_POINT('',#14496);
#4003=VERTEX_POINT('',#14498);
#4004=VERTEX_POINT('',#14500);
#4005=VERTEX_POINT('',#14502);
#4006=VERTEX_POINT('',#14504);
#4007=VERTEX_POINT('',#14506);
#4008=VERTEX_POINT('',#14508);
#4009=VERTEX_POINT('',#14510);
#4010=VERTEX_POINT('',#14512);
#4011=VERTEX_POINT('',#14514);
#4012=VERTEX_POINT('',#14516);
#4013=VERTEX_POINT('',#14518);
#4014=VERTEX_POINT('',#14520);
#4015=VERTEX_POINT('',#14522);
#4016=VERTEX_POINT('',#14524);
#4017=VERTEX_POINT('',#14526);
#4018=VERTEX_POINT('',#14528);
#4019=VERTEX_POINT('',#14530);
#4020=VERTEX_POINT('',#14532);
#4021=VERTEX_POINT('',#14534);
#4022=VERTEX_POINT('',#14539);
#4023=VERTEX_POINT('',#14540);
#4024=VERTEX_POINT('',#14542);
#4025=VERTEX_POINT('',#14544);
#4026=VERTEX_POINT('',#14546);
#4027=VERTEX_POINT('',#14548);
#4028=VERTEX_POINT('',#14550);
#4029=VERTEX_POINT('',#14552);
#4030=VERTEX_POINT('',#14554);
#4031=VERTEX_POINT('',#14556);
#4032=VERTEX_POINT('',#14558);
#4033=VERTEX_POINT('',#14560);
#4034=VERTEX_POINT('',#14562);
#4035=VERTEX_POINT('',#14564);
#4036=VERTEX_POINT('',#14566);
#4037=VERTEX_POINT('',#14570);
#4038=VERTEX_POINT('',#14572);
#4039=VERTEX_POINT('',#14574);
#4040=VERTEX_POINT('',#14576);
#4041=VERTEX_POINT('',#14583);
#4042=VERTEX_POINT('',#14584);
#4043=VERTEX_POINT('',#14599);
#4044=VERTEX_POINT('',#14601);
#4045=VERTEX_POINT('',#14628);
#4046=VERTEX_POINT('',#14629);
#4047=VERTEX_POINT('',#14644);
#4048=VERTEX_POINT('',#14646);
#4049=VERTEX_POINT('',#14688);
#4050=VERTEX_POINT('',#14689);
#4051=VERTEX_POINT('',#14704);
#4052=VERTEX_POINT('',#14706);
#4053=VERTEX_POINT('',#14748);
#4054=VERTEX_POINT('',#14757);
#4055=VERTEX_POINT('',#14759);
#4056=VERTEX_POINT('',#14761);
#4057=VERTEX_POINT('',#14778);
#4058=VERTEX_POINT('',#14780);
#4059=VERTEX_POINT('',#14782);
#4060=VERTEX_POINT('',#14791);
#4061=VERTEX_POINT('',#14793);
#4062=VERTEX_POINT('',#14809);
#4063=VERTEX_POINT('',#14813);
#4064=VERTEX_POINT('',#14828);
#4065=VERTEX_POINT('',#14852);
#4066=VERTEX_POINT('',#14854);
#4067=VERTEX_POINT('',#14970);
#4068=VERTEX_POINT('',#14972);
#4069=VERTEX_POINT('',#14976);
#4070=VERTEX_POINT('',#14982);
#4071=VERTEX_POINT('',#14985);
#4072=VERTEX_POINT('',#14991);
#4073=VERTEX_POINT('',#14994);
#4074=VERTEX_POINT('',#14996);
#4075=VERTEX_POINT('',#15000);
#4076=VERTEX_POINT('',#15006);
#4077=VERTEX_POINT('',#15009);
#4078=VERTEX_POINT('',#15015);
#4079=VERTEX_POINT('',#15019);
#4080=VERTEX_POINT('',#15023);
#4081=VERTEX_POINT('',#15028);
#4082=VERTEX_POINT('',#15034);
#4083=EDGE_CURVE('',#3264,#3265,#2941,.T.);
#4084=EDGE_CURVE('',#3265,#3266,#1341,.T.);
#4085=EDGE_CURVE('',#3266,#3267,#2942,.T.);
#4086=EDGE_CURVE('',#3267,#3264,#1342,.T.);
#4087=EDGE_CURVE('',#3265,#3268,#1343,.T.);
#4088=EDGE_CURVE('',#3269,#3268,#1344,.T.);
#4089=EDGE_CURVE('',#3269,#3266,#1345,.T.);
#4090=EDGE_CURVE('',#3270,#3271,#2943,.T.);
#4091=EDGE_CURVE('',#3271,#3272,#1346,.T.);
#4092=EDGE_CURVE('',#3272,#3273,#2944,.T.);
#4093=EDGE_CURVE('',#3273,#3270,#1347,.T.);
#4094=EDGE_CURVE('',#3271,#3274,#1348,.T.);
#4095=EDGE_CURVE('',#3275,#3274,#1349,.T.);
#4096=EDGE_CURVE('',#3275,#3272,#1350,.T.);
#4097=EDGE_CURVE('',#3267,#3270,#1351,.T.);
#4098=EDGE_CURVE('',#3276,#3269,#1352,.T.);
#4099=EDGE_CURVE('',#3274,#3276,#2945,.T.);
#4100=EDGE_CURVE('',#3276,#3277,#1353,.T.);
#4101=EDGE_CURVE('',#3277,#3275,#2946,.T.);
#4102=EDGE_CURVE('',#3268,#3277,#1354,.T.);
#4103=EDGE_CURVE('',#3273,#3264,#1355,.T.);
#4104=EDGE_CURVE('',#3278,#3279,#2947,.T.);
#4105=EDGE_CURVE('',#3279,#3280,#1356,.T.);
#4106=EDGE_CURVE('',#3280,#3281,#2948,.T.);
#4107=EDGE_CURVE('',#3281,#3278,#1357,.T.);
#4108=EDGE_CURVE('',#3282,#3279,#1358,.T.);
#4109=EDGE_CURVE('',#3282,#3283,#1359,.T.);
#4110=EDGE_CURVE('',#3280,#3283,#1360,.T.);
#4111=EDGE_CURVE('',#3284,#3285,#2949,.T.);
#4112=EDGE_CURVE('',#3285,#3286,#1361,.T.);
#4113=EDGE_CURVE('',#3286,#3287,#2950,.T.);
#4114=EDGE_CURVE('',#3287,#3284,#1362,.T.);
#4115=EDGE_CURVE('',#3288,#3285,#1363,.T.);
#4116=EDGE_CURVE('',#3288,#3289,#1364,.T.);
#4117=EDGE_CURVE('',#3286,#3289,#1365,.T.);
#4118=EDGE_CURVE('',#3289,#3290,#2951,.T.);
#4119=EDGE_CURVE('',#3290,#3282,#1366,.T.);
#4120=EDGE_CURVE('',#3287,#3278,#1367,.T.);
#4121=EDGE_CURVE('',#3291,#3288,#2952,.T.);
#4122=EDGE_CURVE('',#3290,#3291,#1368,.T.);
#4123=EDGE_CURVE('',#3283,#3291,#1369,.T.);
#4124=EDGE_CURVE('',#3281,#3284,#1370,.T.);
#4125=EDGE_CURVE('',#3292,#3293,#1371,.T.);
#4126=EDGE_CURVE('',#3294,#3292,#2953,.T.);
#4127=EDGE_CURVE('',#3295,#3294,#1372,.T.);
#4128=EDGE_CURVE('',#3293,#3295,#2954,.T.);
#4129=EDGE_CURVE('',#3296,#3294,#1373,.T.);
#4130=EDGE_CURVE('',#3297,#3296,#1374,.T.);
#4131=EDGE_CURVE('',#3295,#3297,#1375,.T.);
#4132=EDGE_CURVE('',#3298,#3293,#1376,.T.);
#4133=EDGE_CURVE('',#3298,#3299,#1377,.T.);
#4134=EDGE_CURVE('',#3292,#3299,#1378,.T.);
#4135=EDGE_CURVE('',#3300,#3301,#1379,.T.);
#4136=EDGE_CURVE('',#3301,#3302,#1380,.T.);
#4137=EDGE_CURVE('',#3302,#3303,#1381,.T.);
#4138=EDGE_CURVE('',#3304,#3303,#1382,.T.);
#4139=EDGE_CURVE('',#3305,#3304,#2955,.T.);
#4140=EDGE_CURVE('',#3306,#3305,#1383,.T.);
#4141=EDGE_CURVE('',#3307,#3306,#2956,.T.);
#4142=EDGE_CURVE('',#3308,#3307,#1384,.T.);
#4143=EDGE_CURVE('',#3308,#3309,#1385,.T.);
#4144=EDGE_CURVE('',#3309,#3310,#1386,.T.);
#4145=EDGE_CURVE('',#3310,#3311,#1387,.T.);
#4146=EDGE_CURVE('',#3312,#3311,#1388,.T.);
#4147=EDGE_CURVE('',#3313,#3312,#2957,.T.);
#4148=EDGE_CURVE('',#3314,#3313,#1389,.T.);
#4149=EDGE_CURVE('',#3315,#3314,#2958,.T.);
#4150=EDGE_CURVE('',#3300,#3315,#1390,.T.);
#4151=EDGE_CURVE('',#3297,#3316,#2959,.T.);
#4152=EDGE_CURVE('',#3316,#3317,#1391,.T.);
#4153=EDGE_CURVE('',#3317,#3318,#2960,.T.);
#4154=EDGE_CURVE('',#3318,#3319,#1392,.T.);
#4155=EDGE_CURVE('',#3319,#3320,#2961,.T.);
#4156=EDGE_CURVE('',#3320,#3321,#1393,.T.);
#4157=EDGE_CURVE('',#3321,#3322,#2962,.T.);
#4158=EDGE_CURVE('',#3322,#3323,#1394,.T.);
#4159=EDGE_CURVE('',#3323,#3324,#2963,.T.);
#4160=EDGE_CURVE('',#3324,#3325,#1395,.T.);
#4161=EDGE_CURVE('',#3325,#3326,#2964,.T.);
#4162=EDGE_CURVE('',#3326,#3327,#1396,.T.);
#4163=EDGE_CURVE('',#3327,#3328,#2965,.T.);
#4164=EDGE_CURVE('',#3328,#3329,#1397,.T.);
#4165=EDGE_CURVE('',#3329,#3330,#2966,.T.);
#4166=EDGE_CURVE('',#3330,#3331,#1398,.T.);
#4167=EDGE_CURVE('',#3331,#3332,#2967,.T.);
#4168=EDGE_CURVE('',#3332,#3333,#1399,.T.);
#4169=EDGE_CURVE('',#3333,#3334,#2968,.T.);
#4170=EDGE_CURVE('',#3334,#3335,#1400,.T.);
#4171=EDGE_CURVE('',#3335,#3336,#2969,.T.);
#4172=EDGE_CURVE('',#3336,#3337,#2970,.T.);
#4173=EDGE_CURVE('',#3338,#3337,#1401,.T.);
#4174=EDGE_CURVE('',#3339,#3338,#1402,.T.);
#4175=EDGE_CURVE('',#3339,#3340,#2971,.T.);
#4176=EDGE_CURVE('',#3340,#3341,#2972,.T.);
#4177=EDGE_CURVE('',#3341,#3342,#1403,.T.);
#4178=EDGE_CURVE('',#3342,#3343,#2973,.T.);
#4179=EDGE_CURVE('',#3343,#3344,#1404,.T.);
#4180=EDGE_CURVE('',#3344,#3345,#2974,.T.);
#4181=EDGE_CURVE('',#3345,#3346,#1405,.T.);
#4182=EDGE_CURVE('',#3346,#3347,#2975,.T.);
#4183=EDGE_CURVE('',#3347,#3348,#1406,.T.);
#4184=EDGE_CURVE('',#3348,#3349,#2976,.T.);
#4185=EDGE_CURVE('',#3349,#3350,#1407,.T.);
#4186=EDGE_CURVE('',#3350,#3351,#2977,.T.);
#4187=EDGE_CURVE('',#3351,#3352,#1408,.T.);
#4188=EDGE_CURVE('',#3352,#3353,#2978,.T.);
#4189=EDGE_CURVE('',#3353,#3354,#1409,.T.);
#4190=EDGE_CURVE('',#3354,#3355,#2979,.T.);
#4191=EDGE_CURVE('',#3355,#3356,#1410,.T.);
#4192=EDGE_CURVE('',#3356,#3298,#2980,.T.);
#4193=EDGE_CURVE('',#3357,#3358,#2981,.T.);
#4194=EDGE_CURVE('',#3358,#3359,#1411,.T.);
#4195=EDGE_CURVE('',#3359,#3360,#2982,.T.);
#4196=EDGE_CURVE('',#3360,#3361,#1412,.T.);
#4197=EDGE_CURVE('',#3361,#3362,#2983,.T.);
#4198=EDGE_CURVE('',#3362,#3363,#1413,.T.);
#4199=EDGE_CURVE('',#3363,#3364,#2984,.T.);
#4200=EDGE_CURVE('',#3364,#3365,#1414,.T.);
#4201=EDGE_CURVE('',#3365,#3366,#2985,.T.);
#4202=EDGE_CURVE('',#3366,#3367,#1415,.T.);
#4203=EDGE_CURVE('',#3367,#3368,#2986,.T.);
#4204=EDGE_CURVE('',#3368,#3369,#1416,.T.);
#4205=EDGE_CURVE('',#3369,#3370,#2987,.T.);
#4206=EDGE_CURVE('',#3370,#3371,#1417,.T.);
#4207=EDGE_CURVE('',#3371,#3372,#2988,.T.);
#4208=EDGE_CURVE('',#3372,#3373,#1418,.T.);
#4209=EDGE_CURVE('',#3373,#3374,#2989,.T.);
#4210=EDGE_CURVE('',#3374,#3375,#1419,.T.);
#4211=EDGE_CURVE('',#3375,#3376,#2990,.T.);
#4212=EDGE_CURVE('',#3376,#3377,#2991,.T.);
#4213=EDGE_CURVE('',#3378,#3377,#1420,.T.);
#4214=EDGE_CURVE('',#3379,#3378,#1421,.T.);
#4215=EDGE_CURVE('',#3379,#3380,#2992,.T.);
#4216=EDGE_CURVE('',#3380,#3381,#2993,.T.);
#4217=EDGE_CURVE('',#3381,#3382,#1422,.T.);
#4218=EDGE_CURVE('',#3382,#3383,#2994,.T.);
#4219=EDGE_CURVE('',#3383,#3384,#1423,.T.);
#4220=EDGE_CURVE('',#3384,#3385,#2995,.T.);
#4221=EDGE_CURVE('',#3385,#3386,#1424,.T.);
#4222=EDGE_CURVE('',#3386,#3387,#2996,.T.);
#4223=EDGE_CURVE('',#3387,#3388,#1425,.T.);
#4224=EDGE_CURVE('',#3388,#3389,#2997,.T.);
#4225=EDGE_CURVE('',#3389,#3390,#1426,.T.);
#4226=EDGE_CURVE('',#3390,#3391,#2998,.T.);
#4227=EDGE_CURVE('',#3391,#3392,#1427,.T.);
#4228=EDGE_CURVE('',#3392,#3393,#2999,.T.);
#4229=EDGE_CURVE('',#3393,#3394,#1428,.T.);
#4230=EDGE_CURVE('',#3394,#3395,#3000,.T.);
#4231=EDGE_CURVE('',#3395,#3396,#1429,.T.);
#4232=EDGE_CURVE('',#3396,#3397,#3001,.T.);
#4233=EDGE_CURVE('',#3397,#3398,#1430,.T.);
#4234=EDGE_CURVE('',#3398,#3399,#3002,.T.);
#4235=EDGE_CURVE('',#3399,#3400,#1431,.T.);
#4236=EDGE_CURVE('',#3400,#3401,#3003,.T.);
#4237=EDGE_CURVE('',#3401,#3357,#1432,.T.);
#4238=EDGE_CURVE('',#3402,#3403,#3004,.T.);
#4239=EDGE_CURVE('',#3403,#3404,#1433,.T.);
#4240=EDGE_CURVE('',#3404,#3405,#3005,.T.);
#4241=EDGE_CURVE('',#3405,#3406,#1434,.T.);
#4242=EDGE_CURVE('',#3406,#3407,#3006,.T.);
#4243=EDGE_CURVE('',#3407,#3408,#1435,.T.);
#4244=EDGE_CURVE('',#3408,#3409,#3007,.T.);
#4245=EDGE_CURVE('',#3409,#3410,#1436,.T.);
#4246=EDGE_CURVE('',#3410,#3411,#3008,.T.);
#4247=EDGE_CURVE('',#3411,#3412,#1437,.T.);
#4248=EDGE_CURVE('',#3412,#3413,#3009,.T.);
#4249=EDGE_CURVE('',#3413,#3414,#1438,.T.);
#4250=EDGE_CURVE('',#3414,#3415,#3010,.T.);
#4251=EDGE_CURVE('',#3415,#3416,#1439,.T.);
#4252=EDGE_CURVE('',#3416,#3417,#3011,.T.);
#4253=EDGE_CURVE('',#3417,#3418,#1440,.T.);
#4254=EDGE_CURVE('',#3418,#3419,#3012,.T.);
#4255=EDGE_CURVE('',#3419,#3420,#1441,.T.);
#4256=EDGE_CURVE('',#3420,#3421,#3013,.T.);
#4257=EDGE_CURVE('',#3421,#3422,#3014,.T.);
#4258=EDGE_CURVE('',#3423,#3422,#1442,.T.);
#4259=EDGE_CURVE('',#3424,#3423,#1443,.T.);
#4260=EDGE_CURVE('',#3424,#3425,#3015,.T.);
#4261=EDGE_CURVE('',#3425,#3426,#3016,.T.);
#4262=EDGE_CURVE('',#3426,#3427,#1444,.T.);
#4263=EDGE_CURVE('',#3427,#3428,#3017,.T.);
#4264=EDGE_CURVE('',#3428,#3429,#1445,.T.);
#4265=EDGE_CURVE('',#3429,#3430,#3018,.T.);
#4266=EDGE_CURVE('',#3430,#3431,#1446,.T.);
#4267=EDGE_CURVE('',#3431,#3432,#3019,.T.);
#4268=EDGE_CURVE('',#3432,#3433,#1447,.T.);
#4269=EDGE_CURVE('',#3433,#3434,#3020,.T.);
#4270=EDGE_CURVE('',#3434,#3435,#1448,.T.);
#4271=EDGE_CURVE('',#3435,#3436,#3021,.T.);
#4272=EDGE_CURVE('',#3436,#3437,#1449,.T.);
#4273=EDGE_CURVE('',#3437,#3438,#3022,.T.);
#4274=EDGE_CURVE('',#3438,#3439,#1450,.T.);
#4275=EDGE_CURVE('',#3439,#3440,#3023,.T.);
#4276=EDGE_CURVE('',#3440,#3441,#1451,.T.);
#4277=EDGE_CURVE('',#3441,#3442,#3024,.T.);
#4278=EDGE_CURVE('',#3442,#3443,#1452,.T.);
#4279=EDGE_CURVE('',#3443,#3444,#3025,.T.);
#4280=EDGE_CURVE('',#3444,#3445,#1453,.T.);
#4281=EDGE_CURVE('',#3445,#3446,#3026,.T.);
#4282=EDGE_CURVE('',#3446,#3402,#1454,.T.);
#4283=EDGE_CURVE('',#3447,#3448,#3027,.T.);
#4284=EDGE_CURVE('',#3448,#3449,#1455,.T.);
#4285=EDGE_CURVE('',#3449,#3450,#3028,.T.);
#4286=EDGE_CURVE('',#3450,#3451,#1456,.T.);
#4287=EDGE_CURVE('',#3451,#3452,#3029,.T.);
#4288=EDGE_CURVE('',#3452,#3453,#1457,.T.);
#4289=EDGE_CURVE('',#3453,#3454,#3030,.T.);
#4290=EDGE_CURVE('',#3454,#3455,#1458,.T.);
#4291=EDGE_CURVE('',#3455,#3456,#3031,.T.);
#4292=EDGE_CURVE('',#3456,#3457,#1459,.T.);
#4293=EDGE_CURVE('',#3457,#3458,#3032,.T.);
#4294=EDGE_CURVE('',#3458,#3459,#1460,.T.);
#4295=EDGE_CURVE('',#3459,#3460,#3033,.T.);
#4296=EDGE_CURVE('',#3460,#3461,#1461,.T.);
#4297=EDGE_CURVE('',#3461,#3462,#3034,.T.);
#4298=EDGE_CURVE('',#3462,#3463,#1462,.T.);
#4299=EDGE_CURVE('',#3463,#3464,#3035,.T.);
#4300=EDGE_CURVE('',#3464,#3465,#1463,.T.);
#4301=EDGE_CURVE('',#3465,#3466,#3036,.T.);
#4302=EDGE_CURVE('',#3466,#3467,#1464,.T.);
#4303=EDGE_CURVE('',#3467,#3468,#3037,.T.);
#4304=EDGE_CURVE('',#3468,#3469,#1465,.T.);
#4305=EDGE_CURVE('',#3469,#3470,#3038,.T.);
#4306=EDGE_CURVE('',#3470,#3471,#3039,.T.);
#4307=EDGE_CURVE('',#3472,#3471,#1466,.T.);
#4308=EDGE_CURVE('',#3473,#3472,#1467,.T.);
#4309=EDGE_CURVE('',#3473,#3474,#3040,.T.);
#4310=EDGE_CURVE('',#3474,#3475,#3041,.T.);
#4311=EDGE_CURVE('',#3475,#3476,#1468,.T.);
#4312=EDGE_CURVE('',#3476,#3477,#3042,.T.);
#4313=EDGE_CURVE('',#3477,#3478,#1469,.T.);
#4314=EDGE_CURVE('',#3478,#3479,#3043,.T.);
#4315=EDGE_CURVE('',#3479,#3480,#1470,.T.);
#4316=EDGE_CURVE('',#3480,#3481,#3044,.T.);
#4317=EDGE_CURVE('',#3481,#3482,#1471,.T.);
#4318=EDGE_CURVE('',#3482,#3483,#3045,.T.);
#4319=EDGE_CURVE('',#3483,#3484,#1472,.T.);
#4320=EDGE_CURVE('',#3484,#3485,#3046,.T.);
#4321=EDGE_CURVE('',#3485,#3486,#1473,.T.);
#4322=EDGE_CURVE('',#3486,#3487,#3047,.T.);
#4323=EDGE_CURVE('',#3487,#3488,#1474,.T.);
#4324=EDGE_CURVE('',#3488,#3489,#3048,.T.);
#4325=EDGE_CURVE('',#3489,#3490,#1475,.T.);
#4326=EDGE_CURVE('',#3490,#3491,#3049,.T.);
#4327=EDGE_CURVE('',#3491,#3447,#1476,.T.);
#4328=EDGE_CURVE('',#3492,#3493,#1477,.T.);
#4329=EDGE_CURVE('',#3493,#3494,#1478,.T.);
#4330=EDGE_CURVE('',#3494,#3495,#1479,.T.);
#4331=EDGE_CURVE('',#3495,#3492,#1480,.T.);
#4332=EDGE_CURVE('',#3496,#3344,#1481,.T.);
#4333=EDGE_CURVE('',#3497,#3496,#3050,.T.);
#4334=EDGE_CURVE('',#3345,#3497,#1482,.T.);
#4335=EDGE_CURVE('',#3498,#3497,#1483,.T.);
#4336=EDGE_CURVE('',#3498,#3346,#1484,.T.);
#4337=EDGE_CURVE('',#3343,#3499,#1485,.T.);
#4338=EDGE_CURVE('',#3496,#3499,#1486,.T.);
#4339=EDGE_CURVE('',#3500,#3352,#1487,.T.);
#4340=EDGE_CURVE('',#3501,#3500,#3051,.T.);
#4341=EDGE_CURVE('',#3353,#3501,#1488,.T.);
#4342=EDGE_CURVE('',#3502,#3501,#1489,.T.);
#4343=EDGE_CURVE('',#3502,#3354,#1490,.T.);
#4344=EDGE_CURVE('',#3503,#3350,#1491,.T.);
#4345=EDGE_CURVE('',#3504,#3503,#3052,.T.);
#4346=EDGE_CURVE('',#3351,#3504,#1492,.T.);
#4347=EDGE_CURVE('',#3500,#3504,#1493,.T.);
#4348=EDGE_CURVE('',#3349,#3505,#1494,.T.);
#4349=EDGE_CURVE('',#3503,#3505,#1495,.T.);
#4350=EDGE_CURVE('',#3506,#3342,#1496,.T.);
#4351=EDGE_CURVE('',#3499,#3506,#3053,.T.);
#4352=EDGE_CURVE('',#3507,#3356,#1497,.T.);
#4353=EDGE_CURVE('',#3299,#3507,#3054,.T.);
#4354=EDGE_CURVE('',#3355,#3508,#1498,.T.);
#4355=EDGE_CURVE('',#3507,#3508,#1499,.T.);
#4356=EDGE_CURVE('',#3509,#3498,#3055,.T.);
#4357=EDGE_CURVE('',#3347,#3509,#1500,.T.);
#4358=EDGE_CURVE('',#3510,#3509,#1501,.T.);
#4359=EDGE_CURVE('',#3510,#3348,#1502,.T.);
#4360=EDGE_CURVE('',#3508,#3502,#3056,.T.);
#4361=EDGE_CURVE('',#3505,#3510,#3057,.T.);
#4362=EDGE_CURVE('',#3511,#3340,#1503,.T.);
#4363=EDGE_CURVE('',#3512,#3511,#3058,.T.);
#4364=EDGE_CURVE('',#3341,#3512,#1504,.T.);
#4365=EDGE_CURVE('',#3513,#3339,#83,.T.);
#4366=EDGE_CURVE('',#3511,#3513,#3059,.T.);
#4367=EDGE_CURVE('',#3318,#3514,#1505,.T.);
#4368=EDGE_CURVE('',#3515,#3317,#1506,.T.);
#4369=EDGE_CURVE('',#3514,#3515,#3060,.T.);
#4370=EDGE_CURVE('',#3506,#3512,#1507,.T.);
#4371=EDGE_CURVE('',#3513,#3516,#1508,.T.);
#4372=EDGE_CURVE('',#3516,#3517,#3061,.T.);
#4373=EDGE_CURVE('',#3517,#3518,#1509,.T.);
#4374=EDGE_CURVE('',#3518,#3519,#3062,.T.);
#4375=EDGE_CURVE('',#3519,#3520,#3063,.T.);
#4376=EDGE_CURVE('',#3520,#3521,#1510,.T.);
#4377=EDGE_CURVE('',#3521,#3522,#3064,.T.);
#4378=EDGE_CURVE('',#3522,#3523,#1511,.T.);
#4379=EDGE_CURVE('',#3523,#3524,#3065,.T.);
#4380=EDGE_CURVE('',#3524,#3525,#1512,.T.);
#4381=EDGE_CURVE('',#3525,#3526,#3066,.T.);
#4382=EDGE_CURVE('',#3526,#3527,#1513,.T.);
#4383=EDGE_CURVE('',#3527,#3528,#3067,.T.);
#4384=EDGE_CURVE('',#3528,#3529,#1514,.T.);
#4385=EDGE_CURVE('',#3529,#3530,#3068,.T.);
#4386=EDGE_CURVE('',#3530,#3531,#1515,.T.);
#4387=EDGE_CURVE('',#3531,#3532,#3069,.T.);
#4388=EDGE_CURVE('',#3532,#3533,#1516,.T.);
#4389=EDGE_CURVE('',#3533,#3534,#3070,.T.);
#4390=EDGE_CURVE('',#3534,#3535,#1517,.T.);
#4391=EDGE_CURVE('',#3535,#3536,#3071,.T.);
#4392=EDGE_CURVE('',#3536,#3514,#1518,.T.);
#4393=EDGE_CURVE('',#3515,#3537,#1519,.T.);
#4394=EDGE_CURVE('',#3537,#3296,#3072,.T.);
#4395=EDGE_CURVE('',#3316,#3537,#1520,.T.);
#4396=EDGE_CURVE('',#3326,#3529,#1521,.T.);
#4397=EDGE_CURVE('',#3530,#3325,#1522,.T.);
#4398=EDGE_CURVE('',#3324,#3531,#1523,.T.);
#4399=EDGE_CURVE('',#3334,#3521,#1524,.T.);
#4400=EDGE_CURVE('',#3522,#3333,#1525,.T.);
#4401=EDGE_CURVE('',#3332,#3523,#1526,.T.);
#4402=EDGE_CURVE('',#3524,#3331,#1527,.T.);
#4403=EDGE_CURVE('',#3520,#3335,#1528,.T.);
#4404=EDGE_CURVE('',#3532,#3323,#1529,.T.);
#4405=EDGE_CURVE('',#3528,#3327,#1530,.T.);
#4406=EDGE_CURVE('',#3536,#3319,#1531,.T.);
#4407=EDGE_CURVE('',#3320,#3535,#1532,.T.);
#4408=EDGE_CURVE('',#3534,#3321,#1533,.T.);
#4409=EDGE_CURVE('',#3328,#3527,#1534,.T.);
#4410=EDGE_CURVE('',#3526,#3329,#1535,.T.);
#4411=EDGE_CURVE('',#3336,#3519,#1536,.T.);
#4412=EDGE_CURVE('',#3330,#3525,#1537,.T.);
#4413=EDGE_CURVE('',#3322,#3533,#1538,.T.);
#4414=EDGE_CURVE('',#3538,#3357,#1539,.T.);
#4415=EDGE_CURVE('',#3538,#3539,#3073,.T.);
#4416=EDGE_CURVE('',#3358,#3539,#1540,.T.);
#4417=EDGE_CURVE('',#3540,#3539,#1541,.T.);
#4418=EDGE_CURVE('',#3540,#3359,#1542,.T.);
#4419=EDGE_CURVE('',#3541,#3371,#1543,.T.);
#4420=EDGE_CURVE('',#3541,#3542,#3074,.T.);
#4421=EDGE_CURVE('',#3372,#3542,#1544,.T.);
#4422=EDGE_CURVE('',#3543,#3542,#1545,.T.);
#4423=EDGE_CURVE('',#3543,#3373,#1546,.T.);
#4424=EDGE_CURVE('',#3370,#3544,#1547,.T.);
#4425=EDGE_CURVE('',#3541,#3544,#1548,.T.);
#4426=EDGE_CURVE('',#3364,#3545,#1549,.T.);
#4427=EDGE_CURVE('',#3546,#3363,#1550,.T.);
#4428=EDGE_CURVE('',#3546,#3545,#3075,.T.);
#4429=EDGE_CURVE('',#3538,#3547,#1551,.T.);
#4430=EDGE_CURVE('',#3547,#3548,#3076,.T.);
#4431=EDGE_CURVE('',#3548,#3549,#1552,.T.);
#4432=EDGE_CURVE('',#3550,#3549,#3077,.T.);
#4433=EDGE_CURVE('',#3550,#3551,#1553,.T.);
#4434=EDGE_CURVE('',#3552,#3551,#3078,.T.);
#4435=EDGE_CURVE('',#3552,#3553,#1554,.T.);
#4436=EDGE_CURVE('',#3554,#3553,#3079,.T.);
#4437=EDGE_CURVE('',#3554,#3555,#1555,.T.);
#4438=EDGE_CURVE('',#3556,#3555,#3080,.T.);
#4439=EDGE_CURVE('',#3556,#3557,#1556,.T.);
#4440=EDGE_CURVE('',#3558,#3557,#3081,.T.);
#4441=EDGE_CURVE('',#3558,#3559,#1557,.T.);
#4442=EDGE_CURVE('',#3560,#3559,#3082,.T.);
#4443=EDGE_CURVE('',#3560,#3561,#1558,.T.);
#4444=EDGE_CURVE('',#3562,#3561,#3083,.T.);
#4445=EDGE_CURVE('',#3562,#3563,#1559,.T.);
#4446=EDGE_CURVE('',#3564,#3563,#3084,.T.);
#4447=EDGE_CURVE('',#3564,#3565,#1560,.T.);
#4448=EDGE_CURVE('',#3566,#3565,#3085,.T.);
#4449=EDGE_CURVE('',#3566,#3567,#1561,.T.);
#4450=EDGE_CURVE('',#3568,#3567,#3086,.T.);
#4451=EDGE_CURVE('',#3568,#3569,#3087,.T.);
#4452=EDGE_CURVE('',#3569,#3570,#1562,.T.);
#4453=EDGE_CURVE('',#3570,#3571,#3088,.T.);
#4454=EDGE_CURVE('',#3571,#3572,#1563,.T.);
#4455=EDGE_CURVE('',#3572,#3573,#3089,.T.);
#4456=EDGE_CURVE('',#3574,#3573,#3090,.T.);
#4457=EDGE_CURVE('',#3574,#3575,#1564,.T.);
#4458=EDGE_CURVE('',#3543,#3575,#3091,.T.);
#4459=EDGE_CURVE('',#3576,#3544,#3092,.T.);
#4460=EDGE_CURVE('',#3576,#3577,#1565,.T.);
#4461=EDGE_CURVE('',#3578,#3577,#3093,.T.);
#4462=EDGE_CURVE('',#3578,#3579,#1566,.T.);
#4463=EDGE_CURVE('',#3580,#3579,#3094,.T.);
#4464=EDGE_CURVE('',#3580,#3545,#1567,.T.);
#4465=EDGE_CURVE('',#3546,#3581,#1568,.T.);
#4466=EDGE_CURVE('',#3582,#3581,#3095,.T.);
#4467=EDGE_CURVE('',#3582,#3583,#1569,.T.);
#4468=EDGE_CURVE('',#3540,#3583,#3096,.T.);
#4469=EDGE_CURVE('',#3362,#3581,#1570,.T.);
#4470=EDGE_CURVE('',#3580,#3365,#1571,.T.);
#4471=EDGE_CURVE('',#3366,#3579,#1572,.T.);
#4472=EDGE_CURVE('',#3578,#3367,#1573,.T.);
#4473=EDGE_CURVE('',#3374,#3575,#1574,.T.);
#4474=EDGE_CURVE('',#3574,#3375,#1575,.T.);
#4475=EDGE_CURVE('',#3360,#3583,#1576,.T.);
#4476=EDGE_CURVE('',#3582,#3361,#1577,.T.);
#4477=EDGE_CURVE('',#3576,#3369,#1578,.T.);
#4478=EDGE_CURVE('',#3368,#3577,#1579,.T.);
#4479=EDGE_CURVE('',#3376,#3573,#1580,.T.);
#4480=EDGE_CURVE('',#3572,#3377,#84,.F.);
#4481=EDGE_CURVE('',#3550,#3398,#1581,.T.);
#4482=EDGE_CURVE('',#3399,#3549,#1582,.T.);
#4483=EDGE_CURVE('',#3400,#3548,#1583,.T.);
#4484=EDGE_CURVE('',#3558,#3390,#1584,.T.);
#4485=EDGE_CURVE('',#3391,#3557,#1585,.T.);
#4486=EDGE_CURVE('',#3556,#3392,#1586,.T.);
#4487=EDGE_CURVE('',#3566,#3382,#1587,.T.);
#4488=EDGE_CURVE('',#3383,#3565,#1588,.T.);
#4489=EDGE_CURVE('',#3564,#3384,#1589,.T.);
#4490=EDGE_CURVE('',#3385,#3563,#1590,.T.);
#4491=EDGE_CURVE('',#3381,#3567,#1591,.T.);
#4492=EDGE_CURVE('',#3393,#3555,#1592,.T.);
#4493=EDGE_CURVE('',#3389,#3559,#1593,.T.);
#4494=EDGE_CURVE('',#3397,#3551,#1594,.T.);
#4495=EDGE_CURVE('',#3552,#3396,#1595,.T.);
#4496=EDGE_CURVE('',#3395,#3553,#1596,.T.);
#4497=EDGE_CURVE('',#3560,#3388,#1597,.T.);
#4498=EDGE_CURVE('',#3387,#3561,#1598,.T.);
#4499=EDGE_CURVE('',#3568,#3380,#1599,.T.);
#4500=EDGE_CURVE('',#3562,#3386,#1600,.T.);
#4501=EDGE_CURVE('',#3554,#3394,#1601,.T.);
#4502=EDGE_CURVE('',#3584,#3402,#1602,.T.);
#4503=EDGE_CURVE('',#3584,#3585,#3097,.T.);
#4504=EDGE_CURVE('',#3403,#3585,#1603,.T.);
#4505=EDGE_CURVE('',#3586,#3585,#1604,.T.);
#4506=EDGE_CURVE('',#3586,#3404,#1605,.T.);
#4507=EDGE_CURVE('',#3587,#3416,#1606,.T.);
#4508=EDGE_CURVE('',#3587,#3588,#3098,.T.);
#4509=EDGE_CURVE('',#3417,#3588,#1607,.T.);
#4510=EDGE_CURVE('',#3589,#3588,#1608,.T.);
#4511=EDGE_CURVE('',#3589,#3418,#1609,.T.);
#4512=EDGE_CURVE('',#3415,#3590,#1610,.T.);
#4513=EDGE_CURVE('',#3587,#3590,#1611,.T.);
#4514=EDGE_CURVE('',#3409,#3591,#1612,.T.);
#4515=EDGE_CURVE('',#3592,#3408,#1613,.T.);
#4516=EDGE_CURVE('',#3592,#3591,#3099,.T.);
#4517=EDGE_CURVE('',#3584,#3593,#1614,.T.);
#4518=EDGE_CURVE('',#3593,#3594,#3100,.T.);
#4519=EDGE_CURVE('',#3594,#3595,#1615,.T.);
#4520=EDGE_CURVE('',#3596,#3595,#3101,.T.);
#4521=EDGE_CURVE('',#3596,#3597,#1616,.T.);
#4522=EDGE_CURVE('',#3598,#3597,#3102,.T.);
#4523=EDGE_CURVE('',#3598,#3599,#1617,.T.);
#4524=EDGE_CURVE('',#3600,#3599,#3103,.T.);
#4525=EDGE_CURVE('',#3600,#3601,#1618,.T.);
#4526=EDGE_CURVE('',#3602,#3601,#3104,.T.);
#4527=EDGE_CURVE('',#3602,#3603,#1619,.T.);
#4528=EDGE_CURVE('',#3604,#3603,#3105,.T.);
#4529=EDGE_CURVE('',#3604,#3605,#1620,.T.);
#4530=EDGE_CURVE('',#3606,#3605,#3106,.T.);
#4531=EDGE_CURVE('',#3606,#3607,#1621,.T.);
#4532=EDGE_CURVE('',#3608,#3607,#3107,.T.);
#4533=EDGE_CURVE('',#3608,#3609,#1622,.T.);
#4534=EDGE_CURVE('',#3610,#3609,#3108,.T.);
#4535=EDGE_CURVE('',#3610,#3611,#1623,.T.);
#4536=EDGE_CURVE('',#3612,#3611,#3109,.T.);
#4537=EDGE_CURVE('',#3612,#3613,#1624,.T.);
#4538=EDGE_CURVE('',#3614,#3613,#3110,.T.);
#4539=EDGE_CURVE('',#3614,#3615,#3111,.T.);
#4540=EDGE_CURVE('',#3615,#3616,#1625,.T.);
#4541=EDGE_CURVE('',#3616,#3617,#3112,.T.);
#4542=EDGE_CURVE('',#3617,#3618,#1626,.T.);
#4543=EDGE_CURVE('',#3618,#3619,#3113,.T.);
#4544=EDGE_CURVE('',#3620,#3619,#3114,.T.);
#4545=EDGE_CURVE('',#3620,#3621,#1627,.T.);
#4546=EDGE_CURVE('',#3589,#3621,#3115,.T.);
#4547=EDGE_CURVE('',#3622,#3590,#3116,.T.);
#4548=EDGE_CURVE('',#3622,#3623,#1628,.T.);
#4549=EDGE_CURVE('',#3624,#3623,#3117,.T.);
#4550=EDGE_CURVE('',#3624,#3625,#1629,.T.);
#4551=EDGE_CURVE('',#3626,#3625,#3118,.T.);
#4552=EDGE_CURVE('',#3626,#3591,#1630,.T.);
#4553=EDGE_CURVE('',#3592,#3627,#1631,.T.);
#4554=EDGE_CURVE('',#3628,#3627,#3119,.T.);
#4555=EDGE_CURVE('',#3628,#3629,#1632,.T.);
#4556=EDGE_CURVE('',#3586,#3629,#3120,.T.);
#4557=EDGE_CURVE('',#3407,#3627,#1633,.T.);
#4558=EDGE_CURVE('',#3626,#3410,#1634,.T.);
#4559=EDGE_CURVE('',#3411,#3625,#1635,.T.);
#4560=EDGE_CURVE('',#3624,#3412,#1636,.T.);
#4561=EDGE_CURVE('',#3419,#3621,#1637,.T.);
#4562=EDGE_CURVE('',#3620,#3420,#1638,.T.);
#4563=EDGE_CURVE('',#3405,#3629,#1639,.T.);
#4564=EDGE_CURVE('',#3628,#3406,#1640,.T.);
#4565=EDGE_CURVE('',#3622,#3414,#1641,.T.);
#4566=EDGE_CURVE('',#3413,#3623,#1642,.T.);
#4567=EDGE_CURVE('',#3421,#3619,#1643,.T.);
#4568=EDGE_CURVE('',#3618,#3422,#85,.F.);
#4569=EDGE_CURVE('',#3596,#3443,#1644,.T.);
#4570=EDGE_CURVE('',#3444,#3595,#1645,.T.);
#4571=EDGE_CURVE('',#3445,#3594,#1646,.T.);
#4572=EDGE_CURVE('',#3604,#3435,#1647,.T.);
#4573=EDGE_CURVE('',#3436,#3603,#1648,.T.);
#4574=EDGE_CURVE('',#3602,#3437,#1649,.T.);
#4575=EDGE_CURVE('',#3612,#3427,#1650,.T.);
#4576=EDGE_CURVE('',#3428,#3611,#1651,.T.);
#4577=EDGE_CURVE('',#3610,#3429,#1652,.T.);
#4578=EDGE_CURVE('',#3430,#3609,#1653,.T.);
#4579=EDGE_CURVE('',#3426,#3613,#1654,.T.);
#4580=EDGE_CURVE('',#3438,#3601,#1655,.T.);
#4581=EDGE_CURVE('',#3434,#3605,#1656,.T.);
#4582=EDGE_CURVE('',#3442,#3597,#1657,.T.);
#4583=EDGE_CURVE('',#3598,#3441,#1658,.T.);
#4584=EDGE_CURVE('',#3440,#3599,#1659,.T.);
#4585=EDGE_CURVE('',#3606,#3433,#1660,.T.);
#4586=EDGE_CURVE('',#3432,#3607,#1661,.T.);
#4587=EDGE_CURVE('',#3614,#3425,#1662,.T.);
#4588=EDGE_CURVE('',#3608,#3431,#1663,.T.);
#4589=EDGE_CURVE('',#3600,#3439,#1664,.T.);
#4590=EDGE_CURVE('',#3630,#3447,#1665,.T.);
#4591=EDGE_CURVE('',#3631,#3630,#3121,.T.);
#4592=EDGE_CURVE('',#3448,#3631,#1666,.T.);
#4593=EDGE_CURVE('',#3632,#3631,#1667,.T.);
#4594=EDGE_CURVE('',#3449,#3632,#1668,.T.);
#4595=EDGE_CURVE('',#3491,#3633,#1669,.T.);
#4596=EDGE_CURVE('',#3630,#3633,#1670,.T.);
#4597=EDGE_CURVE('',#3634,#3478,#1671,.T.);
#4598=EDGE_CURVE('',#3635,#3634,#3122,.T.);
#4599=EDGE_CURVE('',#3479,#3635,#1672,.T.);
#4600=EDGE_CURVE('',#3636,#3635,#1673,.T.);
#4601=EDGE_CURVE('',#3636,#3480,#1674,.T.);
#4602=EDGE_CURVE('',#3477,#3637,#1675,.T.);
#4603=EDGE_CURVE('',#3634,#3637,#1676,.T.);
#4604=EDGE_CURVE('',#3638,#3486,#1677,.T.);
#4605=EDGE_CURVE('',#3639,#3638,#3123,.T.);
#4606=EDGE_CURVE('',#3487,#3639,#1678,.T.);
#4607=EDGE_CURVE('',#3640,#3639,#1679,.T.);
#4608=EDGE_CURVE('',#3640,#3488,#1680,.T.);
#4609=EDGE_CURVE('',#3641,#3484,#1681,.T.);
#4610=EDGE_CURVE('',#3642,#3641,#3124,.T.);
#4611=EDGE_CURVE('',#3485,#3642,#1682,.T.);
#4612=EDGE_CURVE('',#3638,#3642,#1683,.T.);
#4613=EDGE_CURVE('',#3483,#3643,#1684,.T.);
#4614=EDGE_CURVE('',#3641,#3643,#1685,.T.);
#4615=EDGE_CURVE('',#3644,#3476,#1686,.T.);
#4616=EDGE_CURVE('',#3637,#3644,#3125,.T.);
#4617=EDGE_CURVE('',#3645,#3490,#1687,.T.);
#4618=EDGE_CURVE('',#3633,#3645,#3126,.T.);
#4619=EDGE_CURVE('',#3489,#3646,#1688,.T.);
#4620=EDGE_CURVE('',#3645,#3646,#1689,.T.);
#4621=EDGE_CURVE('',#3647,#3636,#3127,.T.);
#4622=EDGE_CURVE('',#3481,#3647,#1690,.T.);
#4623=EDGE_CURVE('',#3648,#3647,#1691,.T.);
#4624=EDGE_CURVE('',#3648,#3482,#1692,.T.);
#4625=EDGE_CURVE('',#3646,#3640,#3128,.T.);
#4626=EDGE_CURVE('',#3643,#3648,#3129,.T.);
#4627=EDGE_CURVE('',#3649,#3474,#1693,.T.);
#4628=EDGE_CURVE('',#3650,#3649,#3130,.T.);
#4629=EDGE_CURVE('',#3475,#3650,#1694,.T.);
#4630=EDGE_CURVE('',#3651,#3473,#86,.T.);
#4631=EDGE_CURVE('',#3649,#3651,#3131,.T.);
#4632=EDGE_CURVE('',#3452,#3652,#1695,.T.);
#4633=EDGE_CURVE('',#3653,#3451,#1696,.T.);
#4634=EDGE_CURVE('',#3652,#3653,#3132,.T.);
#4635=EDGE_CURVE('',#3644,#3650,#1697,.T.);
#4636=EDGE_CURVE('',#3651,#3654,#1698,.T.);
#4637=EDGE_CURVE('',#3654,#3655,#3133,.T.);
#4638=EDGE_CURVE('',#3655,#3656,#1699,.T.);
#4639=EDGE_CURVE('',#3656,#3657,#3134,.T.);
#4640=EDGE_CURVE('',#3657,#3658,#3135,.T.);
#4641=EDGE_CURVE('',#3658,#3659,#1700,.T.);
#4642=EDGE_CURVE('',#3659,#3660,#3136,.T.);
#4643=EDGE_CURVE('',#3660,#3661,#1701,.T.);
#4644=EDGE_CURVE('',#3661,#3662,#3137,.T.);
#4645=EDGE_CURVE('',#3662,#3663,#1702,.T.);
#4646=EDGE_CURVE('',#3663,#3664,#3138,.T.);
#4647=EDGE_CURVE('',#3664,#3665,#1703,.T.);
#4648=EDGE_CURVE('',#3665,#3666,#3139,.T.);
#4649=EDGE_CURVE('',#3666,#3667,#1704,.T.);
#4650=EDGE_CURVE('',#3667,#3668,#3140,.T.);
#4651=EDGE_CURVE('',#3668,#3669,#1705,.T.);
#4652=EDGE_CURVE('',#3669,#3670,#3141,.T.);
#4653=EDGE_CURVE('',#3670,#3671,#1706,.T.);
#4654=EDGE_CURVE('',#3671,#3672,#3142,.T.);
#4655=EDGE_CURVE('',#3672,#3673,#1707,.T.);
#4656=EDGE_CURVE('',#3673,#3674,#3143,.T.);
#4657=EDGE_CURVE('',#3674,#3652,#1708,.T.);
#4658=EDGE_CURVE('',#3653,#3675,#1709,.T.);
#4659=EDGE_CURVE('',#3675,#3632,#3144,.T.);
#4660=EDGE_CURVE('',#3450,#3675,#1710,.T.);
#4661=EDGE_CURVE('',#3460,#3667,#1711,.T.);
#4662=EDGE_CURVE('',#3668,#3459,#1712,.T.);
#4663=EDGE_CURVE('',#3458,#3669,#1713,.T.);
#4664=EDGE_CURVE('',#3468,#3659,#1714,.T.);
#4665=EDGE_CURVE('',#3660,#3467,#1715,.T.);
#4666=EDGE_CURVE('',#3466,#3661,#1716,.T.);
#4667=EDGE_CURVE('',#3662,#3465,#1717,.T.);
#4668=EDGE_CURVE('',#3658,#3469,#1718,.T.);
#4669=EDGE_CURVE('',#3670,#3457,#1719,.T.);
#4670=EDGE_CURVE('',#3666,#3461,#1720,.T.);
#4671=EDGE_CURVE('',#3674,#3453,#1721,.T.);
#4672=EDGE_CURVE('',#3454,#3673,#1722,.T.);
#4673=EDGE_CURVE('',#3672,#3455,#1723,.T.);
#4674=EDGE_CURVE('',#3462,#3665,#1724,.T.);
#4675=EDGE_CURVE('',#3664,#3463,#1725,.T.);
#4676=EDGE_CURVE('',#3470,#3657,#1726,.T.);
#4677=EDGE_CURVE('',#3464,#3663,#1727,.T.);
#4678=EDGE_CURVE('',#3456,#3671,#1728,.T.);
#4679=EDGE_CURVE('',#3616,#3423,#27,.T.);
#4680=EDGE_CURVE('',#3423,#3617,#28,.T.);
#4681=EDGE_CURVE('',#3615,#3424,#87,.T.);
#4682=EDGE_CURVE('',#3516,#3338,#29,.T.);
#4683=EDGE_CURVE('',#3338,#3517,#30,.T.);
#4684=EDGE_CURVE('',#3518,#3337,#88,.F.);
#4685=EDGE_CURVE('',#3570,#3378,#31,.T.);
#4686=EDGE_CURVE('',#3378,#3571,#32,.T.);
#4687=EDGE_CURVE('',#3569,#3379,#89,.T.);
#4688=EDGE_CURVE('',#3654,#3472,#33,.T.);
#4689=EDGE_CURVE('',#3472,#3655,#34,.T.);
#4690=EDGE_CURVE('',#3656,#3471,#90,.F.);
#4691=EDGE_CURVE('',#3446,#3593,#1729,.T.);
#4692=EDGE_CURVE('',#3401,#3547,#1730,.T.);
#4693=EDGE_CURVE('',#3302,#3676,#1731,.T.);
#4694=EDGE_CURVE('',#3676,#3677,#1732,.T.);
#4695=EDGE_CURVE('',#3303,#3677,#1733,.T.);
#4696=EDGE_CURVE('',#3301,#3678,#1734,.T.);
#4697=EDGE_CURVE('',#3678,#3676,#1735,.T.);
#4698=EDGE_CURVE('',#3679,#3300,#1736,.T.);
#4699=EDGE_CURVE('',#3679,#3678,#1737,.T.);
#4700=EDGE_CURVE('',#3677,#3679,#1738,.T.);
#4701=EDGE_CURVE('',#3308,#3680,#1739,.T.);
#4702=EDGE_CURVE('',#3681,#3680,#1740,.T.);
#4703=EDGE_CURVE('',#3309,#3681,#1741,.T.);
#4704=EDGE_CURVE('',#3682,#3681,#1742,.T.);
#4705=EDGE_CURVE('',#3310,#3682,#1743,.T.);
#4706=EDGE_CURVE('',#3683,#3682,#1744,.T.);
#4707=EDGE_CURVE('',#3311,#3683,#1745,.T.);
#4708=EDGE_CURVE('',#3680,#3683,#1746,.T.);
#4709=EDGE_CURVE('',#3684,#3494,#1747,.T.);
#4710=EDGE_CURVE('',#3685,#3684,#1748,.T.);
#4711=EDGE_CURVE('',#3685,#3495,#1749,.T.);
#4712=EDGE_CURVE('',#3686,#3685,#1750,.T.);
#4713=EDGE_CURVE('',#3686,#3492,#1751,.T.);
#4714=EDGE_CURVE('',#3687,#3686,#1752,.T.);
#4715=EDGE_CURVE('',#3687,#3493,#1753,.T.);
#4716=EDGE_CURVE('',#3684,#3687,#1754,.T.);
#4717=EDGE_CURVE('',#3312,#3688,#1755,.T.);
#4718=EDGE_CURVE('',#3689,#3688,#3145,.T.);
#4719=EDGE_CURVE('',#3313,#3689,#1756,.T.);
#4720=EDGE_CURVE('',#3690,#3689,#1757,.T.);
#4721=EDGE_CURVE('',#3314,#3690,#1758,.T.);
#4722=EDGE_CURVE('',#3691,#3690,#3146,.T.);
#4723=EDGE_CURVE('',#3315,#3691,#1759,.T.);
#4724=EDGE_CURVE('',#3692,#3691,#1760,.T.);
#4725=EDGE_CURVE('',#3304,#3692,#1761,.T.);
#4726=EDGE_CURVE('',#3693,#3692,#3147,.T.);
#4727=EDGE_CURVE('',#3305,#3693,#1762,.T.);
#4728=EDGE_CURVE('',#3694,#3693,#1763,.T.);
#4729=EDGE_CURVE('',#3306,#3694,#1764,.T.);
#4730=EDGE_CURVE('',#3695,#3694,#3148,.T.);
#4731=EDGE_CURVE('',#3307,#3695,#1765,.T.);
#4732=EDGE_CURVE('',#3688,#3695,#1766,.T.);
#4733=EDGE_CURVE('',#3696,#3697,#1767,.T.);
#4734=EDGE_CURVE('',#3698,#3696,#1768,.T.);
#4735=EDGE_CURVE('',#3697,#3698,#3149,.T.);
#4736=EDGE_CURVE('',#3698,#3699,#1769,.T.);
#4737=EDGE_CURVE('',#3700,#3696,#1770,.T.);
#4738=EDGE_CURVE('',#3700,#3699,#1771,.T.);
#4739=EDGE_CURVE('',#3701,#3700,#1772,.T.);
#4740=EDGE_CURVE('',#3699,#3701,#3150,.T.);
#4741=EDGE_CURVE('',#3697,#3702,#1773,.T.);
#4742=EDGE_CURVE('',#3703,#3697,#3151,.T.);
#4743=EDGE_CURVE('',#3704,#3703,#1774,.T.);
#4744=EDGE_CURVE('',#3702,#3704,#1775,.T.);
#4745=EDGE_CURVE('',#3702,#3705,#1776,.T.);
#4746=EDGE_CURVE('',#3704,#3706,#1777,.T.);
#4747=EDGE_CURVE('',#3706,#3705,#1778,.T.);
#4748=EDGE_CURVE('',#3703,#3707,#1779,.T.);
#4749=EDGE_CURVE('',#3707,#3706,#1780,.T.);
#4750=EDGE_CURVE('',#3701,#3707,#3152,.T.);
#4751=EDGE_CURVE('',#3705,#3701,#1781,.T.);
#4752=EDGE_CURVE('',#3708,#3709,#1782,.T.);
#4753=EDGE_CURVE('',#3708,#3710,#3153,.T.);
#4754=EDGE_CURVE('',#3710,#3709,#1783,.T.);
#4755=EDGE_CURVE('',#3711,#3712,#3154,.T.);
#4756=EDGE_CURVE('',#3710,#3711,#1784,.T.);
#4757=EDGE_CURVE('',#3713,#3708,#3155,.T.);
#4758=EDGE_CURVE('',#3713,#3714,#1785,.T.);
#4759=EDGE_CURVE('',#3712,#3714,#3156,.T.);
#4760=EDGE_CURVE('',#3715,#3711,#1786,.T.);
#4761=EDGE_CURVE('',#3709,#3715,#1787,.T.);
#4762=EDGE_CURVE('',#3715,#3712,#1788,.T.);
#4763=EDGE_CURVE('',#3716,#3708,#1789,.T.);
#4764=EDGE_CURVE('',#3716,#3717,#1790,.T.);
#4765=EDGE_CURVE('',#3717,#3713,#1791,.T.);
#4766=EDGE_CURVE('',#3718,#3716,#1792,.T.);
#4767=EDGE_CURVE('',#3719,#3718,#1793,.T.);
#4768=EDGE_CURVE('',#3717,#3719,#1794,.T.);
#4769=EDGE_CURVE('',#3714,#3719,#1795,.T.);
#4770=EDGE_CURVE('',#3712,#3718,#1796,.T.);
#4771=EDGE_CURVE('',#3720,#3721,#1797,.T.);
#4772=EDGE_CURVE('',#3722,#3720,#1798,.T.);
#4773=EDGE_CURVE('',#3723,#3722,#1799,.T.);
#4774=EDGE_CURVE('',#3723,#3721,#1800,.T.);
#4775=EDGE_CURVE('',#3721,#3724,#1801,.T.);
#4776=EDGE_CURVE('',#3725,#3723,#1802,.T.);
#4777=EDGE_CURVE('',#3725,#3724,#1803,.T.);
#4778=EDGE_CURVE('',#3724,#3726,#1804,.T.);
#4779=EDGE_CURVE('',#3727,#3725,#1805,.T.);
#4780=EDGE_CURVE('',#3726,#3727,#1806,.T.);
#4781=EDGE_CURVE('',#3728,#3722,#1807,.T.);
#4782=EDGE_CURVE('',#3729,#3728,#1808,.T.);
#4783=EDGE_CURVE('',#3729,#3730,#91,.T.);
#4784=EDGE_CURVE('',#3730,#3731,#92,.T.);
#4785=EDGE_CURVE('',#3731,#3732,#93,.T.);
#4786=EDGE_CURVE('',#3732,#3733,#94,.T.);
#4787=EDGE_CURVE('',#3733,#3734,#95,.T.);
#4788=EDGE_CURVE('',#3734,#3735,#96,.T.);
#4789=EDGE_CURVE('',#3735,#3736,#97,.T.);
#4790=EDGE_CURVE('',#3736,#3737,#98,.T.);
#4791=EDGE_CURVE('',#3737,#3738,#99,.T.);
#4792=EDGE_CURVE('',#3738,#3739,#100,.T.);
#4793=EDGE_CURVE('',#3740,#3739,#1809,.T.);
#4794=EDGE_CURVE('',#3741,#3740,#1810,.T.);
#4795=EDGE_CURVE('',#3742,#3741,#1811,.T.);
#4796=EDGE_CURVE('',#3727,#3742,#1812,.T.);
#4797=EDGE_CURVE('',#3743,#3744,#1813,.T.);
#4798=EDGE_CURVE('',#3744,#3745,#1814,.T.);
#4799=EDGE_CURVE('',#3745,#3746,#1815,.T.);
#4800=EDGE_CURVE('',#3746,#3747,#1816,.T.);
#4801=EDGE_CURVE('',#3747,#3748,#1817,.T.);
#4802=EDGE_CURVE('',#3748,#3749,#1818,.T.);
#4803=EDGE_CURVE('',#3749,#3750,#1819,.T.);
#4804=EDGE_CURVE('',#3750,#3751,#1820,.T.);
#4805=EDGE_CURVE('',#3751,#3752,#1821,.T.);
#4806=EDGE_CURVE('',#3752,#3743,#1822,.T.);
#4807=EDGE_CURVE('',#3753,#3754,#1823,.T.);
#4808=EDGE_CURVE('',#3754,#3755,#1824,.T.);
#4809=EDGE_CURVE('',#3755,#3756,#1825,.T.);
#4810=EDGE_CURVE('',#3756,#3757,#1826,.T.);
#4811=EDGE_CURVE('',#3757,#3758,#1827,.T.);
#4812=EDGE_CURVE('',#3758,#3759,#1828,.T.);
#4813=EDGE_CURVE('',#3759,#3760,#1829,.T.);
#4814=EDGE_CURVE('',#3760,#3761,#1830,.T.);
#4815=EDGE_CURVE('',#3761,#3762,#1831,.T.);
#4816=EDGE_CURVE('',#3762,#3753,#1832,.T.);
#4817=EDGE_CURVE('',#3763,#3764,#101,.T.);
#4818=EDGE_CURVE('',#3764,#3765,#102,.T.);
#4819=EDGE_CURVE('',#3765,#3766,#103,.T.);
#4820=EDGE_CURVE('',#3766,#3767,#104,.T.);
#4821=EDGE_CURVE('',#3767,#3768,#105,.T.);
#4822=EDGE_CURVE('',#3768,#3769,#106,.T.);
#4823=EDGE_CURVE('',#3769,#3770,#107,.T.);
#4824=EDGE_CURVE('',#3770,#3771,#108,.T.);
#4825=EDGE_CURVE('',#3771,#3772,#109,.T.);
#4826=EDGE_CURVE('',#3772,#3763,#110,.T.);
#4827=EDGE_CURVE('',#3773,#3774,#1833,.T.);
#4828=EDGE_CURVE('',#3774,#3775,#1834,.T.);
#4829=EDGE_CURVE('',#3775,#3776,#1835,.T.);
#4830=EDGE_CURVE('',#3776,#3777,#1836,.T.);
#4831=EDGE_CURVE('',#3777,#3778,#1837,.T.);
#4832=EDGE_CURVE('',#3778,#3779,#1838,.T.);
#4833=EDGE_CURVE('',#3779,#3780,#1839,.T.);
#4834=EDGE_CURVE('',#3780,#3781,#1840,.T.);
#4835=EDGE_CURVE('',#3781,#3782,#1841,.T.);
#4836=EDGE_CURVE('',#3782,#3773,#1842,.T.);
#4837=EDGE_CURVE('',#3743,#3783,#1843,.T.);
#4838=EDGE_CURVE('',#3783,#3784,#1844,.T.);
#4839=EDGE_CURVE('',#3744,#3784,#1845,.T.);
#4840=EDGE_CURVE('',#3752,#3785,#1846,.T.);
#4841=EDGE_CURVE('',#3785,#3783,#1847,.T.);
#4842=EDGE_CURVE('',#3751,#3786,#1848,.T.);
#4843=EDGE_CURVE('',#3786,#3785,#1849,.T.);
#4844=EDGE_CURVE('',#3750,#3787,#1850,.T.);
#4845=EDGE_CURVE('',#3787,#3786,#1851,.T.);
#4846=EDGE_CURVE('',#3749,#3788,#1852,.T.);
#4847=EDGE_CURVE('',#3788,#3787,#1853,.T.);
#4848=EDGE_CURVE('',#3748,#3789,#1854,.T.);
#4849=EDGE_CURVE('',#3789,#3788,#1855,.T.);
#4850=EDGE_CURVE('',#3747,#3790,#1856,.T.);
#4851=EDGE_CURVE('',#3790,#3789,#1857,.T.);
#4852=EDGE_CURVE('',#3746,#3791,#1858,.T.);
#4853=EDGE_CURVE('',#3791,#3790,#1859,.T.);
#4854=EDGE_CURVE('',#3745,#3792,#1860,.T.);
#4855=EDGE_CURVE('',#3792,#3791,#1861,.T.);
#4856=EDGE_CURVE('',#3784,#3792,#1862,.T.);
#4857=EDGE_CURVE('',#3753,#3793,#1863,.T.);
#4858=EDGE_CURVE('',#3793,#3794,#1864,.T.);
#4859=EDGE_CURVE('',#3754,#3794,#1865,.T.);
#4860=EDGE_CURVE('',#3762,#3795,#1866,.T.);
#4861=EDGE_CURVE('',#3795,#3793,#1867,.T.);
#4862=EDGE_CURVE('',#3761,#3796,#1868,.T.);
#4863=EDGE_CURVE('',#3796,#3795,#1869,.T.);
#4864=EDGE_CURVE('',#3760,#3797,#1870,.T.);
#4865=EDGE_CURVE('',#3797,#3796,#1871,.T.);
#4866=EDGE_CURVE('',#3759,#3798,#1872,.T.);
#4867=EDGE_CURVE('',#3798,#3797,#1873,.T.);
#4868=EDGE_CURVE('',#3758,#3799,#1874,.T.);
#4869=EDGE_CURVE('',#3799,#3798,#1875,.T.);
#4870=EDGE_CURVE('',#3757,#3800,#1876,.T.);
#4871=EDGE_CURVE('',#3800,#3799,#1877,.T.);
#4872=EDGE_CURVE('',#3756,#3801,#1878,.T.);
#4873=EDGE_CURVE('',#3801,#3800,#1879,.T.);
#4874=EDGE_CURVE('',#3755,#3802,#1880,.T.);
#4875=EDGE_CURVE('',#3802,#3801,#1881,.T.);
#4876=EDGE_CURVE('',#3794,#3802,#1882,.T.);
#4877=EDGE_CURVE('',#3803,#3804,#111,.T.);
#4878=EDGE_CURVE('',#3803,#3805,#1883,.T.);
#4879=EDGE_CURVE('',#3805,#3806,#112,.T.);
#4880=EDGE_CURVE('',#3804,#3806,#1884,.T.);
#4881=EDGE_CURVE('',#3807,#3803,#113,.T.);
#4882=EDGE_CURVE('',#3807,#3808,#1885,.T.);
#4883=EDGE_CURVE('',#3808,#3805,#114,.T.);
#4884=EDGE_CURVE('',#3809,#3807,#115,.T.);
#4885=EDGE_CURVE('',#3809,#3810,#1886,.T.);
#4886=EDGE_CURVE('',#3810,#3808,#116,.T.);
#4887=EDGE_CURVE('',#3811,#3809,#117,.T.);
#4888=EDGE_CURVE('',#3811,#3812,#1887,.T.);
#4889=EDGE_CURVE('',#3812,#3810,#118,.T.);
#4890=EDGE_CURVE('',#3813,#3811,#119,.T.);
#4891=EDGE_CURVE('',#3813,#3814,#1888,.T.);
#4892=EDGE_CURVE('',#3814,#3812,#120,.T.);
#4893=EDGE_CURVE('',#3815,#3813,#121,.T.);
#4894=EDGE_CURVE('',#3815,#3816,#1889,.T.);
#4895=EDGE_CURVE('',#3816,#3814,#122,.T.);
#4896=EDGE_CURVE('',#3817,#3815,#123,.T.);
#4897=EDGE_CURVE('',#3817,#3818,#1890,.T.);
#4898=EDGE_CURVE('',#3818,#3816,#124,.T.);
#4899=EDGE_CURVE('',#3804,#3817,#125,.T.);
#4900=EDGE_CURVE('',#3806,#3818,#126,.T.);
#4901=EDGE_CURVE('',#3763,#3819,#1891,.T.);
#4902=EDGE_CURVE('',#3819,#3820,#127,.T.);
#4903=EDGE_CURVE('',#3764,#3820,#1892,.T.);
#4904=EDGE_CURVE('',#3772,#3821,#1893,.T.);
#4905=EDGE_CURVE('',#3821,#3819,#128,.T.);
#4906=EDGE_CURVE('',#3771,#3822,#1894,.T.);
#4907=EDGE_CURVE('',#3822,#3821,#129,.T.);
#4908=EDGE_CURVE('',#3770,#3823,#1895,.T.);
#4909=EDGE_CURVE('',#3823,#3822,#130,.T.);
#4910=EDGE_CURVE('',#3769,#3824,#1896,.T.);
#4911=EDGE_CURVE('',#3824,#3823,#131,.T.);
#4912=EDGE_CURVE('',#3768,#3825,#1897,.T.);
#4913=EDGE_CURVE('',#3825,#3824,#132,.T.);
#4914=EDGE_CURVE('',#3767,#3826,#1898,.T.);
#4915=EDGE_CURVE('',#3826,#3825,#133,.T.);
#4916=EDGE_CURVE('',#3766,#3827,#1899,.T.);
#4917=EDGE_CURVE('',#3827,#3826,#134,.T.);
#4918=EDGE_CURVE('',#3765,#3828,#1900,.T.);
#4919=EDGE_CURVE('',#3828,#3827,#135,.T.);
#4920=EDGE_CURVE('',#3820,#3828,#136,.T.);
#4921=EDGE_CURVE('',#3773,#3829,#1901,.T.);
#4922=EDGE_CURVE('',#3829,#3830,#1902,.T.);
#4923=EDGE_CURVE('',#3774,#3830,#1903,.T.);
#4924=EDGE_CURVE('',#3782,#3831,#1904,.T.);
#4925=EDGE_CURVE('',#3831,#3829,#1905,.T.);
#4926=EDGE_CURVE('',#3781,#3832,#1906,.T.);
#4927=EDGE_CURVE('',#3832,#3831,#1907,.T.);
#4928=EDGE_CURVE('',#3780,#3833,#1908,.T.);
#4929=EDGE_CURVE('',#3833,#3832,#1909,.T.);
#4930=EDGE_CURVE('',#3779,#3834,#1910,.T.);
#4931=EDGE_CURVE('',#3834,#3833,#1911,.T.);
#4932=EDGE_CURVE('',#3778,#3835,#1912,.T.);
#4933=EDGE_CURVE('',#3835,#3834,#1913,.T.);
#4934=EDGE_CURVE('',#3777,#3836,#1914,.T.);
#4935=EDGE_CURVE('',#3836,#3835,#1915,.T.);
#4936=EDGE_CURVE('',#3776,#3837,#1916,.T.);
#4937=EDGE_CURVE('',#3837,#3836,#1917,.T.);
#4938=EDGE_CURVE('',#3775,#3838,#1918,.T.);
#4939=EDGE_CURVE('',#3838,#3837,#1919,.T.);
#4940=EDGE_CURVE('',#3830,#3838,#1920,.T.);
#4941=EDGE_CURVE('',#3739,#3839,#137,.T.);
#4942=EDGE_CURVE('',#3738,#3840,#1921,.T.);
#4943=EDGE_CURVE('',#3840,#3841,#138,.T.);
#4944=EDGE_CURVE('',#3839,#3841,#1922,.T.);
#4945=EDGE_CURVE('',#3842,#3843,#139,.T.);
#4946=EDGE_CURVE('',#3842,#3844,#1923,.T.);
#4947=EDGE_CURVE('',#3844,#3845,#140,.T.);
#4948=EDGE_CURVE('',#3843,#3845,#1924,.T.);
#4949=EDGE_CURVE('',#3846,#3842,#141,.T.);
#4950=EDGE_CURVE('',#3846,#3847,#1925,.T.);
#4951=EDGE_CURVE('',#3847,#3844,#142,.T.);
#4952=EDGE_CURVE('',#3848,#3846,#143,.T.);
#4953=EDGE_CURVE('',#3848,#3849,#1926,.T.);
#4954=EDGE_CURVE('',#3849,#3847,#144,.T.);
#4955=EDGE_CURVE('',#3850,#3848,#145,.T.);
#4956=EDGE_CURVE('',#3850,#3851,#1927,.T.);
#4957=EDGE_CURVE('',#3851,#3849,#146,.T.);
#4958=EDGE_CURVE('',#3852,#3850,#147,.T.);
#4959=EDGE_CURVE('',#3852,#3853,#1928,.T.);
#4960=EDGE_CURVE('',#3853,#3851,#148,.T.);
#4961=EDGE_CURVE('',#3854,#3852,#149,.T.);
#4962=EDGE_CURVE('',#3854,#3855,#1929,.T.);
#4963=EDGE_CURVE('',#3855,#3853,#150,.T.);
#4964=EDGE_CURVE('',#3856,#3854,#151,.T.);
#4965=EDGE_CURVE('',#3856,#3857,#1930,.T.);
#4966=EDGE_CURVE('',#3857,#3855,#152,.T.);
#4967=EDGE_CURVE('',#3843,#3856,#153,.T.);
#4968=EDGE_CURVE('',#3845,#3857,#154,.T.);
#4969=EDGE_CURVE('',#3737,#3858,#1931,.T.);
#4970=EDGE_CURVE('',#3858,#3840,#155,.T.);
#4971=EDGE_CURVE('',#3736,#3859,#1932,.T.);
#4972=EDGE_CURVE('',#3859,#3858,#156,.T.);
#4973=EDGE_CURVE('',#3735,#3860,#1933,.T.);
#4974=EDGE_CURVE('',#3860,#3859,#157,.T.);
#4975=EDGE_CURVE('',#3734,#3861,#1934,.T.);
#4976=EDGE_CURVE('',#3861,#3860,#158,.T.);
#4977=EDGE_CURVE('',#3733,#3862,#1935,.T.);
#4978=EDGE_CURVE('',#3862,#3861,#159,.T.);
#4979=EDGE_CURVE('',#3732,#3863,#1936,.T.);
#4980=EDGE_CURVE('',#3863,#3862,#160,.T.);
#4981=EDGE_CURVE('',#3731,#3864,#1937,.T.);
#4982=EDGE_CURVE('',#3864,#3863,#161,.T.);
#4983=EDGE_CURVE('',#3730,#3865,#1938,.T.);
#4984=EDGE_CURVE('',#3865,#3864,#162,.T.);
#4985=EDGE_CURVE('',#3839,#3729,#163,.T.);
#4986=EDGE_CURVE('',#3841,#3865,#164,.T.);
#4987=EDGE_CURVE('',#3728,#3866,#3157,.T.);
#4988=EDGE_CURVE('',#3866,#3867,#1939,.T.);
#4989=EDGE_CURVE('',#3867,#3740,#3158,.T.);
#4990=EDGE_CURVE('',#3868,#3869,#35,.T.);
#4991=EDGE_CURVE('',#3868,#3870,#1940,.T.);
#4992=EDGE_CURVE('',#3871,#3870,#3159,.F.);
#4993=EDGE_CURVE('',#3872,#3871,#1941,.T.);
#4994=EDGE_CURVE('',#3873,#3872,#165,.T.);
#4995=EDGE_CURVE('',#3869,#3873,#36,.T.);
#4996=EDGE_CURVE('',#3874,#3868,#1942,.T.);
#4997=EDGE_CURVE('',#3875,#3874,#3160,.T.);
#4998=EDGE_CURVE('',#3870,#3875,#1943,.T.);
#4999=EDGE_CURVE('',#3869,#3876,#3161,.T.);
#5000=EDGE_CURVE('',#3877,#3876,#1944,.T.);
#5001=EDGE_CURVE('',#3877,#3874,#166,.T.);
#5002=EDGE_CURVE('',#3876,#3873,#167,.T.);
#5003=EDGE_CURVE('',#3878,#3879,#3162,.T.);
#5004=EDGE_CURVE('',#3879,#3880,#1945,.T.);
#5005=EDGE_CURVE('',#3881,#3880,#37,.T.);
#5006=EDGE_CURVE('',#3882,#3881,#38,.T.);
#5007=EDGE_CURVE('',#3883,#3882,#168,.T.);
#5008=EDGE_CURVE('',#3878,#3883,#1946,.T.);
#5009=EDGE_CURVE('',#3882,#3884,#169,.T.);
#5010=EDGE_CURVE('',#3884,#3883,#3163,.T.);
#5011=EDGE_CURVE('',#3884,#3881,#3164,.T.);
#5012=EDGE_CURVE('',#3880,#3885,#1947,.T.);
#5013=EDGE_CURVE('',#3886,#3885,#170,.F.);
#5014=EDGE_CURVE('',#3884,#3886,#1948,.T.);
#5015=EDGE_CURVE('',#3886,#3877,#1949,.T.);
#5016=EDGE_CURVE('',#3887,#3877,#1950,.T.);
#5017=EDGE_CURVE('',#3888,#3887,#1951,.T.);
#5018=EDGE_CURVE('',#3886,#3888,#1952,.T.);
#5019=EDGE_CURVE('',#3885,#3889,#3165,.T.);
#5020=EDGE_CURVE('',#3889,#3875,#1953,.T.);
#5021=EDGE_CURVE('',#3879,#3889,#1954,.T.);
#5022=EDGE_CURVE('',#3871,#3878,#1955,.T.);
#5023=EDGE_CURVE('',#3890,#3891,#3166,.T.);
#5024=EDGE_CURVE('',#3891,#3892,#1956,.T.);
#5025=EDGE_CURVE('',#3892,#3893,#3167,.T.);
#5026=EDGE_CURVE('',#3893,#3890,#1957,.T.);
#5027=EDGE_CURVE('',#3894,#3891,#1958,.T.);
#5028=EDGE_CURVE('',#3895,#3894,#1959,.T.);
#5029=EDGE_CURVE('',#3892,#3895,#1960,.T.);
#5030=EDGE_CURVE('',#3896,#3897,#3168,.T.);
#5031=EDGE_CURVE('',#3897,#3898,#1961,.T.);
#5032=EDGE_CURVE('',#3898,#3899,#3169,.T.);
#5033=EDGE_CURVE('',#3899,#3896,#1962,.T.);
#5034=EDGE_CURVE('',#3900,#3897,#1963,.T.);
#5035=EDGE_CURVE('',#3901,#3900,#1964,.T.);
#5036=EDGE_CURVE('',#3898,#3901,#1965,.T.);
#5037=EDGE_CURVE('',#3902,#3742,#3170,.T.);
#5038=EDGE_CURVE('',#3902,#3903,#1966,.T.);
#5039=EDGE_CURVE('',#3878,#3903,#3171,.T.);
#5040=EDGE_CURVE('',#3900,#3888,#3172,.T.);
#5041=EDGE_CURVE('',#3896,#3893,#1967,.T.);
#5042=EDGE_CURVE('',#3904,#3895,#3173,.T.);
#5043=EDGE_CURVE('',#3904,#3866,#1968,.T.);
#5044=EDGE_CURVE('',#3720,#3905,#1969,.T.);
#5045=EDGE_CURVE('',#3906,#3905,#3174,.T.);
#5046=EDGE_CURVE('',#3906,#3907,#1970,.T.);
#5047=EDGE_CURVE('',#3908,#3907,#3175,.T.);
#5048=EDGE_CURVE('',#3908,#3909,#1971,.T.);
#5049=EDGE_CURVE('',#3909,#3910,#1972,.T.);
#5050=EDGE_CURVE('',#3911,#3910,#3176,.T.);
#5051=EDGE_CURVE('',#3911,#3912,#1973,.T.);
#5052=EDGE_CURVE('',#3913,#3912,#3177,.T.);
#5053=EDGE_CURVE('',#3913,#3914,#1974,.T.);
#5054=EDGE_CURVE('',#3915,#3914,#3178,.T.);
#5055=EDGE_CURVE('',#3915,#3916,#1975,.T.);
#5056=EDGE_CURVE('',#3917,#3916,#3179,.T.);
#5057=EDGE_CURVE('',#3917,#3918,#1976,.T.);
#5058=EDGE_CURVE('',#3919,#3918,#3180,.T.);
#5059=EDGE_CURVE('',#3919,#3920,#1977,.T.);
#5060=EDGE_CURVE('',#3921,#3920,#3181,.T.);
#5061=EDGE_CURVE('',#3921,#3922,#1978,.T.);
#5062=EDGE_CURVE('',#3923,#3922,#3182,.T.);
#5063=EDGE_CURVE('',#3923,#3924,#1979,.T.);
#5064=EDGE_CURVE('',#3925,#3924,#3183,.T.);
#5065=EDGE_CURVE('',#3925,#3926,#1980,.T.);
#5066=EDGE_CURVE('',#3927,#3926,#3184,.T.);
#5067=EDGE_CURVE('',#3927,#3928,#1981,.T.);
#5068=EDGE_CURVE('',#3929,#3928,#3185,.T.);
#5069=EDGE_CURVE('',#3929,#3930,#1982,.T.);
#5070=EDGE_CURVE('',#3931,#3930,#3186,.T.);
#5071=EDGE_CURVE('',#3931,#3932,#1983,.T.);
#5072=EDGE_CURVE('',#3933,#3932,#3187,.T.);
#5073=EDGE_CURVE('',#3933,#3934,#1984,.T.);
#5074=EDGE_CURVE('',#3935,#3934,#3188,.T.);
#5075=EDGE_CURVE('',#3935,#3936,#1985,.T.);
#5076=EDGE_CURVE('',#3937,#3936,#3189,.T.);
#5077=EDGE_CURVE('',#3937,#3938,#1986,.T.);
#5078=EDGE_CURVE('',#3939,#3938,#3190,.T.);
#5079=EDGE_CURVE('',#3939,#3940,#1987,.T.);
#5080=EDGE_CURVE('',#3941,#3940,#3191,.T.);
#5081=EDGE_CURVE('',#3941,#3942,#1988,.T.);
#5082=EDGE_CURVE('',#3943,#3942,#3192,.T.);
#5083=EDGE_CURVE('',#3943,#3944,#1989,.T.);
#5084=EDGE_CURVE('',#3945,#3944,#3193,.T.);
#5085=EDGE_CURVE('',#3945,#3946,#1990,.T.);
#5086=EDGE_CURVE('',#3947,#3946,#3194,.T.);
#5087=EDGE_CURVE('',#3947,#3948,#1991,.T.);
#5088=EDGE_CURVE('',#3949,#3948,#3195,.T.);
#5089=EDGE_CURVE('',#3949,#3950,#1992,.T.);
#5090=EDGE_CURVE('',#3951,#3950,#3196,.T.);
#5091=EDGE_CURVE('',#3951,#3952,#1993,.T.);
#5092=EDGE_CURVE('',#3953,#3952,#3197,.T.);
#5093=EDGE_CURVE('',#3953,#3954,#1994,.T.);
#5094=EDGE_CURVE('',#3955,#3954,#3198,.T.);
#5095=EDGE_CURVE('',#3955,#3956,#1995,.T.);
#5096=EDGE_CURVE('',#3957,#3956,#3199,.T.);
#5097=EDGE_CURVE('',#3957,#3958,#1996,.T.);
#5098=EDGE_CURVE('',#3959,#3958,#3200,.T.);
#5099=EDGE_CURVE('',#3959,#3960,#1997,.T.);
#5100=EDGE_CURVE('',#3960,#3961,#1998,.T.);
#5101=EDGE_CURVE('',#3961,#3962,#1999,.T.);
#5102=EDGE_CURVE('',#3962,#3963,#2000,.T.);
#5103=EDGE_CURVE('',#3964,#3963,#3201,.T.);
#5104=EDGE_CURVE('',#3964,#3965,#2001,.T.);
#5105=EDGE_CURVE('',#3966,#3965,#3202,.T.);
#5106=EDGE_CURVE('',#3966,#3726,#2002,.T.);
#5107=EDGE_CURVE('',#3887,#3901,#3203,.T.);
#5108=EDGE_CURVE('',#3872,#3876,#3204,.T.);
#5109=EDGE_CURVE('',#3967,#3871,#3205,.T.);
#5110=EDGE_CURVE('',#3967,#3968,#2003,.T.);
#5111=EDGE_CURVE('',#3741,#3968,#3206,.T.);
#5112=EDGE_CURVE('',#3867,#3969,#2004,.T.);
#5113=EDGE_CURVE('',#3894,#3969,#3207,.T.);
#5114=EDGE_CURVE('',#3890,#3899,#2005,.T.);
#5115=EDGE_CURVE('',#3970,#3971,#2006,.T.);
#5116=EDGE_CURVE('',#3971,#3972,#2007,.T.);
#5117=EDGE_CURVE('',#3972,#3973,#2008,.T.);
#5118=EDGE_CURVE('',#3974,#3973,#3208,.T.);
#5119=EDGE_CURVE('',#3974,#3975,#2009,.T.);
#5120=EDGE_CURVE('',#3976,#3975,#3209,.T.);
#5121=EDGE_CURVE('',#3976,#3977,#2010,.T.);
#5122=EDGE_CURVE('',#3978,#3977,#3210,.T.);
#5123=EDGE_CURVE('',#3978,#3979,#2011,.T.);
#5124=EDGE_CURVE('',#3980,#3979,#3211,.T.);
#5125=EDGE_CURVE('',#3980,#3981,#2012,.T.);
#5126=EDGE_CURVE('',#3982,#3981,#3212,.T.);
#5127=EDGE_CURVE('',#3982,#3983,#2013,.T.);
#5128=EDGE_CURVE('',#3984,#3983,#3213,.T.);
#5129=EDGE_CURVE('',#3984,#3985,#2014,.T.);
#5130=EDGE_CURVE('',#3986,#3985,#3214,.T.);
#5131=EDGE_CURVE('',#3986,#3987,#2015,.T.);
#5132=EDGE_CURVE('',#3988,#3987,#3215,.T.);
#5133=EDGE_CURVE('',#3988,#3989,#2016,.T.);
#5134=EDGE_CURVE('',#3990,#3989,#3216,.T.);
#5135=EDGE_CURVE('',#3990,#3991,#2017,.T.);
#5136=EDGE_CURVE('',#3992,#3991,#3217,.T.);
#5137=EDGE_CURVE('',#3992,#3993,#2018,.T.);
#5138=EDGE_CURVE('',#3994,#3993,#3218,.T.);
#5139=EDGE_CURVE('',#3994,#3995,#2019,.T.);
#5140=EDGE_CURVE('',#3996,#3995,#3219,.T.);
#5141=EDGE_CURVE('',#3996,#3997,#2020,.T.);
#5142=EDGE_CURVE('',#3998,#3997,#3220,.T.);
#5143=EDGE_CURVE('',#3998,#3999,#2021,.T.);
#5144=EDGE_CURVE('',#4000,#3999,#3221,.T.);
#5145=EDGE_CURVE('',#4000,#4001,#2022,.T.);
#5146=EDGE_CURVE('',#4002,#4001,#3222,.T.);
#5147=EDGE_CURVE('',#4002,#4003,#2023,.T.);
#5148=EDGE_CURVE('',#4004,#4003,#3223,.T.);
#5149=EDGE_CURVE('',#4004,#4005,#2024,.T.);
#5150=EDGE_CURVE('',#4006,#4005,#3224,.T.);
#5151=EDGE_CURVE('',#4006,#4007,#2025,.T.);
#5152=EDGE_CURVE('',#4008,#4007,#3225,.T.);
#5153=EDGE_CURVE('',#4008,#4009,#2026,.T.);
#5154=EDGE_CURVE('',#4010,#4009,#3226,.T.);
#5155=EDGE_CURVE('',#4010,#4011,#2027,.T.);
#5156=EDGE_CURVE('',#4012,#4011,#3227,.T.);
#5157=EDGE_CURVE('',#4012,#4013,#2028,.T.);
#5158=EDGE_CURVE('',#4014,#4013,#3228,.T.);
#5159=EDGE_CURVE('',#4014,#4015,#2029,.T.);
#5160=EDGE_CURVE('',#4016,#4015,#3229,.T.);
#5161=EDGE_CURVE('',#4016,#4017,#2030,.T.);
#5162=EDGE_CURVE('',#4018,#4017,#3230,.T.);
#5163=EDGE_CURVE('',#4018,#4019,#2031,.T.);
#5164=EDGE_CURVE('',#4020,#4019,#3231,.T.);
#5165=EDGE_CURVE('',#4020,#4021,#2032,.T.);
#5166=EDGE_CURVE('',#3970,#4021,#3232,.T.);
#5167=EDGE_CURVE('',#4022,#4023,#2033,.T.);
#5168=EDGE_CURVE('',#4022,#4024,#3233,.T.);
#5169=EDGE_CURVE('',#4024,#4025,#2034,.T.);
#5170=EDGE_CURVE('',#4025,#4026,#2035,.T.);
#5171=EDGE_CURVE('',#4026,#4027,#3234,.T.);
#5172=EDGE_CURVE('',#4028,#4027,#2036,.T.);
#5173=EDGE_CURVE('',#4028,#4029,#3235,.T.);
#5174=EDGE_CURVE('',#4029,#4030,#2037,.T.);
#5175=EDGE_CURVE('',#4030,#4031,#2038,.T.);
#5176=EDGE_CURVE('',#4031,#4032,#3236,.T.);
#5177=EDGE_CURVE('',#4033,#4032,#2039,.T.);
#5178=EDGE_CURVE('',#4033,#4034,#3237,.T.);
#5179=EDGE_CURVE('',#4035,#4034,#2040,.T.);
#5180=EDGE_CURVE('',#4035,#4036,#3238,.T.);
#5181=EDGE_CURVE('',#4023,#4036,#2041,.T.);
#5182=EDGE_CURVE('',#4023,#4037,#39,.T.);
#5183=EDGE_CURVE('',#4037,#4038,#2042,.T.);
#5184=EDGE_CURVE('',#4038,#4039,#3239,.T.);
#5185=EDGE_CURVE('',#4039,#4040,#2043,.T.);
#5186=EDGE_CURVE('',#4023,#4040,#40,.F.);
#5187=EDGE_CURVE('',#3962,#4037,#2044,.T.);
#5188=EDGE_CURVE('',#4038,#3961,#2045,.T.);
#5189=EDGE_CURVE('',#4041,#4042,#171,.T.);
#5190=EDGE_CURVE('',#4041,#4043,#3240,.T.);
#5191=EDGE_CURVE('',#4043,#4044,#3241,.T.);
#5192=EDGE_CURVE('',#4044,#4042,#3242,.T.);
#5193=EDGE_CURVE('',#4043,#3908,#2046,.T.);
#5194=EDGE_CURVE('',#3907,#4044,#2047,.T.);
#5195=EDGE_CURVE('',#4040,#4043,#2048,.T.);
#5196=EDGE_CURVE('',#4040,#3909,#2049,.T.);
#5197=EDGE_CURVE('',#4041,#4022,#172,.T.);
#5198=EDGE_CURVE('',#4045,#4046,#173,.T.);
#5199=EDGE_CURVE('',#4045,#4047,#3243,.T.);
#5200=EDGE_CURVE('',#4047,#4048,#3244,.T.);
#5201=EDGE_CURVE('',#4048,#4046,#3245,.T.);
#5202=EDGE_CURVE('',#4047,#3906,#2050,.T.);
#5203=EDGE_CURVE('',#3905,#4048,#2051,.T.);
#5204=EDGE_CURVE('',#4044,#4047,#2052,.T.);
#5205=EDGE_CURVE('',#4045,#4028,#174,.T.);
#5206=EDGE_CURVE('',#4027,#4042,#175,.T.);
#5207=EDGE_CURVE('',#4049,#4050,#176,.T.);
#5208=EDGE_CURVE('',#4049,#4051,#3246,.T.);
#5209=EDGE_CURVE('',#4051,#4052,#3247,.T.);
#5210=EDGE_CURVE('',#4052,#4050,#3248,.T.);
#5211=EDGE_CURVE('',#4051,#3966,#2053,.T.);
#5212=EDGE_CURVE('',#3965,#4052,#2054,.T.);
#5213=EDGE_CURVE('',#4048,#4051,#2055,.T.);
#5214=EDGE_CURVE('',#4049,#4033,#177,.T.);
#5215=EDGE_CURVE('',#4032,#4046,#178,.T.);
#5216=EDGE_CURVE('',#4053,#4050,#179,.T.);
#5217=EDGE_CURVE('',#4053,#4054,#2056,.T.);
#5218=EDGE_CURVE('',#4055,#4054,#3249,.T.);
#5219=EDGE_CURVE('',#4056,#4055,#2057,.T.);
#5220=EDGE_CURVE('',#4034,#4056,#180,.T.);
#5221=EDGE_CURVE('',#4052,#4057,#2058,.T.);
#5222=EDGE_CURVE('',#4058,#4057,#3250,.T.);
#5223=EDGE_CURVE('',#4058,#4059,#181,.T.);
#5224=EDGE_CURVE('',#4059,#4060,#2059,.T.);
#5225=EDGE_CURVE('',#4060,#4061,#41,.T.);
#5226=EDGE_CURVE('',#4061,#4035,#182,.T.);
#5227=EDGE_CURVE('',#4056,#4062,#2060,.T.);
#5228=EDGE_CURVE('',#4062,#4053,#42,.T.);
#5229=EDGE_CURVE('',#4058,#4063,#183,.T.);
#5230=EDGE_CURVE('',#4057,#4064,#3251,.T.);
#5231=EDGE_CURVE('',#4064,#4063,#3252,.T.);
#5232=EDGE_CURVE('',#4057,#3964,#2061,.T.);
#5233=EDGE_CURVE('',#3963,#4064,#2062,.T.);
#5234=EDGE_CURVE('',#4036,#4063,#184,.T.);
#5235=EDGE_CURVE('',#4061,#4065,#2063,.T.);
#5236=EDGE_CURVE('',#4066,#4065,#3253,.T.);
#5237=EDGE_CURVE('',#4059,#4066,#2064,.T.);
#5238=EDGE_CURVE('',#4064,#4037,#2065,.T.);
#5239=EDGE_CURVE('',#3969,#3904,#2066,.T.);
#5240=EDGE_CURVE('',#3968,#3902,#2067,.T.);
#5241=EDGE_CURVE('',#3903,#3967,#2068,.T.);
#5242=EDGE_CURVE('',#3970,#3910,#2069,.T.);
#5243=EDGE_CURVE('',#3911,#4021,#2070,.T.);
#5244=EDGE_CURVE('',#4020,#3912,#2071,.T.);
#5245=EDGE_CURVE('',#3913,#4019,#2072,.T.);
#5246=EDGE_CURVE('',#4018,#3914,#2073,.T.);
#5247=EDGE_CURVE('',#3915,#4017,#2074,.T.);
#5248=EDGE_CURVE('',#4016,#3916,#2075,.T.);
#5249=EDGE_CURVE('',#3917,#4015,#2076,.T.);
#5250=EDGE_CURVE('',#4014,#3918,#2077,.T.);
#5251=EDGE_CURVE('',#3919,#4013,#2078,.T.);
#5252=EDGE_CURVE('',#4012,#3920,#2079,.T.);
#5253=EDGE_CURVE('',#3921,#4011,#2080,.T.);
#5254=EDGE_CURVE('',#4010,#3922,#2081,.T.);
#5255=EDGE_CURVE('',#3923,#4009,#2082,.T.);
#5256=EDGE_CURVE('',#4008,#3924,#2083,.T.);
#5257=EDGE_CURVE('',#3925,#4007,#2084,.T.);
#5258=EDGE_CURVE('',#4006,#3926,#2085,.T.);
#5259=EDGE_CURVE('',#3927,#4005,#2086,.T.);
#5260=EDGE_CURVE('',#4004,#3928,#2087,.T.);
#5261=EDGE_CURVE('',#3929,#4003,#2088,.T.);
#5262=EDGE_CURVE('',#4002,#3930,#2089,.T.);
#5263=EDGE_CURVE('',#3931,#4001,#2090,.T.);
#5264=EDGE_CURVE('',#4000,#3932,#2091,.T.);
#5265=EDGE_CURVE('',#3933,#3999,#2092,.T.);
#5266=EDGE_CURVE('',#3998,#3934,#2093,.T.);
#5267=EDGE_CURVE('',#3935,#3997,#2094,.T.);
#5268=EDGE_CURVE('',#3996,#3936,#2095,.T.);
#5269=EDGE_CURVE('',#3937,#3995,#2096,.T.);
#5270=EDGE_CURVE('',#3994,#3938,#2097,.T.);
#5271=EDGE_CURVE('',#3939,#3993,#2098,.T.);
#5272=EDGE_CURVE('',#3992,#3940,#2099,.T.);
#5273=EDGE_CURVE('',#3941,#3991,#2100,.T.);
#5274=EDGE_CURVE('',#3990,#3942,#2101,.T.);
#5275=EDGE_CURVE('',#3943,#3989,#2102,.T.);
#5276=EDGE_CURVE('',#3988,#3944,#2103,.T.);
#5277=EDGE_CURVE('',#3945,#3987,#2104,.T.);
#5278=EDGE_CURVE('',#3986,#3946,#2105,.T.);
#5279=EDGE_CURVE('',#3947,#3985,#2106,.T.);
#5280=EDGE_CURVE('',#3984,#3948,#2107,.T.);
#5281=EDGE_CURVE('',#3949,#3983,#2108,.T.);
#5282=EDGE_CURVE('',#3982,#3950,#2109,.T.);
#5283=EDGE_CURVE('',#3951,#3981,#2110,.T.);
#5284=EDGE_CURVE('',#3980,#3952,#2111,.T.);
#5285=EDGE_CURVE('',#3953,#3979,#2112,.T.);
#5286=EDGE_CURVE('',#3978,#3954,#2113,.T.);
#5287=EDGE_CURVE('',#3955,#3977,#2114,.T.);
#5288=EDGE_CURVE('',#3976,#3956,#2115,.T.);
#5289=EDGE_CURVE('',#3957,#3975,#2116,.T.);
#5290=EDGE_CURVE('',#3974,#3958,#2117,.T.);
#5291=EDGE_CURVE('',#3959,#3973,#2118,.T.);
#5292=EDGE_CURVE('',#3960,#3972,#2119,.T.);
#5293=EDGE_CURVE('',#3971,#4039,#2120,.T.);
#5294=EDGE_CURVE('',#4024,#4067,#2121,.T.);
#5295=EDGE_CURVE('',#4068,#4067,#2122,.T.);
#5296=EDGE_CURVE('',#4025,#4068,#2123,.T.);
#5297=EDGE_CURVE('',#4069,#4068,#2124,.T.);
#5298=EDGE_CURVE('',#4026,#4069,#2125,.T.);
#5299=EDGE_CURVE('',#4067,#4069,#3254,.T.);
#5300=EDGE_CURVE('',#4070,#4070,#3255,.T.);
#5301=EDGE_CURVE('',#4071,#4066,#2126,.T.);
#5302=EDGE_CURVE('',#4060,#4071,#2127,.T.);
#5303=EDGE_CURVE('',#4065,#4071,#2128,.T.);
#5304=EDGE_CURVE('',#4072,#4072,#3256,.T.);
#5305=EDGE_CURVE('',#4031,#4073,#2129,.T.);
#5306=EDGE_CURVE('',#4074,#4073,#3257,.T.);
#5307=EDGE_CURVE('',#4029,#4074,#2130,.T.);
#5308=EDGE_CURVE('',#4075,#4074,#2131,.T.);
#5309=EDGE_CURVE('',#4030,#4075,#2132,.T.);
#5310=EDGE_CURVE('',#4073,#4075,#2133,.T.);
#5311=EDGE_CURVE('',#4076,#4076,#3258,.T.);
#5312=EDGE_CURVE('',#4062,#4077,#2134,.T.);
#5313=EDGE_CURVE('',#4054,#4077,#2135,.T.);
#5314=EDGE_CURVE('',#4077,#4055,#2136,.T.);
#5315=EDGE_CURVE('',#4078,#4078,#3259,.T.);
#5316=EDGE_CURVE('',#4079,#4079,#3260,.T.);
#5317=EDGE_CURVE('',#4079,#4072,#2137,.T.);
#5318=EDGE_CURVE('',#4080,#4080,#3261,.T.);
#5319=EDGE_CURVE('',#4080,#4070,#2138,.T.);
#5320=EDGE_CURVE('',#4081,#4081,#3262,.T.);
#5321=EDGE_CURVE('',#4081,#4076,#2139,.T.);
#5322=EDGE_CURVE('',#4082,#4082,#3263,.T.);
#5323=EDGE_CURVE('',#4082,#4078,#2140,.T.);
#5324=ORIENTED_EDGE('',*,*,#4083,.T.);
#5325=ORIENTED_EDGE('',*,*,#4084,.T.);
#5326=ORIENTED_EDGE('',*,*,#4085,.T.);
#5327=ORIENTED_EDGE('',*,*,#4086,.T.);
#5328=ORIENTED_EDGE('',*,*,#4084,.F.);
#5329=ORIENTED_EDGE('',*,*,#4087,.T.);
#5330=ORIENTED_EDGE('',*,*,#4088,.F.);
#5331=ORIENTED_EDGE('',*,*,#4089,.T.);
#5332=ORIENTED_EDGE('',*,*,#4090,.T.);
#5333=ORIENTED_EDGE('',*,*,#4091,.T.);
#5334=ORIENTED_EDGE('',*,*,#4092,.T.);
#5335=ORIENTED_EDGE('',*,*,#4093,.T.);
#5336=ORIENTED_EDGE('',*,*,#4091,.F.);
#5337=ORIENTED_EDGE('',*,*,#4094,.T.);
#5338=ORIENTED_EDGE('',*,*,#4095,.F.);
#5339=ORIENTED_EDGE('',*,*,#4096,.T.);
#5340=ORIENTED_EDGE('',*,*,#4097,.F.);
#5341=ORIENTED_EDGE('',*,*,#4085,.F.);
#5342=ORIENTED_EDGE('',*,*,#4089,.F.);
#5343=ORIENTED_EDGE('',*,*,#4098,.F.);
#5344=ORIENTED_EDGE('',*,*,#4099,.F.);
#5345=ORIENTED_EDGE('',*,*,#4094,.F.);
#5346=ORIENTED_EDGE('',*,*,#4090,.F.);
#5347=ORIENTED_EDGE('',*,*,#4095,.T.);
#5348=ORIENTED_EDGE('',*,*,#4099,.T.);
#5349=ORIENTED_EDGE('',*,*,#4100,.T.);
#5350=ORIENTED_EDGE('',*,*,#4101,.T.);
#5351=ORIENTED_EDGE('',*,*,#4100,.F.);
#5352=ORIENTED_EDGE('',*,*,#4098,.T.);
#5353=ORIENTED_EDGE('',*,*,#4088,.T.);
#5354=ORIENTED_EDGE('',*,*,#4102,.T.);
#5355=ORIENTED_EDGE('',*,*,#4096,.F.);
#5356=ORIENTED_EDGE('',*,*,#4101,.F.);
#5357=ORIENTED_EDGE('',*,*,#4102,.F.);
#5358=ORIENTED_EDGE('',*,*,#4087,.F.);
#5359=ORIENTED_EDGE('',*,*,#4083,.F.);
#5360=ORIENTED_EDGE('',*,*,#4103,.F.);
#5361=ORIENTED_EDGE('',*,*,#4092,.F.);
#5362=ORIENTED_EDGE('',*,*,#4104,.T.);
#5363=ORIENTED_EDGE('',*,*,#4105,.T.);
#5364=ORIENTED_EDGE('',*,*,#4106,.T.);
#5365=ORIENTED_EDGE('',*,*,#4107,.T.);
#5366=ORIENTED_EDGE('',*,*,#4105,.F.);
#5367=ORIENTED_EDGE('',*,*,#4108,.F.);
#5368=ORIENTED_EDGE('',*,*,#4109,.T.);
#5369=ORIENTED_EDGE('',*,*,#4110,.F.);
#5370=ORIENTED_EDGE('',*,*,#4111,.T.);
#5371=ORIENTED_EDGE('',*,*,#4112,.T.);
#5372=ORIENTED_EDGE('',*,*,#4113,.T.);
#5373=ORIENTED_EDGE('',*,*,#4114,.T.);
#5374=ORIENTED_EDGE('',*,*,#4112,.F.);
#5375=ORIENTED_EDGE('',*,*,#4115,.F.);
#5376=ORIENTED_EDGE('',*,*,#4116,.T.);
#5377=ORIENTED_EDGE('',*,*,#4117,.F.);
#5378=ORIENTED_EDGE('',*,*,#4117,.T.);
#5379=ORIENTED_EDGE('',*,*,#4118,.T.);
#5380=ORIENTED_EDGE('',*,*,#4119,.T.);
#5381=ORIENTED_EDGE('',*,*,#4108,.T.);
#5382=ORIENTED_EDGE('',*,*,#4104,.F.);
#5383=ORIENTED_EDGE('',*,*,#4120,.F.);
#5384=ORIENTED_EDGE('',*,*,#4113,.F.);
#5385=ORIENTED_EDGE('',*,*,#4116,.F.);
#5386=ORIENTED_EDGE('',*,*,#4121,.F.);
#5387=ORIENTED_EDGE('',*,*,#4122,.F.);
#5388=ORIENTED_EDGE('',*,*,#4118,.F.);
#5389=ORIENTED_EDGE('',*,*,#4122,.T.);
#5390=ORIENTED_EDGE('',*,*,#4123,.F.);
#5391=ORIENTED_EDGE('',*,*,#4109,.F.);
#5392=ORIENTED_EDGE('',*,*,#4119,.F.);
#5393=ORIENTED_EDGE('',*,*,#4115,.T.);
#5394=ORIENTED_EDGE('',*,*,#4111,.F.);
#5395=ORIENTED_EDGE('',*,*,#4124,.F.);
#5396=ORIENTED_EDGE('',*,*,#4106,.F.);
#5397=ORIENTED_EDGE('',*,*,#4110,.T.);
#5398=ORIENTED_EDGE('',*,*,#4123,.T.);
#5399=ORIENTED_EDGE('',*,*,#4121,.T.);
#5400=ORIENTED_EDGE('',*,*,#4125,.F.);
#5401=ORIENTED_EDGE('',*,*,#4126,.F.);
#5402=ORIENTED_EDGE('',*,*,#4127,.F.);
#5403=ORIENTED_EDGE('',*,*,#4128,.F.);
#5404=ORIENTED_EDGE('',*,*,#4127,.T.);
#5405=ORIENTED_EDGE('',*,*,#4129,.F.);
#5406=ORIENTED_EDGE('',*,*,#4130,.F.);
#5407=ORIENTED_EDGE('',*,*,#4131,.F.);
#5408=ORIENTED_EDGE('',*,*,#4125,.T.);
#5409=ORIENTED_EDGE('',*,*,#4132,.F.);
#5410=ORIENTED_EDGE('',*,*,#4133,.T.);
#5411=ORIENTED_EDGE('',*,*,#4134,.F.);
#5412=ORIENTED_EDGE('',*,*,#4135,.T.);
#5413=ORIENTED_EDGE('',*,*,#4136,.T.);
#5414=ORIENTED_EDGE('',*,*,#4137,.T.);
#5415=ORIENTED_EDGE('',*,*,#4138,.F.);
#5416=ORIENTED_EDGE('',*,*,#4139,.F.);
#5417=ORIENTED_EDGE('',*,*,#4140,.F.);
#5418=ORIENTED_EDGE('',*,*,#4141,.F.);
#5419=ORIENTED_EDGE('',*,*,#4142,.F.);
#5420=ORIENTED_EDGE('',*,*,#4143,.T.);
#5421=ORIENTED_EDGE('',*,*,#4144,.T.);
#5422=ORIENTED_EDGE('',*,*,#4145,.T.);
#5423=ORIENTED_EDGE('',*,*,#4146,.F.);
#5424=ORIENTED_EDGE('',*,*,#4147,.F.);
#5425=ORIENTED_EDGE('',*,*,#4148,.F.);
#5426=ORIENTED_EDGE('',*,*,#4149,.F.);
#5427=ORIENTED_EDGE('',*,*,#4150,.F.);
#5428=ORIENTED_EDGE('',*,*,#4097,.T.);
#5429=ORIENTED_EDGE('',*,*,#4093,.F.);
#5430=ORIENTED_EDGE('',*,*,#4103,.T.);
#5431=ORIENTED_EDGE('',*,*,#4086,.F.);
#5432=ORIENTED_EDGE('',*,*,#4124,.T.);
#5433=ORIENTED_EDGE('',*,*,#4114,.F.);
#5434=ORIENTED_EDGE('',*,*,#4120,.T.);
#5435=ORIENTED_EDGE('',*,*,#4107,.F.);
#5436=ORIENTED_EDGE('',*,*,#4128,.T.);
#5437=ORIENTED_EDGE('',*,*,#4131,.T.);
#5438=ORIENTED_EDGE('',*,*,#4151,.T.);
#5439=ORIENTED_EDGE('',*,*,#4152,.T.);
#5440=ORIENTED_EDGE('',*,*,#4153,.T.);
#5441=ORIENTED_EDGE('',*,*,#4154,.T.);
#5442=ORIENTED_EDGE('',*,*,#4155,.T.);
#5443=ORIENTED_EDGE('',*,*,#4156,.T.);
#5444=ORIENTED_EDGE('',*,*,#4157,.T.);
#5445=ORIENTED_EDGE('',*,*,#4158,.T.);
#5446=ORIENTED_EDGE('',*,*,#4159,.T.);
#5447=ORIENTED_EDGE('',*,*,#4160,.T.);
#5448=ORIENTED_EDGE('',*,*,#4161,.T.);
#5449=ORIENTED_EDGE('',*,*,#4162,.T.);
#5450=ORIENTED_EDGE('',*,*,#4163,.T.);
#5451=ORIENTED_EDGE('',*,*,#4164,.T.);
#5452=ORIENTED_EDGE('',*,*,#4165,.T.);
#5453=ORIENTED_EDGE('',*,*,#4166,.T.);
#5454=ORIENTED_EDGE('',*,*,#4167,.T.);
#5455=ORIENTED_EDGE('',*,*,#4168,.T.);
#5456=ORIENTED_EDGE('',*,*,#4169,.T.);
#5457=ORIENTED_EDGE('',*,*,#4170,.T.);
#5458=ORIENTED_EDGE('',*,*,#4171,.T.);
#5459=ORIENTED_EDGE('',*,*,#4172,.T.);
#5460=ORIENTED_EDGE('',*,*,#4173,.F.);
#5461=ORIENTED_EDGE('',*,*,#4174,.F.);
#5462=ORIENTED_EDGE('',*,*,#4175,.T.);
#5463=ORIENTED_EDGE('',*,*,#4176,.T.);
#5464=ORIENTED_EDGE('',*,*,#4177,.T.);
#5465=ORIENTED_EDGE('',*,*,#4178,.T.);
#5466=ORIENTED_EDGE('',*,*,#4179,.T.);
#5467=ORIENTED_EDGE('',*,*,#4180,.T.);
#5468=ORIENTED_EDGE('',*,*,#4181,.T.);
#5469=ORIENTED_EDGE('',*,*,#4182,.T.);
#5470=ORIENTED_EDGE('',*,*,#4183,.T.);
#5471=ORIENTED_EDGE('',*,*,#4184,.T.);
#5472=ORIENTED_EDGE('',*,*,#4185,.T.);
#5473=ORIENTED_EDGE('',*,*,#4186,.T.);
#5474=ORIENTED_EDGE('',*,*,#4187,.T.);
#5475=ORIENTED_EDGE('',*,*,#4188,.T.);
#5476=ORIENTED_EDGE('',*,*,#4189,.T.);
#5477=ORIENTED_EDGE('',*,*,#4190,.T.);
#5478=ORIENTED_EDGE('',*,*,#4191,.T.);
#5479=ORIENTED_EDGE('',*,*,#4192,.T.);
#5480=ORIENTED_EDGE('',*,*,#4132,.T.);
#5481=ORIENTED_EDGE('',*,*,#4193,.T.);
#5482=ORIENTED_EDGE('',*,*,#4194,.T.);
#5483=ORIENTED_EDGE('',*,*,#4195,.T.);
#5484=ORIENTED_EDGE('',*,*,#4196,.T.);
#5485=ORIENTED_EDGE('',*,*,#4197,.T.);
#5486=ORIENTED_EDGE('',*,*,#4198,.T.);
#5487=ORIENTED_EDGE('',*,*,#4199,.T.);
#5488=ORIENTED_EDGE('',*,*,#4200,.T.);
#5489=ORIENTED_EDGE('',*,*,#4201,.T.);
#5490=ORIENTED_EDGE('',*,*,#4202,.T.);
#5491=ORIENTED_EDGE('',*,*,#4203,.T.);
#5492=ORIENTED_EDGE('',*,*,#4204,.T.);
#5493=ORIENTED_EDGE('',*,*,#4205,.T.);
#5494=ORIENTED_EDGE('',*,*,#4206,.T.);
#5495=ORIENTED_EDGE('',*,*,#4207,.T.);
#5496=ORIENTED_EDGE('',*,*,#4208,.T.);
#5497=ORIENTED_EDGE('',*,*,#4209,.T.);
#5498=ORIENTED_EDGE('',*,*,#4210,.T.);
#5499=ORIENTED_EDGE('',*,*,#4211,.T.);
#5500=ORIENTED_EDGE('',*,*,#4212,.T.);
#5501=ORIENTED_EDGE('',*,*,#4213,.F.);
#5502=ORIENTED_EDGE('',*,*,#4214,.F.);
#5503=ORIENTED_EDGE('',*,*,#4215,.T.);
#5504=ORIENTED_EDGE('',*,*,#4216,.T.);
#5505=ORIENTED_EDGE('',*,*,#4217,.T.);
#5506=ORIENTED_EDGE('',*,*,#4218,.T.);
#5507=ORIENTED_EDGE('',*,*,#4219,.T.);
#5508=ORIENTED_EDGE('',*,*,#4220,.T.);
#5509=ORIENTED_EDGE('',*,*,#4221,.T.);
#5510=ORIENTED_EDGE('',*,*,#4222,.T.);
#5511=ORIENTED_EDGE('',*,*,#4223,.T.);
#5512=ORIENTED_EDGE('',*,*,#4224,.T.);
#5513=ORIENTED_EDGE('',*,*,#4225,.T.);
#5514=ORIENTED_EDGE('',*,*,#4226,.T.);
#5515=ORIENTED_EDGE('',*,*,#4227,.T.);
#5516=ORIENTED_EDGE('',*,*,#4228,.T.);
#5517=ORIENTED_EDGE('',*,*,#4229,.T.);
#5518=ORIENTED_EDGE('',*,*,#4230,.T.);
#5519=ORIENTED_EDGE('',*,*,#4231,.T.);
#5520=ORIENTED_EDGE('',*,*,#4232,.T.);
#5521=ORIENTED_EDGE('',*,*,#4233,.T.);
#5522=ORIENTED_EDGE('',*,*,#4234,.T.);
#5523=ORIENTED_EDGE('',*,*,#4235,.T.);
#5524=ORIENTED_EDGE('',*,*,#4236,.T.);
#5525=ORIENTED_EDGE('',*,*,#4237,.T.);
#5526=ORIENTED_EDGE('',*,*,#4238,.T.);
#5527=ORIENTED_EDGE('',*,*,#4239,.T.);
#5528=ORIENTED_EDGE('',*,*,#4240,.T.);
#5529=ORIENTED_EDGE('',*,*,#4241,.T.);
#5530=ORIENTED_EDGE('',*,*,#4242,.T.);
#5531=ORIENTED_EDGE('',*,*,#4243,.T.);
#5532=ORIENTED_EDGE('',*,*,#4244,.T.);
#5533=ORIENTED_EDGE('',*,*,#4245,.T.);
#5534=ORIENTED_EDGE('',*,*,#4246,.T.);
#5535=ORIENTED_EDGE('',*,*,#4247,.T.);
#5536=ORIENTED_EDGE('',*,*,#4248,.T.);
#5537=ORIENTED_EDGE('',*,*,#4249,.T.);
#5538=ORIENTED_EDGE('',*,*,#4250,.T.);
#5539=ORIENTED_EDGE('',*,*,#4251,.T.);
#5540=ORIENTED_EDGE('',*,*,#4252,.T.);
#5541=ORIENTED_EDGE('',*,*,#4253,.T.);
#5542=ORIENTED_EDGE('',*,*,#4254,.T.);
#5543=ORIENTED_EDGE('',*,*,#4255,.T.);
#5544=ORIENTED_EDGE('',*,*,#4256,.T.);
#5545=ORIENTED_EDGE('',*,*,#4257,.T.);
#5546=ORIENTED_EDGE('',*,*,#4258,.F.);
#5547=ORIENTED_EDGE('',*,*,#4259,.F.);
#5548=ORIENTED_EDGE('',*,*,#4260,.T.);
#5549=ORIENTED_EDGE('',*,*,#4261,.T.);
#5550=ORIENTED_EDGE('',*,*,#4262,.T.);
#5551=ORIENTED_EDGE('',*,*,#4263,.T.);
#5552=ORIENTED_EDGE('',*,*,#4264,.T.);
#5553=ORIENTED_EDGE('',*,*,#4265,.T.);
#5554=ORIENTED_EDGE('',*,*,#4266,.T.);
#5555=ORIENTED_EDGE('',*,*,#4267,.T.);
#5556=ORIENTED_EDGE('',*,*,#4268,.T.);
#5557=ORIENTED_EDGE('',*,*,#4269,.T.);
#5558=ORIENTED_EDGE('',*,*,#4270,.T.);
#5559=ORIENTED_EDGE('',*,*,#4271,.T.);
#5560=ORIENTED_EDGE('',*,*,#4272,.T.);
#5561=ORIENTED_EDGE('',*,*,#4273,.T.);
#5562=ORIENTED_EDGE('',*,*,#4274,.T.);
#5563=ORIENTED_EDGE('',*,*,#4275,.T.);
#5564=ORIENTED_EDGE('',*,*,#4276,.T.);
#5565=ORIENTED_EDGE('',*,*,#4277,.T.);
#5566=ORIENTED_EDGE('',*,*,#4278,.T.);
#5567=ORIENTED_EDGE('',*,*,#4279,.T.);
#5568=ORIENTED_EDGE('',*,*,#4280,.T.);
#5569=ORIENTED_EDGE('',*,*,#4281,.T.);
#5570=ORIENTED_EDGE('',*,*,#4282,.T.);
#5571=ORIENTED_EDGE('',*,*,#4283,.T.);
#5572=ORIENTED_EDGE('',*,*,#4284,.T.);
#5573=ORIENTED_EDGE('',*,*,#4285,.T.);
#5574=ORIENTED_EDGE('',*,*,#4286,.T.);
#5575=ORIENTED_EDGE('',*,*,#4287,.T.);
#5576=ORIENTED_EDGE('',*,*,#4288,.T.);
#5577=ORIENTED_EDGE('',*,*,#4289,.T.);
#5578=ORIENTED_EDGE('',*,*,#4290,.T.);
#5579=ORIENTED_EDGE('',*,*,#4291,.T.);
#5580=ORIENTED_EDGE('',*,*,#4292,.T.);
#5581=ORIENTED_EDGE('',*,*,#4293,.T.);
#5582=ORIENTED_EDGE('',*,*,#4294,.T.);
#5583=ORIENTED_EDGE('',*,*,#4295,.T.);
#5584=ORIENTED_EDGE('',*,*,#4296,.T.);
#5585=ORIENTED_EDGE('',*,*,#4297,.T.);
#5586=ORIENTED_EDGE('',*,*,#4298,.T.);
#5587=ORIENTED_EDGE('',*,*,#4299,.T.);
#5588=ORIENTED_EDGE('',*,*,#4300,.T.);
#5589=ORIENTED_EDGE('',*,*,#4301,.T.);
#5590=ORIENTED_EDGE('',*,*,#4302,.T.);
#5591=ORIENTED_EDGE('',*,*,#4303,.T.);
#5592=ORIENTED_EDGE('',*,*,#4304,.T.);
#5593=ORIENTED_EDGE('',*,*,#4305,.T.);
#5594=ORIENTED_EDGE('',*,*,#4306,.T.);
#5595=ORIENTED_EDGE('',*,*,#4307,.F.);
#5596=ORIENTED_EDGE('',*,*,#4308,.F.);
#5597=ORIENTED_EDGE('',*,*,#4309,.T.);
#5598=ORIENTED_EDGE('',*,*,#4310,.T.);
#5599=ORIENTED_EDGE('',*,*,#4311,.T.);
#5600=ORIENTED_EDGE('',*,*,#4312,.T.);
#5601=ORIENTED_EDGE('',*,*,#4313,.T.);
#5602=ORIENTED_EDGE('',*,*,#4314,.T.);
#5603=ORIENTED_EDGE('',*,*,#4315,.T.);
#5604=ORIENTED_EDGE('',*,*,#4316,.T.);
#5605=ORIENTED_EDGE('',*,*,#4317,.T.);
#5606=ORIENTED_EDGE('',*,*,#4318,.T.);
#5607=ORIENTED_EDGE('',*,*,#4319,.T.);
#5608=ORIENTED_EDGE('',*,*,#4320,.T.);
#5609=ORIENTED_EDGE('',*,*,#4321,.T.);
#5610=ORIENTED_EDGE('',*,*,#4322,.T.);
#5611=ORIENTED_EDGE('',*,*,#4323,.T.);
#5612=ORIENTED_EDGE('',*,*,#4324,.T.);
#5613=ORIENTED_EDGE('',*,*,#4325,.T.);
#5614=ORIENTED_EDGE('',*,*,#4326,.T.);
#5615=ORIENTED_EDGE('',*,*,#4327,.T.);
#5616=ORIENTED_EDGE('',*,*,#4328,.T.);
#5617=ORIENTED_EDGE('',*,*,#4329,.T.);
#5618=ORIENTED_EDGE('',*,*,#4330,.T.);
#5619=ORIENTED_EDGE('',*,*,#4331,.T.);
#5620=ORIENTED_EDGE('',*,*,#4332,.F.);
#5621=ORIENTED_EDGE('',*,*,#4333,.F.);
#5622=ORIENTED_EDGE('',*,*,#4334,.F.);
#5623=ORIENTED_EDGE('',*,*,#4180,.F.);
#5624=ORIENTED_EDGE('',*,*,#4334,.T.);
#5625=ORIENTED_EDGE('',*,*,#4335,.F.);
#5626=ORIENTED_EDGE('',*,*,#4336,.T.);
#5627=ORIENTED_EDGE('',*,*,#4181,.F.);
#5628=ORIENTED_EDGE('',*,*,#4332,.T.);
#5629=ORIENTED_EDGE('',*,*,#4179,.F.);
#5630=ORIENTED_EDGE('',*,*,#4337,.T.);
#5631=ORIENTED_EDGE('',*,*,#4338,.F.);
#5632=ORIENTED_EDGE('',*,*,#4339,.F.);
#5633=ORIENTED_EDGE('',*,*,#4340,.F.);
#5634=ORIENTED_EDGE('',*,*,#4341,.F.);
#5635=ORIENTED_EDGE('',*,*,#4188,.F.);
#5636=ORIENTED_EDGE('',*,*,#4341,.T.);
#5637=ORIENTED_EDGE('',*,*,#4342,.F.);
#5638=ORIENTED_EDGE('',*,*,#4343,.T.);
#5639=ORIENTED_EDGE('',*,*,#4189,.F.);
#5640=ORIENTED_EDGE('',*,*,#4344,.F.);
#5641=ORIENTED_EDGE('',*,*,#4345,.F.);
#5642=ORIENTED_EDGE('',*,*,#4346,.F.);
#5643=ORIENTED_EDGE('',*,*,#4186,.F.);
#5644=ORIENTED_EDGE('',*,*,#4339,.T.);
#5645=ORIENTED_EDGE('',*,*,#4187,.F.);
#5646=ORIENTED_EDGE('',*,*,#4346,.T.);
#5647=ORIENTED_EDGE('',*,*,#4347,.F.);
#5648=ORIENTED_EDGE('',*,*,#4344,.T.);
#5649=ORIENTED_EDGE('',*,*,#4185,.F.);
#5650=ORIENTED_EDGE('',*,*,#4348,.T.);
#5651=ORIENTED_EDGE('',*,*,#4349,.F.);
#5652=ORIENTED_EDGE('',*,*,#4350,.F.);
#5653=ORIENTED_EDGE('',*,*,#4351,.F.);
#5654=ORIENTED_EDGE('',*,*,#4337,.F.);
#5655=ORIENTED_EDGE('',*,*,#4178,.F.);
#5656=ORIENTED_EDGE('',*,*,#4352,.F.);
#5657=ORIENTED_EDGE('',*,*,#4353,.F.);
#5658=ORIENTED_EDGE('',*,*,#4133,.F.);
#5659=ORIENTED_EDGE('',*,*,#4192,.F.);
#5660=ORIENTED_EDGE('',*,*,#4352,.T.);
#5661=ORIENTED_EDGE('',*,*,#4191,.F.);
#5662=ORIENTED_EDGE('',*,*,#4354,.T.);
#5663=ORIENTED_EDGE('',*,*,#4355,.F.);
#5664=ORIENTED_EDGE('',*,*,#4336,.F.);
#5665=ORIENTED_EDGE('',*,*,#4356,.F.);
#5666=ORIENTED_EDGE('',*,*,#4357,.F.);
#5667=ORIENTED_EDGE('',*,*,#4182,.F.);
#5668=ORIENTED_EDGE('',*,*,#4357,.T.);
#5669=ORIENTED_EDGE('',*,*,#4358,.F.);
#5670=ORIENTED_EDGE('',*,*,#4359,.T.);
#5671=ORIENTED_EDGE('',*,*,#4183,.F.);
#5672=ORIENTED_EDGE('',*,*,#4343,.F.);
#5673=ORIENTED_EDGE('',*,*,#4360,.F.);
#5674=ORIENTED_EDGE('',*,*,#4354,.F.);
#5675=ORIENTED_EDGE('',*,*,#4190,.F.);
#5676=ORIENTED_EDGE('',*,*,#4359,.F.);
#5677=ORIENTED_EDGE('',*,*,#4361,.F.);
#5678=ORIENTED_EDGE('',*,*,#4348,.F.);
#5679=ORIENTED_EDGE('',*,*,#4184,.F.);
#5680=ORIENTED_EDGE('',*,*,#4362,.F.);
#5681=ORIENTED_EDGE('',*,*,#4363,.F.);
#5682=ORIENTED_EDGE('',*,*,#4364,.F.);
#5683=ORIENTED_EDGE('',*,*,#4176,.F.);
#5684=ORIENTED_EDGE('',*,*,#4362,.T.);
#5685=ORIENTED_EDGE('',*,*,#4175,.F.);
#5686=ORIENTED_EDGE('',*,*,#4365,.F.);
#5687=ORIENTED_EDGE('',*,*,#4366,.F.);
#5688=ORIENTED_EDGE('',*,*,#4367,.F.);
#5689=ORIENTED_EDGE('',*,*,#4153,.F.);
#5690=ORIENTED_EDGE('',*,*,#4368,.F.);
#5691=ORIENTED_EDGE('',*,*,#4369,.F.);
#5692=ORIENTED_EDGE('',*,*,#4134,.T.);
#5693=ORIENTED_EDGE('',*,*,#4353,.T.);
#5694=ORIENTED_EDGE('',*,*,#4355,.T.);
#5695=ORIENTED_EDGE('',*,*,#4360,.T.);
#5696=ORIENTED_EDGE('',*,*,#4342,.T.);
#5697=ORIENTED_EDGE('',*,*,#4340,.T.);
#5698=ORIENTED_EDGE('',*,*,#4347,.T.);
#5699=ORIENTED_EDGE('',*,*,#4345,.T.);
#5700=ORIENTED_EDGE('',*,*,#4349,.T.);
#5701=ORIENTED_EDGE('',*,*,#4361,.T.);
#5702=ORIENTED_EDGE('',*,*,#4358,.T.);
#5703=ORIENTED_EDGE('',*,*,#4356,.T.);
#5704=ORIENTED_EDGE('',*,*,#4335,.T.);
#5705=ORIENTED_EDGE('',*,*,#4333,.T.);
#5706=ORIENTED_EDGE('',*,*,#4338,.T.);
#5707=ORIENTED_EDGE('',*,*,#4351,.T.);
#5708=ORIENTED_EDGE('',*,*,#4370,.T.);
#5709=ORIENTED_EDGE('',*,*,#4363,.T.);
#5710=ORIENTED_EDGE('',*,*,#4366,.T.);
#5711=ORIENTED_EDGE('',*,*,#4371,.T.);
#5712=ORIENTED_EDGE('',*,*,#4372,.T.);
#5713=ORIENTED_EDGE('',*,*,#4373,.T.);
#5714=ORIENTED_EDGE('',*,*,#4374,.T.);
#5715=ORIENTED_EDGE('',*,*,#4375,.T.);
#5716=ORIENTED_EDGE('',*,*,#4376,.T.);
#5717=ORIENTED_EDGE('',*,*,#4377,.T.);
#5718=ORIENTED_EDGE('',*,*,#4378,.T.);
#5719=ORIENTED_EDGE('',*,*,#4379,.T.);
#5720=ORIENTED_EDGE('',*,*,#4380,.T.);
#5721=ORIENTED_EDGE('',*,*,#4381,.T.);
#5722=ORIENTED_EDGE('',*,*,#4382,.T.);
#5723=ORIENTED_EDGE('',*,*,#4383,.T.);
#5724=ORIENTED_EDGE('',*,*,#4384,.T.);
#5725=ORIENTED_EDGE('',*,*,#4385,.T.);
#5726=ORIENTED_EDGE('',*,*,#4386,.T.);
#5727=ORIENTED_EDGE('',*,*,#4387,.T.);
#5728=ORIENTED_EDGE('',*,*,#4388,.T.);
#5729=ORIENTED_EDGE('',*,*,#4389,.T.);
#5730=ORIENTED_EDGE('',*,*,#4390,.T.);
#5731=ORIENTED_EDGE('',*,*,#4391,.T.);
#5732=ORIENTED_EDGE('',*,*,#4392,.T.);
#5733=ORIENTED_EDGE('',*,*,#4369,.T.);
#5734=ORIENTED_EDGE('',*,*,#4393,.T.);
#5735=ORIENTED_EDGE('',*,*,#4394,.T.);
#5736=ORIENTED_EDGE('',*,*,#4129,.T.);
#5737=ORIENTED_EDGE('',*,*,#4126,.T.);
#5738=ORIENTED_EDGE('',*,*,#4368,.T.);
#5739=ORIENTED_EDGE('',*,*,#4152,.F.);
#5740=ORIENTED_EDGE('',*,*,#4395,.T.);
#5741=ORIENTED_EDGE('',*,*,#4393,.F.);
#5742=ORIENTED_EDGE('',*,*,#4396,.F.);
#5743=ORIENTED_EDGE('',*,*,#4161,.F.);
#5744=ORIENTED_EDGE('',*,*,#4397,.F.);
#5745=ORIENTED_EDGE('',*,*,#4385,.F.);
#5746=ORIENTED_EDGE('',*,*,#4397,.T.);
#5747=ORIENTED_EDGE('',*,*,#4160,.F.);
#5748=ORIENTED_EDGE('',*,*,#4398,.T.);
#5749=ORIENTED_EDGE('',*,*,#4386,.F.);
#5750=ORIENTED_EDGE('',*,*,#4399,.F.);
#5751=ORIENTED_EDGE('',*,*,#4169,.F.);
#5752=ORIENTED_EDGE('',*,*,#4400,.F.);
#5753=ORIENTED_EDGE('',*,*,#4377,.F.);
#5754=ORIENTED_EDGE('',*,*,#4400,.T.);
#5755=ORIENTED_EDGE('',*,*,#4168,.F.);
#5756=ORIENTED_EDGE('',*,*,#4401,.T.);
#5757=ORIENTED_EDGE('',*,*,#4378,.F.);
#5758=ORIENTED_EDGE('',*,*,#4402,.F.);
#5759=ORIENTED_EDGE('',*,*,#4379,.F.);
#5760=ORIENTED_EDGE('',*,*,#4401,.F.);
#5761=ORIENTED_EDGE('',*,*,#4167,.F.);
#5762=ORIENTED_EDGE('',*,*,#4399,.T.);
#5763=ORIENTED_EDGE('',*,*,#4376,.F.);
#5764=ORIENTED_EDGE('',*,*,#4403,.T.);
#5765=ORIENTED_EDGE('',*,*,#4170,.F.);
#5766=ORIENTED_EDGE('',*,*,#4404,.F.);
#5767=ORIENTED_EDGE('',*,*,#4387,.F.);
#5768=ORIENTED_EDGE('',*,*,#4398,.F.);
#5769=ORIENTED_EDGE('',*,*,#4159,.F.);
#5770=ORIENTED_EDGE('',*,*,#4396,.T.);
#5771=ORIENTED_EDGE('',*,*,#4384,.F.);
#5772=ORIENTED_EDGE('',*,*,#4405,.T.);
#5773=ORIENTED_EDGE('',*,*,#4162,.F.);
#5774=ORIENTED_EDGE('',*,*,#4406,.F.);
#5775=ORIENTED_EDGE('',*,*,#4391,.F.);
#5776=ORIENTED_EDGE('',*,*,#4407,.F.);
#5777=ORIENTED_EDGE('',*,*,#4155,.F.);
#5778=ORIENTED_EDGE('',*,*,#4407,.T.);
#5779=ORIENTED_EDGE('',*,*,#4390,.F.);
#5780=ORIENTED_EDGE('',*,*,#4408,.T.);
#5781=ORIENTED_EDGE('',*,*,#4156,.F.);
#5782=ORIENTED_EDGE('',*,*,#4405,.F.);
#5783=ORIENTED_EDGE('',*,*,#4383,.F.);
#5784=ORIENTED_EDGE('',*,*,#4409,.F.);
#5785=ORIENTED_EDGE('',*,*,#4163,.F.);
#5786=ORIENTED_EDGE('',*,*,#4409,.T.);
#5787=ORIENTED_EDGE('',*,*,#4382,.F.);
#5788=ORIENTED_EDGE('',*,*,#4410,.T.);
#5789=ORIENTED_EDGE('',*,*,#4164,.F.);
#5790=ORIENTED_EDGE('',*,*,#4411,.F.);
#5791=ORIENTED_EDGE('',*,*,#4171,.F.);
#5792=ORIENTED_EDGE('',*,*,#4403,.F.);
#5793=ORIENTED_EDGE('',*,*,#4375,.F.);
#5794=ORIENTED_EDGE('',*,*,#4402,.T.);
#5795=ORIENTED_EDGE('',*,*,#4166,.F.);
#5796=ORIENTED_EDGE('',*,*,#4412,.T.);
#5797=ORIENTED_EDGE('',*,*,#4380,.F.);
#5798=ORIENTED_EDGE('',*,*,#4412,.F.);
#5799=ORIENTED_EDGE('',*,*,#4165,.F.);
#5800=ORIENTED_EDGE('',*,*,#4410,.F.);
#5801=ORIENTED_EDGE('',*,*,#4381,.F.);
#5802=ORIENTED_EDGE('',*,*,#4404,.T.);
#5803=ORIENTED_EDGE('',*,*,#4158,.F.);
#5804=ORIENTED_EDGE('',*,*,#4413,.T.);
#5805=ORIENTED_EDGE('',*,*,#4388,.F.);
#5806=ORIENTED_EDGE('',*,*,#4413,.F.);
#5807=ORIENTED_EDGE('',*,*,#4157,.F.);
#5808=ORIENTED_EDGE('',*,*,#4408,.F.);
#5809=ORIENTED_EDGE('',*,*,#4389,.F.);
#5810=ORIENTED_EDGE('',*,*,#4367,.T.);
#5811=ORIENTED_EDGE('',*,*,#4392,.F.);
#5812=ORIENTED_EDGE('',*,*,#4406,.T.);
#5813=ORIENTED_EDGE('',*,*,#4154,.F.);
#5814=ORIENTED_EDGE('',*,*,#4414,.F.);
#5815=ORIENTED_EDGE('',*,*,#4415,.T.);
#5816=ORIENTED_EDGE('',*,*,#4416,.F.);
#5817=ORIENTED_EDGE('',*,*,#4193,.F.);
#5818=ORIENTED_EDGE('',*,*,#4416,.T.);
#5819=ORIENTED_EDGE('',*,*,#4417,.F.);
#5820=ORIENTED_EDGE('',*,*,#4418,.T.);
#5821=ORIENTED_EDGE('',*,*,#4194,.F.);
#5822=ORIENTED_EDGE('',*,*,#4419,.F.);
#5823=ORIENTED_EDGE('',*,*,#4420,.T.);
#5824=ORIENTED_EDGE('',*,*,#4421,.F.);
#5825=ORIENTED_EDGE('',*,*,#4207,.F.);
#5826=ORIENTED_EDGE('',*,*,#4421,.T.);
#5827=ORIENTED_EDGE('',*,*,#4422,.F.);
#5828=ORIENTED_EDGE('',*,*,#4423,.T.);
#5829=ORIENTED_EDGE('',*,*,#4208,.F.);
#5830=ORIENTED_EDGE('',*,*,#4419,.T.);
#5831=ORIENTED_EDGE('',*,*,#4206,.F.);
#5832=ORIENTED_EDGE('',*,*,#4424,.T.);
#5833=ORIENTED_EDGE('',*,*,#4425,.F.);
#5834=ORIENTED_EDGE('',*,*,#4426,.F.);
#5835=ORIENTED_EDGE('',*,*,#4199,.F.);
#5836=ORIENTED_EDGE('',*,*,#4427,.F.);
#5837=ORIENTED_EDGE('',*,*,#4428,.T.);
#5838=ORIENTED_EDGE('',*,*,#4429,.T.);
#5839=ORIENTED_EDGE('',*,*,#4430,.T.);
#5840=ORIENTED_EDGE('',*,*,#4431,.T.);
#5841=ORIENTED_EDGE('',*,*,#4432,.F.);
#5842=ORIENTED_EDGE('',*,*,#4433,.T.);
#5843=ORIENTED_EDGE('',*,*,#4434,.F.);
#5844=ORIENTED_EDGE('',*,*,#4435,.T.);
#5845=ORIENTED_EDGE('',*,*,#4436,.F.);
#5846=ORIENTED_EDGE('',*,*,#4437,.T.);
#5847=ORIENTED_EDGE('',*,*,#4438,.F.);
#5848=ORIENTED_EDGE('',*,*,#4439,.T.);
#5849=ORIENTED_EDGE('',*,*,#4440,.F.);
#5850=ORIENTED_EDGE('',*,*,#4441,.T.);
#5851=ORIENTED_EDGE('',*,*,#4442,.F.);
#5852=ORIENTED_EDGE('',*,*,#4443,.T.);
#5853=ORIENTED_EDGE('',*,*,#4444,.F.);
#5854=ORIENTED_EDGE('',*,*,#4445,.T.);
#5855=ORIENTED_EDGE('',*,*,#4446,.F.);
#5856=ORIENTED_EDGE('',*,*,#4447,.T.);
#5857=ORIENTED_EDGE('',*,*,#4448,.F.);
#5858=ORIENTED_EDGE('',*,*,#4449,.T.);
#5859=ORIENTED_EDGE('',*,*,#4450,.F.);
#5860=ORIENTED_EDGE('',*,*,#4451,.T.);
#5861=ORIENTED_EDGE('',*,*,#4452,.T.);
#5862=ORIENTED_EDGE('',*,*,#4453,.T.);
#5863=ORIENTED_EDGE('',*,*,#4454,.T.);
#5864=ORIENTED_EDGE('',*,*,#4455,.T.);
#5865=ORIENTED_EDGE('',*,*,#4456,.F.);
#5866=ORIENTED_EDGE('',*,*,#4457,.T.);
#5867=ORIENTED_EDGE('',*,*,#4458,.F.);
#5868=ORIENTED_EDGE('',*,*,#4422,.T.);
#5869=ORIENTED_EDGE('',*,*,#4420,.F.);
#5870=ORIENTED_EDGE('',*,*,#4425,.T.);
#5871=ORIENTED_EDGE('',*,*,#4459,.F.);
#5872=ORIENTED_EDGE('',*,*,#4460,.T.);
#5873=ORIENTED_EDGE('',*,*,#4461,.F.);
#5874=ORIENTED_EDGE('',*,*,#4462,.T.);
#5875=ORIENTED_EDGE('',*,*,#4463,.F.);
#5876=ORIENTED_EDGE('',*,*,#4464,.T.);
#5877=ORIENTED_EDGE('',*,*,#4428,.F.);
#5878=ORIENTED_EDGE('',*,*,#4465,.T.);
#5879=ORIENTED_EDGE('',*,*,#4466,.F.);
#5880=ORIENTED_EDGE('',*,*,#4467,.T.);
#5881=ORIENTED_EDGE('',*,*,#4468,.F.);
#5882=ORIENTED_EDGE('',*,*,#4417,.T.);
#5883=ORIENTED_EDGE('',*,*,#4415,.F.);
#5884=ORIENTED_EDGE('',*,*,#4427,.T.);
#5885=ORIENTED_EDGE('',*,*,#4198,.F.);
#5886=ORIENTED_EDGE('',*,*,#4469,.T.);
#5887=ORIENTED_EDGE('',*,*,#4465,.F.);
#5888=ORIENTED_EDGE('',*,*,#4426,.T.);
#5889=ORIENTED_EDGE('',*,*,#4464,.F.);
#5890=ORIENTED_EDGE('',*,*,#4470,.T.);
#5891=ORIENTED_EDGE('',*,*,#4200,.F.);
#5892=ORIENTED_EDGE('',*,*,#4470,.F.);
#5893=ORIENTED_EDGE('',*,*,#4463,.T.);
#5894=ORIENTED_EDGE('',*,*,#4471,.F.);
#5895=ORIENTED_EDGE('',*,*,#4201,.F.);
#5896=ORIENTED_EDGE('',*,*,#4471,.T.);
#5897=ORIENTED_EDGE('',*,*,#4462,.F.);
#5898=ORIENTED_EDGE('',*,*,#4472,.T.);
#5899=ORIENTED_EDGE('',*,*,#4202,.F.);
#5900=ORIENTED_EDGE('',*,*,#4423,.F.);
#5901=ORIENTED_EDGE('',*,*,#4458,.T.);
#5902=ORIENTED_EDGE('',*,*,#4473,.F.);
#5903=ORIENTED_EDGE('',*,*,#4209,.F.);
#5904=ORIENTED_EDGE('',*,*,#4473,.T.);
#5905=ORIENTED_EDGE('',*,*,#4457,.F.);
#5906=ORIENTED_EDGE('',*,*,#4474,.T.);
#5907=ORIENTED_EDGE('',*,*,#4210,.F.);
#5908=ORIENTED_EDGE('',*,*,#4418,.F.);
#5909=ORIENTED_EDGE('',*,*,#4468,.T.);
#5910=ORIENTED_EDGE('',*,*,#4475,.F.);
#5911=ORIENTED_EDGE('',*,*,#4195,.F.);
#5912=ORIENTED_EDGE('',*,*,#4475,.T.);
#5913=ORIENTED_EDGE('',*,*,#4467,.F.);
#5914=ORIENTED_EDGE('',*,*,#4476,.T.);
#5915=ORIENTED_EDGE('',*,*,#4196,.F.);
#5916=ORIENTED_EDGE('',*,*,#4477,.F.);
#5917=ORIENTED_EDGE('',*,*,#4459,.T.);
#5918=ORIENTED_EDGE('',*,*,#4424,.F.);
#5919=ORIENTED_EDGE('',*,*,#4205,.F.);
#5920=ORIENTED_EDGE('',*,*,#4477,.T.);
#5921=ORIENTED_EDGE('',*,*,#4204,.F.);
#5922=ORIENTED_EDGE('',*,*,#4478,.T.);
#5923=ORIENTED_EDGE('',*,*,#4460,.F.);
#5924=ORIENTED_EDGE('',*,*,#4476,.F.);
#5925=ORIENTED_EDGE('',*,*,#4466,.T.);
#5926=ORIENTED_EDGE('',*,*,#4469,.F.);
#5927=ORIENTED_EDGE('',*,*,#4197,.F.);
#5928=ORIENTED_EDGE('',*,*,#4472,.F.);
#5929=ORIENTED_EDGE('',*,*,#4461,.T.);
#5930=ORIENTED_EDGE('',*,*,#4478,.F.);
#5931=ORIENTED_EDGE('',*,*,#4203,.F.);
#5932=ORIENTED_EDGE('',*,*,#4474,.F.);
#5933=ORIENTED_EDGE('',*,*,#4456,.T.);
#5934=ORIENTED_EDGE('',*,*,#4479,.F.);
#5935=ORIENTED_EDGE('',*,*,#4211,.F.);
#5936=ORIENTED_EDGE('',*,*,#4479,.T.);
#5937=ORIENTED_EDGE('',*,*,#4455,.F.);
#5938=ORIENTED_EDGE('',*,*,#4480,.T.);
#5939=ORIENTED_EDGE('',*,*,#4212,.F.);
#5940=ORIENTED_EDGE('',*,*,#4481,.F.);
#5941=ORIENTED_EDGE('',*,*,#4432,.T.);
#5942=ORIENTED_EDGE('',*,*,#4482,.F.);
#5943=ORIENTED_EDGE('',*,*,#4234,.F.);
#5944=ORIENTED_EDGE('',*,*,#4482,.T.);
#5945=ORIENTED_EDGE('',*,*,#4431,.F.);
#5946=ORIENTED_EDGE('',*,*,#4483,.F.);
#5947=ORIENTED_EDGE('',*,*,#4235,.F.);
#5948=ORIENTED_EDGE('',*,*,#4484,.F.);
#5949=ORIENTED_EDGE('',*,*,#4440,.T.);
#5950=ORIENTED_EDGE('',*,*,#4485,.F.);
#5951=ORIENTED_EDGE('',*,*,#4226,.F.);
#5952=ORIENTED_EDGE('',*,*,#4485,.T.);
#5953=ORIENTED_EDGE('',*,*,#4439,.F.);
#5954=ORIENTED_EDGE('',*,*,#4486,.T.);
#5955=ORIENTED_EDGE('',*,*,#4227,.F.);
#5956=ORIENTED_EDGE('',*,*,#4487,.F.);
#5957=ORIENTED_EDGE('',*,*,#4448,.T.);
#5958=ORIENTED_EDGE('',*,*,#4488,.F.);
#5959=ORIENTED_EDGE('',*,*,#4218,.F.);
#5960=ORIENTED_EDGE('',*,*,#4488,.T.);
#5961=ORIENTED_EDGE('',*,*,#4447,.F.);
#5962=ORIENTED_EDGE('',*,*,#4489,.T.);
#5963=ORIENTED_EDGE('',*,*,#4219,.F.);
#5964=ORIENTED_EDGE('',*,*,#4490,.F.);
#5965=ORIENTED_EDGE('',*,*,#4220,.F.);
#5966=ORIENTED_EDGE('',*,*,#4489,.F.);
#5967=ORIENTED_EDGE('',*,*,#4446,.T.);
#5968=ORIENTED_EDGE('',*,*,#4487,.T.);
#5969=ORIENTED_EDGE('',*,*,#4217,.F.);
#5970=ORIENTED_EDGE('',*,*,#4491,.T.);
#5971=ORIENTED_EDGE('',*,*,#4449,.F.);
#5972=ORIENTED_EDGE('',*,*,#4492,.F.);
#5973=ORIENTED_EDGE('',*,*,#4228,.F.);
#5974=ORIENTED_EDGE('',*,*,#4486,.F.);
#5975=ORIENTED_EDGE('',*,*,#4438,.T.);
#5976=ORIENTED_EDGE('',*,*,#4484,.T.);
#5977=ORIENTED_EDGE('',*,*,#4225,.F.);
#5978=ORIENTED_EDGE('',*,*,#4493,.T.);
#5979=ORIENTED_EDGE('',*,*,#4441,.F.);
#5980=ORIENTED_EDGE('',*,*,#4494,.F.);
#5981=ORIENTED_EDGE('',*,*,#4232,.F.);
#5982=ORIENTED_EDGE('',*,*,#4495,.F.);
#5983=ORIENTED_EDGE('',*,*,#4434,.T.);
#5984=ORIENTED_EDGE('',*,*,#4495,.T.);
#5985=ORIENTED_EDGE('',*,*,#4231,.F.);
#5986=ORIENTED_EDGE('',*,*,#4496,.T.);
#5987=ORIENTED_EDGE('',*,*,#4435,.F.);
#5988=ORIENTED_EDGE('',*,*,#4493,.F.);
#5989=ORIENTED_EDGE('',*,*,#4224,.F.);
#5990=ORIENTED_EDGE('',*,*,#4497,.F.);
#5991=ORIENTED_EDGE('',*,*,#4442,.T.);
#5992=ORIENTED_EDGE('',*,*,#4497,.T.);
#5993=ORIENTED_EDGE('',*,*,#4223,.F.);
#5994=ORIENTED_EDGE('',*,*,#4498,.T.);
#5995=ORIENTED_EDGE('',*,*,#4443,.F.);
#5996=ORIENTED_EDGE('',*,*,#4499,.F.);
#5997=ORIENTED_EDGE('',*,*,#4450,.T.);
#5998=ORIENTED_EDGE('',*,*,#4491,.F.);
#5999=ORIENTED_EDGE('',*,*,#4216,.F.);
#6000=ORIENTED_EDGE('',*,*,#4490,.T.);
#6001=ORIENTED_EDGE('',*,*,#4445,.F.);
#6002=ORIENTED_EDGE('',*,*,#4500,.T.);
#6003=ORIENTED_EDGE('',*,*,#4221,.F.);
#6004=ORIENTED_EDGE('',*,*,#4500,.F.);
#6005=ORIENTED_EDGE('',*,*,#4444,.T.);
#6006=ORIENTED_EDGE('',*,*,#4498,.F.);
#6007=ORIENTED_EDGE('',*,*,#4222,.F.);
#6008=ORIENTED_EDGE('',*,*,#4492,.T.);
#6009=ORIENTED_EDGE('',*,*,#4437,.F.);
#6010=ORIENTED_EDGE('',*,*,#4501,.T.);
#6011=ORIENTED_EDGE('',*,*,#4229,.F.);
#6012=ORIENTED_EDGE('',*,*,#4496,.F.);
#6013=ORIENTED_EDGE('',*,*,#4230,.F.);
#6014=ORIENTED_EDGE('',*,*,#4501,.F.);
#6015=ORIENTED_EDGE('',*,*,#4436,.T.);
#6016=ORIENTED_EDGE('',*,*,#4502,.F.);
#6017=ORIENTED_EDGE('',*,*,#4503,.T.);
#6018=ORIENTED_EDGE('',*,*,#4504,.F.);
#6019=ORIENTED_EDGE('',*,*,#4238,.F.);
#6020=ORIENTED_EDGE('',*,*,#4504,.T.);
#6021=ORIENTED_EDGE('',*,*,#4505,.F.);
#6022=ORIENTED_EDGE('',*,*,#4506,.T.);
#6023=ORIENTED_EDGE('',*,*,#4239,.F.);
#6024=ORIENTED_EDGE('',*,*,#4507,.F.);
#6025=ORIENTED_EDGE('',*,*,#4508,.T.);
#6026=ORIENTED_EDGE('',*,*,#4509,.F.);
#6027=ORIENTED_EDGE('',*,*,#4252,.F.);
#6028=ORIENTED_EDGE('',*,*,#4509,.T.);
#6029=ORIENTED_EDGE('',*,*,#4510,.F.);
#6030=ORIENTED_EDGE('',*,*,#4511,.T.);
#6031=ORIENTED_EDGE('',*,*,#4253,.F.);
#6032=ORIENTED_EDGE('',*,*,#4507,.T.);
#6033=ORIENTED_EDGE('',*,*,#4251,.F.);
#6034=ORIENTED_EDGE('',*,*,#4512,.T.);
#6035=ORIENTED_EDGE('',*,*,#4513,.F.);
#6036=ORIENTED_EDGE('',*,*,#4514,.F.);
#6037=ORIENTED_EDGE('',*,*,#4244,.F.);
#6038=ORIENTED_EDGE('',*,*,#4515,.F.);
#6039=ORIENTED_EDGE('',*,*,#4516,.T.);
#6040=ORIENTED_EDGE('',*,*,#4517,.T.);
#6041=ORIENTED_EDGE('',*,*,#4518,.T.);
#6042=ORIENTED_EDGE('',*,*,#4519,.T.);
#6043=ORIENTED_EDGE('',*,*,#4520,.F.);
#6044=ORIENTED_EDGE('',*,*,#4521,.T.);
#6045=ORIENTED_EDGE('',*,*,#4522,.F.);
#6046=ORIENTED_EDGE('',*,*,#4523,.T.);
#6047=ORIENTED_EDGE('',*,*,#4524,.F.);
#6048=ORIENTED_EDGE('',*,*,#4525,.T.);
#6049=ORIENTED_EDGE('',*,*,#4526,.F.);
#6050=ORIENTED_EDGE('',*,*,#4527,.T.);
#6051=ORIENTED_EDGE('',*,*,#4528,.F.);
#6052=ORIENTED_EDGE('',*,*,#4529,.T.);
#6053=ORIENTED_EDGE('',*,*,#4530,.F.);
#6054=ORIENTED_EDGE('',*,*,#4531,.T.);
#6055=ORIENTED_EDGE('',*,*,#4532,.F.);
#6056=ORIENTED_EDGE('',*,*,#4533,.T.);
#6057=ORIENTED_EDGE('',*,*,#4534,.F.);
#6058=ORIENTED_EDGE('',*,*,#4535,.T.);
#6059=ORIENTED_EDGE('',*,*,#4536,.F.);
#6060=ORIENTED_EDGE('',*,*,#4537,.T.);
#6061=ORIENTED_EDGE('',*,*,#4538,.F.);
#6062=ORIENTED_EDGE('',*,*,#4539,.T.);
#6063=ORIENTED_EDGE('',*,*,#4540,.T.);
#6064=ORIENTED_EDGE('',*,*,#4541,.T.);
#6065=ORIENTED_EDGE('',*,*,#4542,.T.);
#6066=ORIENTED_EDGE('',*,*,#4543,.T.);
#6067=ORIENTED_EDGE('',*,*,#4544,.F.);
#6068=ORIENTED_EDGE('',*,*,#4545,.T.);
#6069=ORIENTED_EDGE('',*,*,#4546,.F.);
#6070=ORIENTED_EDGE('',*,*,#4510,.T.);
#6071=ORIENTED_EDGE('',*,*,#4508,.F.);
#6072=ORIENTED_EDGE('',*,*,#4513,.T.);
#6073=ORIENTED_EDGE('',*,*,#4547,.F.);
#6074=ORIENTED_EDGE('',*,*,#4548,.T.);
#6075=ORIENTED_EDGE('',*,*,#4549,.F.);
#6076=ORIENTED_EDGE('',*,*,#4550,.T.);
#6077=ORIENTED_EDGE('',*,*,#4551,.F.);
#6078=ORIENTED_EDGE('',*,*,#4552,.T.);
#6079=ORIENTED_EDGE('',*,*,#4516,.F.);
#6080=ORIENTED_EDGE('',*,*,#4553,.T.);
#6081=ORIENTED_EDGE('',*,*,#4554,.F.);
#6082=ORIENTED_EDGE('',*,*,#4555,.T.);
#6083=ORIENTED_EDGE('',*,*,#4556,.F.);
#6084=ORIENTED_EDGE('',*,*,#4505,.T.);
#6085=ORIENTED_EDGE('',*,*,#4503,.F.);
#6086=ORIENTED_EDGE('',*,*,#4515,.T.);
#6087=ORIENTED_EDGE('',*,*,#4243,.F.);
#6088=ORIENTED_EDGE('',*,*,#4557,.T.);
#6089=ORIENTED_EDGE('',*,*,#4553,.F.);
#6090=ORIENTED_EDGE('',*,*,#4514,.T.);
#6091=ORIENTED_EDGE('',*,*,#4552,.F.);
#6092=ORIENTED_EDGE('',*,*,#4558,.T.);
#6093=ORIENTED_EDGE('',*,*,#4245,.F.);
#6094=ORIENTED_EDGE('',*,*,#4558,.F.);
#6095=ORIENTED_EDGE('',*,*,#4551,.T.);
#6096=ORIENTED_EDGE('',*,*,#4559,.F.);
#6097=ORIENTED_EDGE('',*,*,#4246,.F.);
#6098=ORIENTED_EDGE('',*,*,#4559,.T.);
#6099=ORIENTED_EDGE('',*,*,#4550,.F.);
#6100=ORIENTED_EDGE('',*,*,#4560,.T.);
#6101=ORIENTED_EDGE('',*,*,#4247,.F.);
#6102=ORIENTED_EDGE('',*,*,#4511,.F.);
#6103=ORIENTED_EDGE('',*,*,#4546,.T.);
#6104=ORIENTED_EDGE('',*,*,#4561,.F.);
#6105=ORIENTED_EDGE('',*,*,#4254,.F.);
#6106=ORIENTED_EDGE('',*,*,#4561,.T.);
#6107=ORIENTED_EDGE('',*,*,#4545,.F.);
#6108=ORIENTED_EDGE('',*,*,#4562,.T.);
#6109=ORIENTED_EDGE('',*,*,#4255,.F.);
#6110=ORIENTED_EDGE('',*,*,#4506,.F.);
#6111=ORIENTED_EDGE('',*,*,#4556,.T.);
#6112=ORIENTED_EDGE('',*,*,#4563,.F.);
#6113=ORIENTED_EDGE('',*,*,#4240,.F.);
#6114=ORIENTED_EDGE('',*,*,#4563,.T.);
#6115=ORIENTED_EDGE('',*,*,#4555,.F.);
#6116=ORIENTED_EDGE('',*,*,#4564,.T.);
#6117=ORIENTED_EDGE('',*,*,#4241,.F.);
#6118=ORIENTED_EDGE('',*,*,#4565,.F.);
#6119=ORIENTED_EDGE('',*,*,#4547,.T.);
#6120=ORIENTED_EDGE('',*,*,#4512,.F.);
#6121=ORIENTED_EDGE('',*,*,#4250,.F.);
#6122=ORIENTED_EDGE('',*,*,#4565,.T.);
#6123=ORIENTED_EDGE('',*,*,#4249,.F.);
#6124=ORIENTED_EDGE('',*,*,#4566,.T.);
#6125=ORIENTED_EDGE('',*,*,#4548,.F.);
#6126=ORIENTED_EDGE('',*,*,#4564,.F.);
#6127=ORIENTED_EDGE('',*,*,#4554,.T.);
#6128=ORIENTED_EDGE('',*,*,#4557,.F.);
#6129=ORIENTED_EDGE('',*,*,#4242,.F.);
#6130=ORIENTED_EDGE('',*,*,#4560,.F.);
#6131=ORIENTED_EDGE('',*,*,#4549,.T.);
#6132=ORIENTED_EDGE('',*,*,#4566,.F.);
#6133=ORIENTED_EDGE('',*,*,#4248,.F.);
#6134=ORIENTED_EDGE('',*,*,#4562,.F.);
#6135=ORIENTED_EDGE('',*,*,#4544,.T.);
#6136=ORIENTED_EDGE('',*,*,#4567,.F.);
#6137=ORIENTED_EDGE('',*,*,#4256,.F.);
#6138=ORIENTED_EDGE('',*,*,#4567,.T.);
#6139=ORIENTED_EDGE('',*,*,#4543,.F.);
#6140=ORIENTED_EDGE('',*,*,#4568,.T.);
#6141=ORIENTED_EDGE('',*,*,#4257,.F.);
#6142=ORIENTED_EDGE('',*,*,#4569,.F.);
#6143=ORIENTED_EDGE('',*,*,#4520,.T.);
#6144=ORIENTED_EDGE('',*,*,#4570,.F.);
#6145=ORIENTED_EDGE('',*,*,#4279,.F.);
#6146=ORIENTED_EDGE('',*,*,#4570,.T.);
#6147=ORIENTED_EDGE('',*,*,#4519,.F.);
#6148=ORIENTED_EDGE('',*,*,#4571,.F.);
#6149=ORIENTED_EDGE('',*,*,#4280,.F.);
#6150=ORIENTED_EDGE('',*,*,#4572,.F.);
#6151=ORIENTED_EDGE('',*,*,#4528,.T.);
#6152=ORIENTED_EDGE('',*,*,#4573,.F.);
#6153=ORIENTED_EDGE('',*,*,#4271,.F.);
#6154=ORIENTED_EDGE('',*,*,#4573,.T.);
#6155=ORIENTED_EDGE('',*,*,#4527,.F.);
#6156=ORIENTED_EDGE('',*,*,#4574,.T.);
#6157=ORIENTED_EDGE('',*,*,#4272,.F.);
#6158=ORIENTED_EDGE('',*,*,#4575,.F.);
#6159=ORIENTED_EDGE('',*,*,#4536,.T.);
#6160=ORIENTED_EDGE('',*,*,#4576,.F.);
#6161=ORIENTED_EDGE('',*,*,#4263,.F.);
#6162=ORIENTED_EDGE('',*,*,#4576,.T.);
#6163=ORIENTED_EDGE('',*,*,#4535,.F.);
#6164=ORIENTED_EDGE('',*,*,#4577,.T.);
#6165=ORIENTED_EDGE('',*,*,#4264,.F.);
#6166=ORIENTED_EDGE('',*,*,#4578,.F.);
#6167=ORIENTED_EDGE('',*,*,#4265,.F.);
#6168=ORIENTED_EDGE('',*,*,#4577,.F.);
#6169=ORIENTED_EDGE('',*,*,#4534,.T.);
#6170=ORIENTED_EDGE('',*,*,#4575,.T.);
#6171=ORIENTED_EDGE('',*,*,#4262,.F.);
#6172=ORIENTED_EDGE('',*,*,#4579,.T.);
#6173=ORIENTED_EDGE('',*,*,#4537,.F.);
#6174=ORIENTED_EDGE('',*,*,#4580,.F.);
#6175=ORIENTED_EDGE('',*,*,#4273,.F.);
#6176=ORIENTED_EDGE('',*,*,#4574,.F.);
#6177=ORIENTED_EDGE('',*,*,#4526,.T.);
#6178=ORIENTED_EDGE('',*,*,#4572,.T.);
#6179=ORIENTED_EDGE('',*,*,#4270,.F.);
#6180=ORIENTED_EDGE('',*,*,#4581,.T.);
#6181=ORIENTED_EDGE('',*,*,#4529,.F.);
#6182=ORIENTED_EDGE('',*,*,#4582,.F.);
#6183=ORIENTED_EDGE('',*,*,#4277,.F.);
#6184=ORIENTED_EDGE('',*,*,#4583,.F.);
#6185=ORIENTED_EDGE('',*,*,#4522,.T.);
#6186=ORIENTED_EDGE('',*,*,#4583,.T.);
#6187=ORIENTED_EDGE('',*,*,#4276,.F.);
#6188=ORIENTED_EDGE('',*,*,#4584,.T.);
#6189=ORIENTED_EDGE('',*,*,#4523,.F.);
#6190=ORIENTED_EDGE('',*,*,#4581,.F.);
#6191=ORIENTED_EDGE('',*,*,#4269,.F.);
#6192=ORIENTED_EDGE('',*,*,#4585,.F.);
#6193=ORIENTED_EDGE('',*,*,#4530,.T.);
#6194=ORIENTED_EDGE('',*,*,#4585,.T.);
#6195=ORIENTED_EDGE('',*,*,#4268,.F.);
#6196=ORIENTED_EDGE('',*,*,#4586,.T.);
#6197=ORIENTED_EDGE('',*,*,#4531,.F.);
#6198=ORIENTED_EDGE('',*,*,#4587,.F.);
#6199=ORIENTED_EDGE('',*,*,#4538,.T.);
#6200=ORIENTED_EDGE('',*,*,#4579,.F.);
#6201=ORIENTED_EDGE('',*,*,#4261,.F.);
#6202=ORIENTED_EDGE('',*,*,#4578,.T.);
#6203=ORIENTED_EDGE('',*,*,#4533,.F.);
#6204=ORIENTED_EDGE('',*,*,#4588,.T.);
#6205=ORIENTED_EDGE('',*,*,#4266,.F.);
#6206=ORIENTED_EDGE('',*,*,#4588,.F.);
#6207=ORIENTED_EDGE('',*,*,#4532,.T.);
#6208=ORIENTED_EDGE('',*,*,#4586,.F.);
#6209=ORIENTED_EDGE('',*,*,#4267,.F.);
#6210=ORIENTED_EDGE('',*,*,#4580,.T.);
#6211=ORIENTED_EDGE('',*,*,#4525,.F.);
#6212=ORIENTED_EDGE('',*,*,#4589,.T.);
#6213=ORIENTED_EDGE('',*,*,#4274,.F.);
#6214=ORIENTED_EDGE('',*,*,#4584,.F.);
#6215=ORIENTED_EDGE('',*,*,#4275,.F.);
#6216=ORIENTED_EDGE('',*,*,#4589,.F.);
#6217=ORIENTED_EDGE('',*,*,#4524,.T.);
#6218=ORIENTED_EDGE('',*,*,#4590,.F.);
#6219=ORIENTED_EDGE('',*,*,#4591,.F.);
#6220=ORIENTED_EDGE('',*,*,#4592,.F.);
#6221=ORIENTED_EDGE('',*,*,#4283,.F.);
#6222=ORIENTED_EDGE('',*,*,#4592,.T.);
#6223=ORIENTED_EDGE('',*,*,#4593,.F.);
#6224=ORIENTED_EDGE('',*,*,#4594,.F.);
#6225=ORIENTED_EDGE('',*,*,#4284,.F.);
#6226=ORIENTED_EDGE('',*,*,#4590,.T.);
#6227=ORIENTED_EDGE('',*,*,#4327,.F.);
#6228=ORIENTED_EDGE('',*,*,#4595,.T.);
#6229=ORIENTED_EDGE('',*,*,#4596,.F.);
#6230=ORIENTED_EDGE('',*,*,#4597,.F.);
#6231=ORIENTED_EDGE('',*,*,#4598,.F.);
#6232=ORIENTED_EDGE('',*,*,#4599,.F.);
#6233=ORIENTED_EDGE('',*,*,#4314,.F.);
#6234=ORIENTED_EDGE('',*,*,#4599,.T.);
#6235=ORIENTED_EDGE('',*,*,#4600,.F.);
#6236=ORIENTED_EDGE('',*,*,#4601,.T.);
#6237=ORIENTED_EDGE('',*,*,#4315,.F.);
#6238=ORIENTED_EDGE('',*,*,#4597,.T.);
#6239=ORIENTED_EDGE('',*,*,#4313,.F.);
#6240=ORIENTED_EDGE('',*,*,#4602,.T.);
#6241=ORIENTED_EDGE('',*,*,#4603,.F.);
#6242=ORIENTED_EDGE('',*,*,#4604,.F.);
#6243=ORIENTED_EDGE('',*,*,#4605,.F.);
#6244=ORIENTED_EDGE('',*,*,#4606,.F.);
#6245=ORIENTED_EDGE('',*,*,#4322,.F.);
#6246=ORIENTED_EDGE('',*,*,#4606,.T.);
#6247=ORIENTED_EDGE('',*,*,#4607,.F.);
#6248=ORIENTED_EDGE('',*,*,#4608,.T.);
#6249=ORIENTED_EDGE('',*,*,#4323,.F.);
#6250=ORIENTED_EDGE('',*,*,#4609,.F.);
#6251=ORIENTED_EDGE('',*,*,#4610,.F.);
#6252=ORIENTED_EDGE('',*,*,#4611,.F.);
#6253=ORIENTED_EDGE('',*,*,#4320,.F.);
#6254=ORIENTED_EDGE('',*,*,#4604,.T.);
#6255=ORIENTED_EDGE('',*,*,#4321,.F.);
#6256=ORIENTED_EDGE('',*,*,#4611,.T.);
#6257=ORIENTED_EDGE('',*,*,#4612,.F.);
#6258=ORIENTED_EDGE('',*,*,#4609,.T.);
#6259=ORIENTED_EDGE('',*,*,#4319,.F.);
#6260=ORIENTED_EDGE('',*,*,#4613,.T.);
#6261=ORIENTED_EDGE('',*,*,#4614,.F.);
#6262=ORIENTED_EDGE('',*,*,#4615,.F.);
#6263=ORIENTED_EDGE('',*,*,#4616,.F.);
#6264=ORIENTED_EDGE('',*,*,#4602,.F.);
#6265=ORIENTED_EDGE('',*,*,#4312,.F.);
#6266=ORIENTED_EDGE('',*,*,#4617,.F.);
#6267=ORIENTED_EDGE('',*,*,#4618,.F.);
#6268=ORIENTED_EDGE('',*,*,#4595,.F.);
#6269=ORIENTED_EDGE('',*,*,#4326,.F.);
#6270=ORIENTED_EDGE('',*,*,#4617,.T.);
#6271=ORIENTED_EDGE('',*,*,#4325,.F.);
#6272=ORIENTED_EDGE('',*,*,#4619,.T.);
#6273=ORIENTED_EDGE('',*,*,#4620,.F.);
#6274=ORIENTED_EDGE('',*,*,#4601,.F.);
#6275=ORIENTED_EDGE('',*,*,#4621,.F.);
#6276=ORIENTED_EDGE('',*,*,#4622,.F.);
#6277=ORIENTED_EDGE('',*,*,#4316,.F.);
#6278=ORIENTED_EDGE('',*,*,#4622,.T.);
#6279=ORIENTED_EDGE('',*,*,#4623,.F.);
#6280=ORIENTED_EDGE('',*,*,#4624,.T.);
#6281=ORIENTED_EDGE('',*,*,#4317,.F.);
#6282=ORIENTED_EDGE('',*,*,#4608,.F.);
#6283=ORIENTED_EDGE('',*,*,#4625,.F.);
#6284=ORIENTED_EDGE('',*,*,#4619,.F.);
#6285=ORIENTED_EDGE('',*,*,#4324,.F.);
#6286=ORIENTED_EDGE('',*,*,#4624,.F.);
#6287=ORIENTED_EDGE('',*,*,#4626,.F.);
#6288=ORIENTED_EDGE('',*,*,#4613,.F.);
#6289=ORIENTED_EDGE('',*,*,#4318,.F.);
#6290=ORIENTED_EDGE('',*,*,#4627,.F.);
#6291=ORIENTED_EDGE('',*,*,#4628,.F.);
#6292=ORIENTED_EDGE('',*,*,#4629,.F.);
#6293=ORIENTED_EDGE('',*,*,#4310,.F.);
#6294=ORIENTED_EDGE('',*,*,#4627,.T.);
#6295=ORIENTED_EDGE('',*,*,#4309,.F.);
#6296=ORIENTED_EDGE('',*,*,#4630,.F.);
#6297=ORIENTED_EDGE('',*,*,#4631,.F.);
#6298=ORIENTED_EDGE('',*,*,#4632,.F.);
#6299=ORIENTED_EDGE('',*,*,#4287,.F.);
#6300=ORIENTED_EDGE('',*,*,#4633,.F.);
#6301=ORIENTED_EDGE('',*,*,#4634,.F.);
#6302=ORIENTED_EDGE('',*,*,#4596,.T.);
#6303=ORIENTED_EDGE('',*,*,#4618,.T.);
#6304=ORIENTED_EDGE('',*,*,#4620,.T.);
#6305=ORIENTED_EDGE('',*,*,#4625,.T.);
#6306=ORIENTED_EDGE('',*,*,#4607,.T.);
#6307=ORIENTED_EDGE('',*,*,#4605,.T.);
#6308=ORIENTED_EDGE('',*,*,#4612,.T.);
#6309=ORIENTED_EDGE('',*,*,#4610,.T.);
#6310=ORIENTED_EDGE('',*,*,#4614,.T.);
#6311=ORIENTED_EDGE('',*,*,#4626,.T.);
#6312=ORIENTED_EDGE('',*,*,#4623,.T.);
#6313=ORIENTED_EDGE('',*,*,#4621,.T.);
#6314=ORIENTED_EDGE('',*,*,#4600,.T.);
#6315=ORIENTED_EDGE('',*,*,#4598,.T.);
#6316=ORIENTED_EDGE('',*,*,#4603,.T.);
#6317=ORIENTED_EDGE('',*,*,#4616,.T.);
#6318=ORIENTED_EDGE('',*,*,#4635,.T.);
#6319=ORIENTED_EDGE('',*,*,#4628,.T.);
#6320=ORIENTED_EDGE('',*,*,#4631,.T.);
#6321=ORIENTED_EDGE('',*,*,#4636,.T.);
#6322=ORIENTED_EDGE('',*,*,#4637,.T.);
#6323=ORIENTED_EDGE('',*,*,#4638,.T.);
#6324=ORIENTED_EDGE('',*,*,#4639,.T.);
#6325=ORIENTED_EDGE('',*,*,#4640,.T.);
#6326=ORIENTED_EDGE('',*,*,#4641,.T.);
#6327=ORIENTED_EDGE('',*,*,#4642,.T.);
#6328=ORIENTED_EDGE('',*,*,#4643,.T.);
#6329=ORIENTED_EDGE('',*,*,#4644,.T.);
#6330=ORIENTED_EDGE('',*,*,#4645,.T.);
#6331=ORIENTED_EDGE('',*,*,#4646,.T.);
#6332=ORIENTED_EDGE('',*,*,#4647,.T.);
#6333=ORIENTED_EDGE('',*,*,#4648,.T.);
#6334=ORIENTED_EDGE('',*,*,#4649,.T.);
#6335=ORIENTED_EDGE('',*,*,#4650,.T.);
#6336=ORIENTED_EDGE('',*,*,#4651,.T.);
#6337=ORIENTED_EDGE('',*,*,#4652,.T.);
#6338=ORIENTED_EDGE('',*,*,#4653,.T.);
#6339=ORIENTED_EDGE('',*,*,#4654,.T.);
#6340=ORIENTED_EDGE('',*,*,#4655,.T.);
#6341=ORIENTED_EDGE('',*,*,#4656,.T.);
#6342=ORIENTED_EDGE('',*,*,#4657,.T.);
#6343=ORIENTED_EDGE('',*,*,#4634,.T.);
#6344=ORIENTED_EDGE('',*,*,#4658,.T.);
#6345=ORIENTED_EDGE('',*,*,#4659,.T.);
#6346=ORIENTED_EDGE('',*,*,#4593,.T.);
#6347=ORIENTED_EDGE('',*,*,#4591,.T.);
#6348=ORIENTED_EDGE('',*,*,#4633,.T.);
#6349=ORIENTED_EDGE('',*,*,#4286,.F.);
#6350=ORIENTED_EDGE('',*,*,#4660,.T.);
#6351=ORIENTED_EDGE('',*,*,#4658,.F.);
#6352=ORIENTED_EDGE('',*,*,#4661,.F.);
#6353=ORIENTED_EDGE('',*,*,#4295,.F.);
#6354=ORIENTED_EDGE('',*,*,#4662,.F.);
#6355=ORIENTED_EDGE('',*,*,#4650,.F.);
#6356=ORIENTED_EDGE('',*,*,#4662,.T.);
#6357=ORIENTED_EDGE('',*,*,#4294,.F.);
#6358=ORIENTED_EDGE('',*,*,#4663,.T.);
#6359=ORIENTED_EDGE('',*,*,#4651,.F.);
#6360=ORIENTED_EDGE('',*,*,#4664,.F.);
#6361=ORIENTED_EDGE('',*,*,#4303,.F.);
#6362=ORIENTED_EDGE('',*,*,#4665,.F.);
#6363=ORIENTED_EDGE('',*,*,#4642,.F.);
#6364=ORIENTED_EDGE('',*,*,#4665,.T.);
#6365=ORIENTED_EDGE('',*,*,#4302,.F.);
#6366=ORIENTED_EDGE('',*,*,#4666,.T.);
#6367=ORIENTED_EDGE('',*,*,#4643,.F.);
#6368=ORIENTED_EDGE('',*,*,#4667,.F.);
#6369=ORIENTED_EDGE('',*,*,#4644,.F.);
#6370=ORIENTED_EDGE('',*,*,#4666,.F.);
#6371=ORIENTED_EDGE('',*,*,#4301,.F.);
#6372=ORIENTED_EDGE('',*,*,#4664,.T.);
#6373=ORIENTED_EDGE('',*,*,#4641,.F.);
#6374=ORIENTED_EDGE('',*,*,#4668,.T.);
#6375=ORIENTED_EDGE('',*,*,#4304,.F.);
#6376=ORIENTED_EDGE('',*,*,#4669,.F.);
#6377=ORIENTED_EDGE('',*,*,#4652,.F.);
#6378=ORIENTED_EDGE('',*,*,#4663,.F.);
#6379=ORIENTED_EDGE('',*,*,#4293,.F.);
#6380=ORIENTED_EDGE('',*,*,#4661,.T.);
#6381=ORIENTED_EDGE('',*,*,#4649,.F.);
#6382=ORIENTED_EDGE('',*,*,#4670,.T.);
#6383=ORIENTED_EDGE('',*,*,#4296,.F.);
#6384=ORIENTED_EDGE('',*,*,#4671,.F.);
#6385=ORIENTED_EDGE('',*,*,#4656,.F.);
#6386=ORIENTED_EDGE('',*,*,#4672,.F.);
#6387=ORIENTED_EDGE('',*,*,#4289,.F.);
#6388=ORIENTED_EDGE('',*,*,#4672,.T.);
#6389=ORIENTED_EDGE('',*,*,#4655,.F.);
#6390=ORIENTED_EDGE('',*,*,#4673,.T.);
#6391=ORIENTED_EDGE('',*,*,#4290,.F.);
#6392=ORIENTED_EDGE('',*,*,#4670,.F.);
#6393=ORIENTED_EDGE('',*,*,#4648,.F.);
#6394=ORIENTED_EDGE('',*,*,#4674,.F.);
#6395=ORIENTED_EDGE('',*,*,#4297,.F.);
#6396=ORIENTED_EDGE('',*,*,#4674,.T.);
#6397=ORIENTED_EDGE('',*,*,#4647,.F.);
#6398=ORIENTED_EDGE('',*,*,#4675,.T.);
#6399=ORIENTED_EDGE('',*,*,#4298,.F.);
#6400=ORIENTED_EDGE('',*,*,#4676,.F.);
#6401=ORIENTED_EDGE('',*,*,#4305,.F.);
#6402=ORIENTED_EDGE('',*,*,#4668,.F.);
#6403=ORIENTED_EDGE('',*,*,#4640,.F.);
#6404=ORIENTED_EDGE('',*,*,#4667,.T.);
#6405=ORIENTED_EDGE('',*,*,#4300,.F.);
#6406=ORIENTED_EDGE('',*,*,#4677,.T.);
#6407=ORIENTED_EDGE('',*,*,#4645,.F.);
#6408=ORIENTED_EDGE('',*,*,#4677,.F.);
#6409=ORIENTED_EDGE('',*,*,#4299,.F.);
#6410=ORIENTED_EDGE('',*,*,#4675,.F.);
#6411=ORIENTED_EDGE('',*,*,#4646,.F.);
#6412=ORIENTED_EDGE('',*,*,#4669,.T.);
#6413=ORIENTED_EDGE('',*,*,#4292,.F.);
#6414=ORIENTED_EDGE('',*,*,#4678,.T.);
#6415=ORIENTED_EDGE('',*,*,#4653,.F.);
#6416=ORIENTED_EDGE('',*,*,#4678,.F.);
#6417=ORIENTED_EDGE('',*,*,#4291,.F.);
#6418=ORIENTED_EDGE('',*,*,#4673,.F.);
#6419=ORIENTED_EDGE('',*,*,#4654,.F.);
#6420=ORIENTED_EDGE('',*,*,#4632,.T.);
#6421=ORIENTED_EDGE('',*,*,#4657,.F.);
#6422=ORIENTED_EDGE('',*,*,#4671,.T.);
#6423=ORIENTED_EDGE('',*,*,#4288,.F.);
#6424=ORIENTED_EDGE('',*,*,#4679,.T.);
#6425=ORIENTED_EDGE('',*,*,#4680,.T.);
#6426=ORIENTED_EDGE('',*,*,#4541,.F.);
#6427=ORIENTED_EDGE('',*,*,#4680,.F.);
#6428=ORIENTED_EDGE('',*,*,#4258,.T.);
#6429=ORIENTED_EDGE('',*,*,#4568,.F.);
#6430=ORIENTED_EDGE('',*,*,#4542,.F.);
#6431=ORIENTED_EDGE('',*,*,#4679,.F.);
#6432=ORIENTED_EDGE('',*,*,#4540,.F.);
#6433=ORIENTED_EDGE('',*,*,#4681,.T.);
#6434=ORIENTED_EDGE('',*,*,#4259,.T.);
#6435=ORIENTED_EDGE('',*,*,#4682,.T.);
#6436=ORIENTED_EDGE('',*,*,#4683,.T.);
#6437=ORIENTED_EDGE('',*,*,#4372,.F.);
#6438=ORIENTED_EDGE('',*,*,#4683,.F.);
#6439=ORIENTED_EDGE('',*,*,#4173,.T.);
#6440=ORIENTED_EDGE('',*,*,#4684,.F.);
#6441=ORIENTED_EDGE('',*,*,#4373,.F.);
#6442=ORIENTED_EDGE('',*,*,#4682,.F.);
#6443=ORIENTED_EDGE('',*,*,#4371,.F.);
#6444=ORIENTED_EDGE('',*,*,#4365,.T.);
#6445=ORIENTED_EDGE('',*,*,#4174,.T.);
#6446=ORIENTED_EDGE('',*,*,#4685,.T.);
#6447=ORIENTED_EDGE('',*,*,#4686,.T.);
#6448=ORIENTED_EDGE('',*,*,#4453,.F.);
#6449=ORIENTED_EDGE('',*,*,#4686,.F.);
#6450=ORIENTED_EDGE('',*,*,#4213,.T.);
#6451=ORIENTED_EDGE('',*,*,#4480,.F.);
#6452=ORIENTED_EDGE('',*,*,#4454,.F.);
#6453=ORIENTED_EDGE('',*,*,#4685,.F.);
#6454=ORIENTED_EDGE('',*,*,#4452,.F.);
#6455=ORIENTED_EDGE('',*,*,#4687,.T.);
#6456=ORIENTED_EDGE('',*,*,#4214,.T.);
#6457=ORIENTED_EDGE('',*,*,#4688,.T.);
#6458=ORIENTED_EDGE('',*,*,#4689,.T.);
#6459=ORIENTED_EDGE('',*,*,#4637,.F.);
#6460=ORIENTED_EDGE('',*,*,#4689,.F.);
#6461=ORIENTED_EDGE('',*,*,#4307,.T.);
#6462=ORIENTED_EDGE('',*,*,#4690,.F.);
#6463=ORIENTED_EDGE('',*,*,#4638,.F.);
#6464=ORIENTED_EDGE('',*,*,#4688,.F.);
#6465=ORIENTED_EDGE('',*,*,#4636,.F.);
#6466=ORIENTED_EDGE('',*,*,#4630,.T.);
#6467=ORIENTED_EDGE('',*,*,#4308,.T.);
#6468=ORIENTED_EDGE('',*,*,#4587,.T.);
#6469=ORIENTED_EDGE('',*,*,#4260,.F.);
#6470=ORIENTED_EDGE('',*,*,#4681,.F.);
#6471=ORIENTED_EDGE('',*,*,#4539,.F.);
#6472=ORIENTED_EDGE('',*,*,#4569,.T.);
#6473=ORIENTED_EDGE('',*,*,#4278,.F.);
#6474=ORIENTED_EDGE('',*,*,#4582,.T.);
#6475=ORIENTED_EDGE('',*,*,#4521,.F.);
#6476=ORIENTED_EDGE('',*,*,#4281,.F.);
#6477=ORIENTED_EDGE('',*,*,#4571,.T.);
#6478=ORIENTED_EDGE('',*,*,#4518,.F.);
#6479=ORIENTED_EDGE('',*,*,#4691,.F.);
#6480=ORIENTED_EDGE('',*,*,#4502,.T.);
#6481=ORIENTED_EDGE('',*,*,#4282,.F.);
#6482=ORIENTED_EDGE('',*,*,#4691,.T.);
#6483=ORIENTED_EDGE('',*,*,#4517,.F.);
#6484=ORIENTED_EDGE('',*,*,#4615,.T.);
#6485=ORIENTED_EDGE('',*,*,#4311,.F.);
#6486=ORIENTED_EDGE('',*,*,#4629,.T.);
#6487=ORIENTED_EDGE('',*,*,#4635,.F.);
#6488=ORIENTED_EDGE('',*,*,#4285,.F.);
#6489=ORIENTED_EDGE('',*,*,#4594,.T.);
#6490=ORIENTED_EDGE('',*,*,#4659,.F.);
#6491=ORIENTED_EDGE('',*,*,#4660,.F.);
#6492=ORIENTED_EDGE('',*,*,#4676,.T.);
#6493=ORIENTED_EDGE('',*,*,#4639,.F.);
#6494=ORIENTED_EDGE('',*,*,#4690,.T.);
#6495=ORIENTED_EDGE('',*,*,#4306,.F.);
#6496=ORIENTED_EDGE('',*,*,#4350,.T.);
#6497=ORIENTED_EDGE('',*,*,#4177,.F.);
#6498=ORIENTED_EDGE('',*,*,#4364,.T.);
#6499=ORIENTED_EDGE('',*,*,#4370,.F.);
#6500=ORIENTED_EDGE('',*,*,#4151,.F.);
#6501=ORIENTED_EDGE('',*,*,#4130,.T.);
#6502=ORIENTED_EDGE('',*,*,#4394,.F.);
#6503=ORIENTED_EDGE('',*,*,#4395,.F.);
#6504=ORIENTED_EDGE('',*,*,#4411,.T.);
#6505=ORIENTED_EDGE('',*,*,#4374,.F.);
#6506=ORIENTED_EDGE('',*,*,#4684,.T.);
#6507=ORIENTED_EDGE('',*,*,#4172,.F.);
#6508=ORIENTED_EDGE('',*,*,#4499,.T.);
#6509=ORIENTED_EDGE('',*,*,#4215,.F.);
#6510=ORIENTED_EDGE('',*,*,#4687,.F.);
#6511=ORIENTED_EDGE('',*,*,#4451,.F.);
#6512=ORIENTED_EDGE('',*,*,#4481,.T.);
#6513=ORIENTED_EDGE('',*,*,#4233,.F.);
#6514=ORIENTED_EDGE('',*,*,#4494,.T.);
#6515=ORIENTED_EDGE('',*,*,#4433,.F.);
#6516=ORIENTED_EDGE('',*,*,#4236,.F.);
#6517=ORIENTED_EDGE('',*,*,#4483,.T.);
#6518=ORIENTED_EDGE('',*,*,#4430,.F.);
#6519=ORIENTED_EDGE('',*,*,#4692,.F.);
#6520=ORIENTED_EDGE('',*,*,#4414,.T.);
#6521=ORIENTED_EDGE('',*,*,#4237,.F.);
#6522=ORIENTED_EDGE('',*,*,#4692,.T.);
#6523=ORIENTED_EDGE('',*,*,#4429,.F.);
#6524=ORIENTED_EDGE('',*,*,#4137,.F.);
#6525=ORIENTED_EDGE('',*,*,#4693,.T.);
#6526=ORIENTED_EDGE('',*,*,#4694,.T.);
#6527=ORIENTED_EDGE('',*,*,#4695,.F.);
#6528=ORIENTED_EDGE('',*,*,#4136,.F.);
#6529=ORIENTED_EDGE('',*,*,#4696,.T.);
#6530=ORIENTED_EDGE('',*,*,#4697,.T.);
#6531=ORIENTED_EDGE('',*,*,#4693,.F.);
#6532=ORIENTED_EDGE('',*,*,#4135,.F.);
#6533=ORIENTED_EDGE('',*,*,#4698,.F.);
#6534=ORIENTED_EDGE('',*,*,#4699,.T.);
#6535=ORIENTED_EDGE('',*,*,#4696,.F.);
#6536=ORIENTED_EDGE('',*,*,#4699,.F.);
#6537=ORIENTED_EDGE('',*,*,#4700,.F.);
#6538=ORIENTED_EDGE('',*,*,#4694,.F.);
#6539=ORIENTED_EDGE('',*,*,#4697,.F.);
#6540=ORIENTED_EDGE('',*,*,#4143,.F.);
#6541=ORIENTED_EDGE('',*,*,#4701,.T.);
#6542=ORIENTED_EDGE('',*,*,#4702,.F.);
#6543=ORIENTED_EDGE('',*,*,#4703,.F.);
#6544=ORIENTED_EDGE('',*,*,#4144,.F.);
#6545=ORIENTED_EDGE('',*,*,#4703,.T.);
#6546=ORIENTED_EDGE('',*,*,#4704,.F.);
#6547=ORIENTED_EDGE('',*,*,#4705,.F.);
#6548=ORIENTED_EDGE('',*,*,#4145,.F.);
#6549=ORIENTED_EDGE('',*,*,#4705,.T.);
#6550=ORIENTED_EDGE('',*,*,#4706,.F.);
#6551=ORIENTED_EDGE('',*,*,#4707,.F.);
#6552=ORIENTED_EDGE('',*,*,#4706,.T.);
#6553=ORIENTED_EDGE('',*,*,#4704,.T.);
#6554=ORIENTED_EDGE('',*,*,#4702,.T.);
#6555=ORIENTED_EDGE('',*,*,#4708,.T.);
#6556=ORIENTED_EDGE('',*,*,#4330,.F.);
#6557=ORIENTED_EDGE('',*,*,#4709,.F.);
#6558=ORIENTED_EDGE('',*,*,#4710,.F.);
#6559=ORIENTED_EDGE('',*,*,#4711,.T.);
#6560=ORIENTED_EDGE('',*,*,#4331,.F.);
#6561=ORIENTED_EDGE('',*,*,#4711,.F.);
#6562=ORIENTED_EDGE('',*,*,#4712,.F.);
#6563=ORIENTED_EDGE('',*,*,#4713,.T.);
#6564=ORIENTED_EDGE('',*,*,#4328,.F.);
#6565=ORIENTED_EDGE('',*,*,#4713,.F.);
#6566=ORIENTED_EDGE('',*,*,#4714,.F.);
#6567=ORIENTED_EDGE('',*,*,#4715,.T.);
#6568=ORIENTED_EDGE('',*,*,#4329,.F.);
#6569=ORIENTED_EDGE('',*,*,#4715,.F.);
#6570=ORIENTED_EDGE('',*,*,#4716,.F.);
#6571=ORIENTED_EDGE('',*,*,#4709,.T.);
#6572=ORIENTED_EDGE('',*,*,#4147,.T.);
#6573=ORIENTED_EDGE('',*,*,#4717,.T.);
#6574=ORIENTED_EDGE('',*,*,#4718,.F.);
#6575=ORIENTED_EDGE('',*,*,#4719,.F.);
#6576=ORIENTED_EDGE('',*,*,#4148,.T.);
#6577=ORIENTED_EDGE('',*,*,#4719,.T.);
#6578=ORIENTED_EDGE('',*,*,#4720,.F.);
#6579=ORIENTED_EDGE('',*,*,#4721,.F.);
#6580=ORIENTED_EDGE('',*,*,#4149,.T.);
#6581=ORIENTED_EDGE('',*,*,#4721,.T.);
#6582=ORIENTED_EDGE('',*,*,#4722,.F.);
#6583=ORIENTED_EDGE('',*,*,#4723,.F.);
#6584=ORIENTED_EDGE('',*,*,#4698,.T.);
#6585=ORIENTED_EDGE('',*,*,#4150,.T.);
#6586=ORIENTED_EDGE('',*,*,#4723,.T.);
#6587=ORIENTED_EDGE('',*,*,#4724,.F.);
#6588=ORIENTED_EDGE('',*,*,#4725,.F.);
#6589=ORIENTED_EDGE('',*,*,#4138,.T.);
#6590=ORIENTED_EDGE('',*,*,#4695,.T.);
#6591=ORIENTED_EDGE('',*,*,#4700,.T.);
#6592=ORIENTED_EDGE('',*,*,#4139,.T.);
#6593=ORIENTED_EDGE('',*,*,#4725,.T.);
#6594=ORIENTED_EDGE('',*,*,#4726,.F.);
#6595=ORIENTED_EDGE('',*,*,#4727,.F.);
#6596=ORIENTED_EDGE('',*,*,#4140,.T.);
#6597=ORIENTED_EDGE('',*,*,#4727,.T.);
#6598=ORIENTED_EDGE('',*,*,#4728,.F.);
#6599=ORIENTED_EDGE('',*,*,#4729,.F.);
#6600=ORIENTED_EDGE('',*,*,#4141,.T.);
#6601=ORIENTED_EDGE('',*,*,#4729,.T.);
#6602=ORIENTED_EDGE('',*,*,#4730,.F.);
#6603=ORIENTED_EDGE('',*,*,#4731,.F.);
#6604=ORIENTED_EDGE('',*,*,#4146,.T.);
#6605=ORIENTED_EDGE('',*,*,#4707,.T.);
#6606=ORIENTED_EDGE('',*,*,#4708,.F.);
#6607=ORIENTED_EDGE('',*,*,#4701,.F.);
#6608=ORIENTED_EDGE('',*,*,#4142,.T.);
#6609=ORIENTED_EDGE('',*,*,#4731,.T.);
#6610=ORIENTED_EDGE('',*,*,#4732,.F.);
#6611=ORIENTED_EDGE('',*,*,#4717,.F.);
#6612=ORIENTED_EDGE('',*,*,#4732,.T.);
#6613=ORIENTED_EDGE('',*,*,#4730,.T.);
#6614=ORIENTED_EDGE('',*,*,#4728,.T.);
#6615=ORIENTED_EDGE('',*,*,#4726,.T.);
#6616=ORIENTED_EDGE('',*,*,#4724,.T.);
#6617=ORIENTED_EDGE('',*,*,#4722,.T.);
#6618=ORIENTED_EDGE('',*,*,#4720,.T.);
#6619=ORIENTED_EDGE('',*,*,#4718,.T.);
#6620=ORIENTED_EDGE('',*,*,#4714,.T.);
#6621=ORIENTED_EDGE('',*,*,#4712,.T.);
#6622=ORIENTED_EDGE('',*,*,#4710,.T.);
#6623=ORIENTED_EDGE('',*,*,#4716,.T.);
#6624=ORIENTED_EDGE('',*,*,#4733,.F.);
#6625=ORIENTED_EDGE('',*,*,#4734,.F.);
#6626=ORIENTED_EDGE('',*,*,#4735,.F.);
#6627=ORIENTED_EDGE('',*,*,#4736,.F.);
#6628=ORIENTED_EDGE('',*,*,#4734,.T.);
#6629=ORIENTED_EDGE('',*,*,#4737,.F.);
#6630=ORIENTED_EDGE('',*,*,#4738,.T.);
#6631=ORIENTED_EDGE('',*,*,#4739,.F.);
#6632=ORIENTED_EDGE('',*,*,#4740,.F.);
#6633=ORIENTED_EDGE('',*,*,#4738,.F.);
#6634=ORIENTED_EDGE('',*,*,#4741,.F.);
#6635=ORIENTED_EDGE('',*,*,#4742,.F.);
#6636=ORIENTED_EDGE('',*,*,#4743,.F.);
#6637=ORIENTED_EDGE('',*,*,#4744,.F.);
#6638=ORIENTED_EDGE('',*,*,#4745,.F.);
#6639=ORIENTED_EDGE('',*,*,#4744,.T.);
#6640=ORIENTED_EDGE('',*,*,#4746,.T.);
#6641=ORIENTED_EDGE('',*,*,#4747,.T.);
#6642=ORIENTED_EDGE('',*,*,#4746,.F.);
#6643=ORIENTED_EDGE('',*,*,#4743,.T.);
#6644=ORIENTED_EDGE('',*,*,#4748,.T.);
#6645=ORIENTED_EDGE('',*,*,#4749,.T.);
#6646=ORIENTED_EDGE('',*,*,#4748,.F.);
#6647=ORIENTED_EDGE('',*,*,#4742,.T.);
#6648=ORIENTED_EDGE('',*,*,#4735,.T.);
#6649=ORIENTED_EDGE('',*,*,#4736,.T.);
#6650=ORIENTED_EDGE('',*,*,#4740,.T.);
#6651=ORIENTED_EDGE('',*,*,#4750,.T.);
#6652=ORIENTED_EDGE('',*,*,#4751,.F.);
#6653=ORIENTED_EDGE('',*,*,#4747,.F.);
#6654=ORIENTED_EDGE('',*,*,#4749,.F.);
#6655=ORIENTED_EDGE('',*,*,#4750,.F.);
#6656=ORIENTED_EDGE('',*,*,#4752,.F.);
#6657=ORIENTED_EDGE('',*,*,#4753,.T.);
#6658=ORIENTED_EDGE('',*,*,#4754,.T.);
#6659=ORIENTED_EDGE('',*,*,#4755,.F.);
#6660=ORIENTED_EDGE('',*,*,#4756,.F.);
#6661=ORIENTED_EDGE('',*,*,#4753,.F.);
#6662=ORIENTED_EDGE('',*,*,#4757,.F.);
#6663=ORIENTED_EDGE('',*,*,#4758,.T.);
#6664=ORIENTED_EDGE('',*,*,#4759,.F.);
#6665=ORIENTED_EDGE('',*,*,#4756,.T.);
#6666=ORIENTED_EDGE('',*,*,#4760,.F.);
#6667=ORIENTED_EDGE('',*,*,#4761,.F.);
#6668=ORIENTED_EDGE('',*,*,#4754,.F.);
#6669=ORIENTED_EDGE('',*,*,#4762,.F.);
#6670=ORIENTED_EDGE('',*,*,#4760,.T.);
#6671=ORIENTED_EDGE('',*,*,#4755,.T.);
#6672=ORIENTED_EDGE('',*,*,#4763,.F.);
#6673=ORIENTED_EDGE('',*,*,#4764,.T.);
#6674=ORIENTED_EDGE('',*,*,#4765,.T.);
#6675=ORIENTED_EDGE('',*,*,#4757,.T.);
#6676=ORIENTED_EDGE('',*,*,#4766,.F.);
#6677=ORIENTED_EDGE('',*,*,#4767,.F.);
#6678=ORIENTED_EDGE('',*,*,#4768,.F.);
#6679=ORIENTED_EDGE('',*,*,#4764,.F.);
#6680=ORIENTED_EDGE('',*,*,#4768,.T.);
#6681=ORIENTED_EDGE('',*,*,#4769,.F.);
#6682=ORIENTED_EDGE('',*,*,#4758,.F.);
#6683=ORIENTED_EDGE('',*,*,#4765,.F.);
#6684=ORIENTED_EDGE('',*,*,#4770,.F.);
#6685=ORIENTED_EDGE('',*,*,#4759,.T.);
#6686=ORIENTED_EDGE('',*,*,#4769,.T.);
#6687=ORIENTED_EDGE('',*,*,#4767,.T.);
#6688=ORIENTED_EDGE('',*,*,#4771,.F.);
#6689=ORIENTED_EDGE('',*,*,#4772,.F.);
#6690=ORIENTED_EDGE('',*,*,#4773,.F.);
#6691=ORIENTED_EDGE('',*,*,#4774,.T.);
#6692=ORIENTED_EDGE('',*,*,#4775,.F.);
#6693=ORIENTED_EDGE('',*,*,#4774,.F.);
#6694=ORIENTED_EDGE('',*,*,#4776,.F.);
#6695=ORIENTED_EDGE('',*,*,#4777,.T.);
#6696=ORIENTED_EDGE('',*,*,#4778,.F.);
#6697=ORIENTED_EDGE('',*,*,#4777,.F.);
#6698=ORIENTED_EDGE('',*,*,#4779,.F.);
#6699=ORIENTED_EDGE('',*,*,#4780,.F.);
#6700=ORIENTED_EDGE('',*,*,#4779,.T.);
#6701=ORIENTED_EDGE('',*,*,#4776,.T.);
#6702=ORIENTED_EDGE('',*,*,#4773,.T.);
#6703=ORIENTED_EDGE('',*,*,#4781,.F.);
#6704=ORIENTED_EDGE('',*,*,#4782,.F.);
#6705=ORIENTED_EDGE('',*,*,#4783,.T.);
#6706=ORIENTED_EDGE('',*,*,#4784,.T.);
#6707=ORIENTED_EDGE('',*,*,#4785,.T.);
#6708=ORIENTED_EDGE('',*,*,#4786,.T.);
#6709=ORIENTED_EDGE('',*,*,#4787,.T.);
#6710=ORIENTED_EDGE('',*,*,#4788,.T.);
#6711=ORIENTED_EDGE('',*,*,#4789,.T.);
#6712=ORIENTED_EDGE('',*,*,#4790,.T.);
#6713=ORIENTED_EDGE('',*,*,#4791,.T.);
#6714=ORIENTED_EDGE('',*,*,#4792,.T.);
#6715=ORIENTED_EDGE('',*,*,#4793,.F.);
#6716=ORIENTED_EDGE('',*,*,#4794,.F.);
#6717=ORIENTED_EDGE('',*,*,#4795,.F.);
#6718=ORIENTED_EDGE('',*,*,#4796,.F.);
#6719=ORIENTED_EDGE('',*,*,#4797,.T.);
#6720=ORIENTED_EDGE('',*,*,#4798,.T.);
#6721=ORIENTED_EDGE('',*,*,#4799,.T.);
#6722=ORIENTED_EDGE('',*,*,#4800,.T.);
#6723=ORIENTED_EDGE('',*,*,#4801,.T.);
#6724=ORIENTED_EDGE('',*,*,#4802,.T.);
#6725=ORIENTED_EDGE('',*,*,#4803,.T.);
#6726=ORIENTED_EDGE('',*,*,#4804,.T.);
#6727=ORIENTED_EDGE('',*,*,#4805,.T.);
#6728=ORIENTED_EDGE('',*,*,#4806,.T.);
#6729=ORIENTED_EDGE('',*,*,#4807,.T.);
#6730=ORIENTED_EDGE('',*,*,#4808,.T.);
#6731=ORIENTED_EDGE('',*,*,#4809,.T.);
#6732=ORIENTED_EDGE('',*,*,#4810,.T.);
#6733=ORIENTED_EDGE('',*,*,#4811,.T.);
#6734=ORIENTED_EDGE('',*,*,#4812,.T.);
#6735=ORIENTED_EDGE('',*,*,#4813,.T.);
#6736=ORIENTED_EDGE('',*,*,#4814,.T.);
#6737=ORIENTED_EDGE('',*,*,#4815,.T.);
#6738=ORIENTED_EDGE('',*,*,#4816,.T.);
#6739=ORIENTED_EDGE('',*,*,#4817,.T.);
#6740=ORIENTED_EDGE('',*,*,#4818,.T.);
#6741=ORIENTED_EDGE('',*,*,#4819,.T.);
#6742=ORIENTED_EDGE('',*,*,#4820,.T.);
#6743=ORIENTED_EDGE('',*,*,#4821,.T.);
#6744=ORIENTED_EDGE('',*,*,#4822,.T.);
#6745=ORIENTED_EDGE('',*,*,#4823,.T.);
#6746=ORIENTED_EDGE('',*,*,#4824,.T.);
#6747=ORIENTED_EDGE('',*,*,#4825,.T.);
#6748=ORIENTED_EDGE('',*,*,#4826,.T.);
#6749=ORIENTED_EDGE('',*,*,#4827,.T.);
#6750=ORIENTED_EDGE('',*,*,#4828,.T.);
#6751=ORIENTED_EDGE('',*,*,#4829,.T.);
#6752=ORIENTED_EDGE('',*,*,#4830,.T.);
#6753=ORIENTED_EDGE('',*,*,#4831,.T.);
#6754=ORIENTED_EDGE('',*,*,#4832,.T.);
#6755=ORIENTED_EDGE('',*,*,#4833,.T.);
#6756=ORIENTED_EDGE('',*,*,#4834,.T.);
#6757=ORIENTED_EDGE('',*,*,#4835,.T.);
#6758=ORIENTED_EDGE('',*,*,#4836,.T.);
#6759=ORIENTED_EDGE('',*,*,#4797,.F.);
#6760=ORIENTED_EDGE('',*,*,#4837,.T.);
#6761=ORIENTED_EDGE('',*,*,#4838,.T.);
#6762=ORIENTED_EDGE('',*,*,#4839,.F.);
#6763=ORIENTED_EDGE('',*,*,#4806,.F.);
#6764=ORIENTED_EDGE('',*,*,#4840,.T.);
#6765=ORIENTED_EDGE('',*,*,#4841,.T.);
#6766=ORIENTED_EDGE('',*,*,#4837,.F.);
#6767=ORIENTED_EDGE('',*,*,#4805,.F.);
#6768=ORIENTED_EDGE('',*,*,#4842,.T.);
#6769=ORIENTED_EDGE('',*,*,#4843,.T.);
#6770=ORIENTED_EDGE('',*,*,#4840,.F.);
#6771=ORIENTED_EDGE('',*,*,#4804,.F.);
#6772=ORIENTED_EDGE('',*,*,#4844,.T.);
#6773=ORIENTED_EDGE('',*,*,#4845,.T.);
#6774=ORIENTED_EDGE('',*,*,#4842,.F.);
#6775=ORIENTED_EDGE('',*,*,#4803,.F.);
#6776=ORIENTED_EDGE('',*,*,#4846,.T.);
#6777=ORIENTED_EDGE('',*,*,#4847,.T.);
#6778=ORIENTED_EDGE('',*,*,#4844,.F.);
#6779=ORIENTED_EDGE('',*,*,#4802,.F.);
#6780=ORIENTED_EDGE('',*,*,#4848,.T.);
#6781=ORIENTED_EDGE('',*,*,#4849,.T.);
#6782=ORIENTED_EDGE('',*,*,#4846,.F.);
#6783=ORIENTED_EDGE('',*,*,#4801,.F.);
#6784=ORIENTED_EDGE('',*,*,#4850,.T.);
#6785=ORIENTED_EDGE('',*,*,#4851,.T.);
#6786=ORIENTED_EDGE('',*,*,#4848,.F.);
#6787=ORIENTED_EDGE('',*,*,#4800,.F.);
#6788=ORIENTED_EDGE('',*,*,#4852,.T.);
#6789=ORIENTED_EDGE('',*,*,#4853,.T.);
#6790=ORIENTED_EDGE('',*,*,#4850,.F.);
#6791=ORIENTED_EDGE('',*,*,#4799,.F.);
#6792=ORIENTED_EDGE('',*,*,#4854,.T.);
#6793=ORIENTED_EDGE('',*,*,#4855,.T.);
#6794=ORIENTED_EDGE('',*,*,#4852,.F.);
#6795=ORIENTED_EDGE('',*,*,#4798,.F.);
#6796=ORIENTED_EDGE('',*,*,#4839,.T.);
#6797=ORIENTED_EDGE('',*,*,#4856,.T.);
#6798=ORIENTED_EDGE('',*,*,#4854,.F.);
#6799=ORIENTED_EDGE('',*,*,#4856,.F.);
#6800=ORIENTED_EDGE('',*,*,#4838,.F.);
#6801=ORIENTED_EDGE('',*,*,#4841,.F.);
#6802=ORIENTED_EDGE('',*,*,#4843,.F.);
#6803=ORIENTED_EDGE('',*,*,#4845,.F.);
#6804=ORIENTED_EDGE('',*,*,#4847,.F.);
#6805=ORIENTED_EDGE('',*,*,#4849,.F.);
#6806=ORIENTED_EDGE('',*,*,#4851,.F.);
#6807=ORIENTED_EDGE('',*,*,#4853,.F.);
#6808=ORIENTED_EDGE('',*,*,#4855,.F.);
#6809=ORIENTED_EDGE('',*,*,#4807,.F.);
#6810=ORIENTED_EDGE('',*,*,#4857,.T.);
#6811=ORIENTED_EDGE('',*,*,#4858,.T.);
#6812=ORIENTED_EDGE('',*,*,#4859,.F.);
#6813=ORIENTED_EDGE('',*,*,#4816,.F.);
#6814=ORIENTED_EDGE('',*,*,#4860,.T.);
#6815=ORIENTED_EDGE('',*,*,#4861,.T.);
#6816=ORIENTED_EDGE('',*,*,#4857,.F.);
#6817=ORIENTED_EDGE('',*,*,#4815,.F.);
#6818=ORIENTED_EDGE('',*,*,#4862,.T.);
#6819=ORIENTED_EDGE('',*,*,#4863,.T.);
#6820=ORIENTED_EDGE('',*,*,#4860,.F.);
#6821=ORIENTED_EDGE('',*,*,#4814,.F.);
#6822=ORIENTED_EDGE('',*,*,#4864,.T.);
#6823=ORIENTED_EDGE('',*,*,#4865,.T.);
#6824=ORIENTED_EDGE('',*,*,#4862,.F.);
#6825=ORIENTED_EDGE('',*,*,#4813,.F.);
#6826=ORIENTED_EDGE('',*,*,#4866,.T.);
#6827=ORIENTED_EDGE('',*,*,#4867,.T.);
#6828=ORIENTED_EDGE('',*,*,#4864,.F.);
#6829=ORIENTED_EDGE('',*,*,#4812,.F.);
#6830=ORIENTED_EDGE('',*,*,#4868,.T.);
#6831=ORIENTED_EDGE('',*,*,#4869,.T.);
#6832=ORIENTED_EDGE('',*,*,#4866,.F.);
#6833=ORIENTED_EDGE('',*,*,#4811,.F.);
#6834=ORIENTED_EDGE('',*,*,#4870,.T.);
#6835=ORIENTED_EDGE('',*,*,#4871,.T.);
#6836=ORIENTED_EDGE('',*,*,#4868,.F.);
#6837=ORIENTED_EDGE('',*,*,#4810,.F.);
#6838=ORIENTED_EDGE('',*,*,#4872,.T.);
#6839=ORIENTED_EDGE('',*,*,#4873,.T.);
#6840=ORIENTED_EDGE('',*,*,#4870,.F.);
#6841=ORIENTED_EDGE('',*,*,#4809,.F.);
#6842=ORIENTED_EDGE('',*,*,#4874,.T.);
#6843=ORIENTED_EDGE('',*,*,#4875,.T.);
#6844=ORIENTED_EDGE('',*,*,#4872,.F.);
#6845=ORIENTED_EDGE('',*,*,#4808,.F.);
#6846=ORIENTED_EDGE('',*,*,#4859,.T.);
#6847=ORIENTED_EDGE('',*,*,#4876,.T.);
#6848=ORIENTED_EDGE('',*,*,#4874,.F.);
#6849=ORIENTED_EDGE('',*,*,#4876,.F.);
#6850=ORIENTED_EDGE('',*,*,#4858,.F.);
#6851=ORIENTED_EDGE('',*,*,#4861,.F.);
#6852=ORIENTED_EDGE('',*,*,#4863,.F.);
#6853=ORIENTED_EDGE('',*,*,#4865,.F.);
#6854=ORIENTED_EDGE('',*,*,#4867,.F.);
#6855=ORIENTED_EDGE('',*,*,#4869,.F.);
#6856=ORIENTED_EDGE('',*,*,#4871,.F.);
#6857=ORIENTED_EDGE('',*,*,#4873,.F.);
#6858=ORIENTED_EDGE('',*,*,#4875,.F.);
#6859=ORIENTED_EDGE('',*,*,#4877,.F.);
#6860=ORIENTED_EDGE('',*,*,#4878,.T.);
#6861=ORIENTED_EDGE('',*,*,#4879,.T.);
#6862=ORIENTED_EDGE('',*,*,#4880,.F.);
#6863=ORIENTED_EDGE('',*,*,#4881,.F.);
#6864=ORIENTED_EDGE('',*,*,#4882,.T.);
#6865=ORIENTED_EDGE('',*,*,#4883,.T.);
#6866=ORIENTED_EDGE('',*,*,#4878,.F.);
#6867=ORIENTED_EDGE('',*,*,#4884,.F.);
#6868=ORIENTED_EDGE('',*,*,#4885,.T.);
#6869=ORIENTED_EDGE('',*,*,#4886,.T.);
#6870=ORIENTED_EDGE('',*,*,#4882,.F.);
#6871=ORIENTED_EDGE('',*,*,#4887,.F.);
#6872=ORIENTED_EDGE('',*,*,#4888,.T.);
#6873=ORIENTED_EDGE('',*,*,#4889,.T.);
#6874=ORIENTED_EDGE('',*,*,#4885,.F.);
#6875=ORIENTED_EDGE('',*,*,#4890,.F.);
#6876=ORIENTED_EDGE('',*,*,#4891,.T.);
#6877=ORIENTED_EDGE('',*,*,#4892,.T.);
#6878=ORIENTED_EDGE('',*,*,#4888,.F.);
#6879=ORIENTED_EDGE('',*,*,#4893,.F.);
#6880=ORIENTED_EDGE('',*,*,#4894,.T.);
#6881=ORIENTED_EDGE('',*,*,#4895,.T.);
#6882=ORIENTED_EDGE('',*,*,#4891,.F.);
#6883=ORIENTED_EDGE('',*,*,#4896,.F.);
#6884=ORIENTED_EDGE('',*,*,#4897,.T.);
#6885=ORIENTED_EDGE('',*,*,#4898,.T.);
#6886=ORIENTED_EDGE('',*,*,#4894,.F.);
#6887=ORIENTED_EDGE('',*,*,#4899,.F.);
#6888=ORIENTED_EDGE('',*,*,#4880,.T.);
#6889=ORIENTED_EDGE('',*,*,#4900,.T.);
#6890=ORIENTED_EDGE('',*,*,#4897,.F.);
#6891=ORIENTED_EDGE('',*,*,#4817,.F.);
#6892=ORIENTED_EDGE('',*,*,#4901,.T.);
#6893=ORIENTED_EDGE('',*,*,#4902,.T.);
#6894=ORIENTED_EDGE('',*,*,#4903,.F.);
#6895=ORIENTED_EDGE('',*,*,#4826,.F.);
#6896=ORIENTED_EDGE('',*,*,#4904,.T.);
#6897=ORIENTED_EDGE('',*,*,#4905,.T.);
#6898=ORIENTED_EDGE('',*,*,#4901,.F.);
#6899=ORIENTED_EDGE('',*,*,#4825,.F.);
#6900=ORIENTED_EDGE('',*,*,#4906,.T.);
#6901=ORIENTED_EDGE('',*,*,#4907,.T.);
#6902=ORIENTED_EDGE('',*,*,#4904,.F.);
#6903=ORIENTED_EDGE('',*,*,#4824,.F.);
#6904=ORIENTED_EDGE('',*,*,#4908,.T.);
#6905=ORIENTED_EDGE('',*,*,#4909,.T.);
#6906=ORIENTED_EDGE('',*,*,#4906,.F.);
#6907=ORIENTED_EDGE('',*,*,#4823,.F.);
#6908=ORIENTED_EDGE('',*,*,#4910,.T.);
#6909=ORIENTED_EDGE('',*,*,#4911,.T.);
#6910=ORIENTED_EDGE('',*,*,#4908,.F.);
#6911=ORIENTED_EDGE('',*,*,#4822,.F.);
#6912=ORIENTED_EDGE('',*,*,#4912,.T.);
#6913=ORIENTED_EDGE('',*,*,#4913,.T.);
#6914=ORIENTED_EDGE('',*,*,#4910,.F.);
#6915=ORIENTED_EDGE('',*,*,#4821,.F.);
#6916=ORIENTED_EDGE('',*,*,#4914,.T.);
#6917=ORIENTED_EDGE('',*,*,#4915,.T.);
#6918=ORIENTED_EDGE('',*,*,#4912,.F.);
#6919=ORIENTED_EDGE('',*,*,#4820,.F.);
#6920=ORIENTED_EDGE('',*,*,#4916,.T.);
#6921=ORIENTED_EDGE('',*,*,#4917,.T.);
#6922=ORIENTED_EDGE('',*,*,#4914,.F.);
#6923=ORIENTED_EDGE('',*,*,#4819,.F.);
#6924=ORIENTED_EDGE('',*,*,#4918,.T.);
#6925=ORIENTED_EDGE('',*,*,#4919,.T.);
#6926=ORIENTED_EDGE('',*,*,#4916,.F.);
#6927=ORIENTED_EDGE('',*,*,#4818,.F.);
#6928=ORIENTED_EDGE('',*,*,#4903,.T.);
#6929=ORIENTED_EDGE('',*,*,#4920,.T.);
#6930=ORIENTED_EDGE('',*,*,#4918,.F.);
#6931=ORIENTED_EDGE('',*,*,#4920,.F.);
#6932=ORIENTED_EDGE('',*,*,#4902,.F.);
#6933=ORIENTED_EDGE('',*,*,#4905,.F.);
#6934=ORIENTED_EDGE('',*,*,#4907,.F.);
#6935=ORIENTED_EDGE('',*,*,#4909,.F.);
#6936=ORIENTED_EDGE('',*,*,#4911,.F.);
#6937=ORIENTED_EDGE('',*,*,#4913,.F.);
#6938=ORIENTED_EDGE('',*,*,#4915,.F.);
#6939=ORIENTED_EDGE('',*,*,#4917,.F.);
#6940=ORIENTED_EDGE('',*,*,#4919,.F.);
#6941=ORIENTED_EDGE('',*,*,#4900,.F.);
#6942=ORIENTED_EDGE('',*,*,#4879,.F.);
#6943=ORIENTED_EDGE('',*,*,#4883,.F.);
#6944=ORIENTED_EDGE('',*,*,#4886,.F.);
#6945=ORIENTED_EDGE('',*,*,#4889,.F.);
#6946=ORIENTED_EDGE('',*,*,#4892,.F.);
#6947=ORIENTED_EDGE('',*,*,#4895,.F.);
#6948=ORIENTED_EDGE('',*,*,#4898,.F.);
#6949=ORIENTED_EDGE('',*,*,#4827,.F.);
#6950=ORIENTED_EDGE('',*,*,#4921,.T.);
#6951=ORIENTED_EDGE('',*,*,#4922,.T.);
#6952=ORIENTED_EDGE('',*,*,#4923,.F.);
#6953=ORIENTED_EDGE('',*,*,#4836,.F.);
#6954=ORIENTED_EDGE('',*,*,#4924,.T.);
#6955=ORIENTED_EDGE('',*,*,#4925,.T.);
#6956=ORIENTED_EDGE('',*,*,#4921,.F.);
#6957=ORIENTED_EDGE('',*,*,#4835,.F.);
#6958=ORIENTED_EDGE('',*,*,#4926,.T.);
#6959=ORIENTED_EDGE('',*,*,#4927,.T.);
#6960=ORIENTED_EDGE('',*,*,#4924,.F.);
#6961=ORIENTED_EDGE('',*,*,#4834,.F.);
#6962=ORIENTED_EDGE('',*,*,#4928,.T.);
#6963=ORIENTED_EDGE('',*,*,#4929,.T.);
#6964=ORIENTED_EDGE('',*,*,#4926,.F.);
#6965=ORIENTED_EDGE('',*,*,#4833,.F.);
#6966=ORIENTED_EDGE('',*,*,#4930,.T.);
#6967=ORIENTED_EDGE('',*,*,#4931,.T.);
#6968=ORIENTED_EDGE('',*,*,#4928,.F.);
#6969=ORIENTED_EDGE('',*,*,#4832,.F.);
#6970=ORIENTED_EDGE('',*,*,#4932,.T.);
#6971=ORIENTED_EDGE('',*,*,#4933,.T.);
#6972=ORIENTED_EDGE('',*,*,#4930,.F.);
#6973=ORIENTED_EDGE('',*,*,#4831,.F.);
#6974=ORIENTED_EDGE('',*,*,#4934,.T.);
#6975=ORIENTED_EDGE('',*,*,#4935,.T.);
#6976=ORIENTED_EDGE('',*,*,#4932,.F.);
#6977=ORIENTED_EDGE('',*,*,#4830,.F.);
#6978=ORIENTED_EDGE('',*,*,#4936,.T.);
#6979=ORIENTED_EDGE('',*,*,#4937,.T.);
#6980=ORIENTED_EDGE('',*,*,#4934,.F.);
#6981=ORIENTED_EDGE('',*,*,#4829,.F.);
#6982=ORIENTED_EDGE('',*,*,#4938,.T.);
#6983=ORIENTED_EDGE('',*,*,#4939,.T.);
#6984=ORIENTED_EDGE('',*,*,#4936,.F.);
#6985=ORIENTED_EDGE('',*,*,#4828,.F.);
#6986=ORIENTED_EDGE('',*,*,#4923,.T.);
#6987=ORIENTED_EDGE('',*,*,#4940,.T.);
#6988=ORIENTED_EDGE('',*,*,#4938,.F.);
#6989=ORIENTED_EDGE('',*,*,#4940,.F.);
#6990=ORIENTED_EDGE('',*,*,#4922,.F.);
#6991=ORIENTED_EDGE('',*,*,#4925,.F.);
#6992=ORIENTED_EDGE('',*,*,#4927,.F.);
#6993=ORIENTED_EDGE('',*,*,#4929,.F.);
#6994=ORIENTED_EDGE('',*,*,#4931,.F.);
#6995=ORIENTED_EDGE('',*,*,#4933,.F.);
#6996=ORIENTED_EDGE('',*,*,#4935,.F.);
#6997=ORIENTED_EDGE('',*,*,#4937,.F.);
#6998=ORIENTED_EDGE('',*,*,#4939,.F.);
#6999=ORIENTED_EDGE('',*,*,#4941,.F.);
#7000=ORIENTED_EDGE('',*,*,#4792,.F.);
#7001=ORIENTED_EDGE('',*,*,#4942,.T.);
#7002=ORIENTED_EDGE('',*,*,#4943,.T.);
#7003=ORIENTED_EDGE('',*,*,#4944,.F.);
#7004=ORIENTED_EDGE('',*,*,#4945,.F.);
#7005=ORIENTED_EDGE('',*,*,#4946,.T.);
#7006=ORIENTED_EDGE('',*,*,#4947,.T.);
#7007=ORIENTED_EDGE('',*,*,#4948,.F.);
#7008=ORIENTED_EDGE('',*,*,#4949,.F.);
#7009=ORIENTED_EDGE('',*,*,#4950,.T.);
#7010=ORIENTED_EDGE('',*,*,#4951,.T.);
#7011=ORIENTED_EDGE('',*,*,#4946,.F.);
#7012=ORIENTED_EDGE('',*,*,#4952,.F.);
#7013=ORIENTED_EDGE('',*,*,#4953,.T.);
#7014=ORIENTED_EDGE('',*,*,#4954,.T.);
#7015=ORIENTED_EDGE('',*,*,#4950,.F.);
#7016=ORIENTED_EDGE('',*,*,#4955,.F.);
#7017=ORIENTED_EDGE('',*,*,#4956,.T.);
#7018=ORIENTED_EDGE('',*,*,#4957,.T.);
#7019=ORIENTED_EDGE('',*,*,#4953,.F.);
#7020=ORIENTED_EDGE('',*,*,#4958,.F.);
#7021=ORIENTED_EDGE('',*,*,#4959,.T.);
#7022=ORIENTED_EDGE('',*,*,#4960,.T.);
#7023=ORIENTED_EDGE('',*,*,#4956,.F.);
#7024=ORIENTED_EDGE('',*,*,#4961,.F.);
#7025=ORIENTED_EDGE('',*,*,#4962,.T.);
#7026=ORIENTED_EDGE('',*,*,#4963,.T.);
#7027=ORIENTED_EDGE('',*,*,#4959,.F.);
#7028=ORIENTED_EDGE('',*,*,#4964,.F.);
#7029=ORIENTED_EDGE('',*,*,#4965,.T.);
#7030=ORIENTED_EDGE('',*,*,#4966,.T.);
#7031=ORIENTED_EDGE('',*,*,#4962,.F.);
#7032=ORIENTED_EDGE('',*,*,#4967,.F.);
#7033=ORIENTED_EDGE('',*,*,#4948,.T.);
#7034=ORIENTED_EDGE('',*,*,#4968,.T.);
#7035=ORIENTED_EDGE('',*,*,#4965,.F.);
#7036=ORIENTED_EDGE('',*,*,#4791,.F.);
#7037=ORIENTED_EDGE('',*,*,#4969,.T.);
#7038=ORIENTED_EDGE('',*,*,#4970,.T.);
#7039=ORIENTED_EDGE('',*,*,#4942,.F.);
#7040=ORIENTED_EDGE('',*,*,#4790,.F.);
#7041=ORIENTED_EDGE('',*,*,#4971,.T.);
#7042=ORIENTED_EDGE('',*,*,#4972,.T.);
#7043=ORIENTED_EDGE('',*,*,#4969,.F.);
#7044=ORIENTED_EDGE('',*,*,#4789,.F.);
#7045=ORIENTED_EDGE('',*,*,#4973,.T.);
#7046=ORIENTED_EDGE('',*,*,#4974,.T.);
#7047=ORIENTED_EDGE('',*,*,#4971,.F.);
#7048=ORIENTED_EDGE('',*,*,#4788,.F.);
#7049=ORIENTED_EDGE('',*,*,#4975,.T.);
#7050=ORIENTED_EDGE('',*,*,#4976,.T.);
#7051=ORIENTED_EDGE('',*,*,#4973,.F.);
#7052=ORIENTED_EDGE('',*,*,#4787,.F.);
#7053=ORIENTED_EDGE('',*,*,#4977,.T.);
#7054=ORIENTED_EDGE('',*,*,#4978,.T.);
#7055=ORIENTED_EDGE('',*,*,#4975,.F.);
#7056=ORIENTED_EDGE('',*,*,#4786,.F.);
#7057=ORIENTED_EDGE('',*,*,#4979,.T.);
#7058=ORIENTED_EDGE('',*,*,#4980,.T.);
#7059=ORIENTED_EDGE('',*,*,#4977,.F.);
#7060=ORIENTED_EDGE('',*,*,#4785,.F.);
#7061=ORIENTED_EDGE('',*,*,#4981,.T.);
#7062=ORIENTED_EDGE('',*,*,#4982,.T.);
#7063=ORIENTED_EDGE('',*,*,#4979,.F.);
#7064=ORIENTED_EDGE('',*,*,#4784,.F.);
#7065=ORIENTED_EDGE('',*,*,#4983,.T.);
#7066=ORIENTED_EDGE('',*,*,#4984,.T.);
#7067=ORIENTED_EDGE('',*,*,#4981,.F.);
#7068=ORIENTED_EDGE('',*,*,#4985,.F.);
#7069=ORIENTED_EDGE('',*,*,#4944,.T.);
#7070=ORIENTED_EDGE('',*,*,#4986,.T.);
#7071=ORIENTED_EDGE('',*,*,#4983,.F.);
#7072=ORIENTED_EDGE('',*,*,#4783,.F.);
#7073=ORIENTED_EDGE('',*,*,#4943,.F.);
#7074=ORIENTED_EDGE('',*,*,#4970,.F.);
#7075=ORIENTED_EDGE('',*,*,#4972,.F.);
#7076=ORIENTED_EDGE('',*,*,#4974,.F.);
#7077=ORIENTED_EDGE('',*,*,#4976,.F.);
#7078=ORIENTED_EDGE('',*,*,#4978,.F.);
#7079=ORIENTED_EDGE('',*,*,#4980,.F.);
#7080=ORIENTED_EDGE('',*,*,#4982,.F.);
#7081=ORIENTED_EDGE('',*,*,#4984,.F.);
#7082=ORIENTED_EDGE('',*,*,#4986,.F.);
#7083=ORIENTED_EDGE('',*,*,#4968,.F.);
#7084=ORIENTED_EDGE('',*,*,#4947,.F.);
#7085=ORIENTED_EDGE('',*,*,#4951,.F.);
#7086=ORIENTED_EDGE('',*,*,#4954,.F.);
#7087=ORIENTED_EDGE('',*,*,#4957,.F.);
#7088=ORIENTED_EDGE('',*,*,#4960,.F.);
#7089=ORIENTED_EDGE('',*,*,#4963,.F.);
#7090=ORIENTED_EDGE('',*,*,#4966,.F.);
#7091=ORIENTED_EDGE('',*,*,#4941,.T.);
#7092=ORIENTED_EDGE('',*,*,#4985,.T.);
#7093=ORIENTED_EDGE('',*,*,#4782,.T.);
#7094=ORIENTED_EDGE('',*,*,#4987,.T.);
#7095=ORIENTED_EDGE('',*,*,#4988,.T.);
#7096=ORIENTED_EDGE('',*,*,#4989,.T.);
#7097=ORIENTED_EDGE('',*,*,#4793,.T.);
#7098=ORIENTED_EDGE('',*,*,#4945,.T.);
#7099=ORIENTED_EDGE('',*,*,#4967,.T.);
#7100=ORIENTED_EDGE('',*,*,#4964,.T.);
#7101=ORIENTED_EDGE('',*,*,#4961,.T.);
#7102=ORIENTED_EDGE('',*,*,#4958,.T.);
#7103=ORIENTED_EDGE('',*,*,#4955,.T.);
#7104=ORIENTED_EDGE('',*,*,#4952,.T.);
#7105=ORIENTED_EDGE('',*,*,#4949,.T.);
#7106=ORIENTED_EDGE('',*,*,#4990,.F.);
#7107=ORIENTED_EDGE('',*,*,#4991,.T.);
#7108=ORIENTED_EDGE('',*,*,#4992,.F.);
#7109=ORIENTED_EDGE('',*,*,#4993,.F.);
#7110=ORIENTED_EDGE('',*,*,#4994,.F.);
#7111=ORIENTED_EDGE('',*,*,#4995,.F.);
#7112=ORIENTED_EDGE('',*,*,#4991,.F.);
#7113=ORIENTED_EDGE('',*,*,#4996,.F.);
#7114=ORIENTED_EDGE('',*,*,#4997,.F.);
#7115=ORIENTED_EDGE('',*,*,#4998,.F.);
#7116=ORIENTED_EDGE('',*,*,#4990,.T.);
#7117=ORIENTED_EDGE('',*,*,#4999,.T.);
#7118=ORIENTED_EDGE('',*,*,#5000,.F.);
#7119=ORIENTED_EDGE('',*,*,#5001,.T.);
#7120=ORIENTED_EDGE('',*,*,#4996,.T.);
#7121=ORIENTED_EDGE('',*,*,#4995,.T.);
#7122=ORIENTED_EDGE('',*,*,#5002,.F.);
#7123=ORIENTED_EDGE('',*,*,#4999,.F.);
#7124=ORIENTED_EDGE('',*,*,#5003,.T.);
#7125=ORIENTED_EDGE('',*,*,#5004,.T.);
#7126=ORIENTED_EDGE('',*,*,#5005,.F.);
#7127=ORIENTED_EDGE('',*,*,#5006,.F.);
#7128=ORIENTED_EDGE('',*,*,#5007,.F.);
#7129=ORIENTED_EDGE('',*,*,#5008,.F.);
#7130=ORIENTED_EDGE('',*,*,#5007,.T.);
#7131=ORIENTED_EDGE('',*,*,#5009,.T.);
#7132=ORIENTED_EDGE('',*,*,#5010,.T.);
#7133=ORIENTED_EDGE('',*,*,#5006,.T.);
#7134=ORIENTED_EDGE('',*,*,#5011,.F.);
#7135=ORIENTED_EDGE('',*,*,#5009,.F.);
#7136=ORIENTED_EDGE('',*,*,#5005,.T.);
#7137=ORIENTED_EDGE('',*,*,#5012,.T.);
#7138=ORIENTED_EDGE('',*,*,#5013,.F.);
#7139=ORIENTED_EDGE('',*,*,#5014,.F.);
#7140=ORIENTED_EDGE('',*,*,#5011,.T.);
#7141=ORIENTED_EDGE('',*,*,#5015,.T.);
#7142=ORIENTED_EDGE('',*,*,#5016,.F.);
#7143=ORIENTED_EDGE('',*,*,#5017,.F.);
#7144=ORIENTED_EDGE('',*,*,#5018,.F.);
#7145=ORIENTED_EDGE('',*,*,#5019,.T.);
#7146=ORIENTED_EDGE('',*,*,#5020,.T.);
#7147=ORIENTED_EDGE('',*,*,#4997,.T.);
#7148=ORIENTED_EDGE('',*,*,#5001,.F.);
#7149=ORIENTED_EDGE('',*,*,#5015,.F.);
#7150=ORIENTED_EDGE('',*,*,#5013,.T.);
#7151=ORIENTED_EDGE('',*,*,#5020,.F.);
#7152=ORIENTED_EDGE('',*,*,#5021,.F.);
#7153=ORIENTED_EDGE('',*,*,#5003,.F.);
#7154=ORIENTED_EDGE('',*,*,#5022,.F.);
#7155=ORIENTED_EDGE('',*,*,#4992,.T.);
#7156=ORIENTED_EDGE('',*,*,#4998,.T.);
#7157=ORIENTED_EDGE('',*,*,#5004,.F.);
#7158=ORIENTED_EDGE('',*,*,#5021,.T.);
#7159=ORIENTED_EDGE('',*,*,#5019,.F.);
#7160=ORIENTED_EDGE('',*,*,#5012,.F.);
#7161=ORIENTED_EDGE('',*,*,#5023,.T.);
#7162=ORIENTED_EDGE('',*,*,#5024,.T.);
#7163=ORIENTED_EDGE('',*,*,#5025,.T.);
#7164=ORIENTED_EDGE('',*,*,#5026,.T.);
#7165=ORIENTED_EDGE('',*,*,#5024,.F.);
#7166=ORIENTED_EDGE('',*,*,#5027,.F.);
#7167=ORIENTED_EDGE('',*,*,#5028,.F.);
#7168=ORIENTED_EDGE('',*,*,#5029,.F.);
#7169=ORIENTED_EDGE('',*,*,#5030,.T.);
#7170=ORIENTED_EDGE('',*,*,#5031,.T.);
#7171=ORIENTED_EDGE('',*,*,#5032,.T.);
#7172=ORIENTED_EDGE('',*,*,#5033,.T.);
#7173=ORIENTED_EDGE('',*,*,#5031,.F.);
#7174=ORIENTED_EDGE('',*,*,#5034,.F.);
#7175=ORIENTED_EDGE('',*,*,#5035,.F.);
#7176=ORIENTED_EDGE('',*,*,#5036,.F.);
#7177=ORIENTED_EDGE('',*,*,#4780,.T.);
#7178=ORIENTED_EDGE('',*,*,#4796,.T.);
#7179=ORIENTED_EDGE('',*,*,#5037,.F.);
#7180=ORIENTED_EDGE('',*,*,#5038,.T.);
#7181=ORIENTED_EDGE('',*,*,#5039,.F.);
#7182=ORIENTED_EDGE('',*,*,#5008,.T.);
#7183=ORIENTED_EDGE('',*,*,#5010,.F.);
#7184=ORIENTED_EDGE('',*,*,#5014,.T.);
#7185=ORIENTED_EDGE('',*,*,#5018,.T.);
#7186=ORIENTED_EDGE('',*,*,#5040,.F.);
#7187=ORIENTED_EDGE('',*,*,#5034,.T.);
#7188=ORIENTED_EDGE('',*,*,#5030,.F.);
#7189=ORIENTED_EDGE('',*,*,#5041,.T.);
#7190=ORIENTED_EDGE('',*,*,#5025,.F.);
#7191=ORIENTED_EDGE('',*,*,#5029,.T.);
#7192=ORIENTED_EDGE('',*,*,#5042,.F.);
#7193=ORIENTED_EDGE('',*,*,#5043,.T.);
#7194=ORIENTED_EDGE('',*,*,#4987,.F.);
#7195=ORIENTED_EDGE('',*,*,#4781,.T.);
#7196=ORIENTED_EDGE('',*,*,#4772,.T.);
#7197=ORIENTED_EDGE('',*,*,#5044,.T.);
#7198=ORIENTED_EDGE('',*,*,#5045,.F.);
#7199=ORIENTED_EDGE('',*,*,#5046,.T.);
#7200=ORIENTED_EDGE('',*,*,#5047,.F.);
#7201=ORIENTED_EDGE('',*,*,#5048,.T.);
#7202=ORIENTED_EDGE('',*,*,#5049,.T.);
#7203=ORIENTED_EDGE('',*,*,#5050,.F.);
#7204=ORIENTED_EDGE('',*,*,#5051,.T.);
#7205=ORIENTED_EDGE('',*,*,#5052,.F.);
#7206=ORIENTED_EDGE('',*,*,#5053,.T.);
#7207=ORIENTED_EDGE('',*,*,#5054,.F.);
#7208=ORIENTED_EDGE('',*,*,#5055,.T.);
#7209=ORIENTED_EDGE('',*,*,#5056,.F.);
#7210=ORIENTED_EDGE('',*,*,#5057,.T.);
#7211=ORIENTED_EDGE('',*,*,#5058,.F.);
#7212=ORIENTED_EDGE('',*,*,#5059,.T.);
#7213=ORIENTED_EDGE('',*,*,#5060,.F.);
#7214=ORIENTED_EDGE('',*,*,#5061,.T.);
#7215=ORIENTED_EDGE('',*,*,#5062,.F.);
#7216=ORIENTED_EDGE('',*,*,#5063,.T.);
#7217=ORIENTED_EDGE('',*,*,#5064,.F.);
#7218=ORIENTED_EDGE('',*,*,#5065,.T.);
#7219=ORIENTED_EDGE('',*,*,#5066,.F.);
#7220=ORIENTED_EDGE('',*,*,#5067,.T.);
#7221=ORIENTED_EDGE('',*,*,#5068,.F.);
#7222=ORIENTED_EDGE('',*,*,#5069,.T.);
#7223=ORIENTED_EDGE('',*,*,#5070,.F.);
#7224=ORIENTED_EDGE('',*,*,#5071,.T.);
#7225=ORIENTED_EDGE('',*,*,#5072,.F.);
#7226=ORIENTED_EDGE('',*,*,#5073,.T.);
#7227=ORIENTED_EDGE('',*,*,#5074,.F.);
#7228=ORIENTED_EDGE('',*,*,#5075,.T.);
#7229=ORIENTED_EDGE('',*,*,#5076,.F.);
#7230=ORIENTED_EDGE('',*,*,#5077,.T.);
#7231=ORIENTED_EDGE('',*,*,#5078,.F.);
#7232=ORIENTED_EDGE('',*,*,#5079,.T.);
#7233=ORIENTED_EDGE('',*,*,#5080,.F.);
#7234=ORIENTED_EDGE('',*,*,#5081,.T.);
#7235=ORIENTED_EDGE('',*,*,#5082,.F.);
#7236=ORIENTED_EDGE('',*,*,#5083,.T.);
#7237=ORIENTED_EDGE('',*,*,#5084,.F.);
#7238=ORIENTED_EDGE('',*,*,#5085,.T.);
#7239=ORIENTED_EDGE('',*,*,#5086,.F.);
#7240=ORIENTED_EDGE('',*,*,#5087,.T.);
#7241=ORIENTED_EDGE('',*,*,#5088,.F.);
#7242=ORIENTED_EDGE('',*,*,#5089,.T.);
#7243=ORIENTED_EDGE('',*,*,#5090,.F.);
#7244=ORIENTED_EDGE('',*,*,#5091,.T.);
#7245=ORIENTED_EDGE('',*,*,#5092,.F.);
#7246=ORIENTED_EDGE('',*,*,#5093,.T.);
#7247=ORIENTED_EDGE('',*,*,#5094,.F.);
#7248=ORIENTED_EDGE('',*,*,#5095,.T.);
#7249=ORIENTED_EDGE('',*,*,#5096,.F.);
#7250=ORIENTED_EDGE('',*,*,#5097,.T.);
#7251=ORIENTED_EDGE('',*,*,#5098,.F.);
#7252=ORIENTED_EDGE('',*,*,#5099,.T.);
#7253=ORIENTED_EDGE('',*,*,#5100,.T.);
#7254=ORIENTED_EDGE('',*,*,#5101,.T.);
#7255=ORIENTED_EDGE('',*,*,#5102,.T.);
#7256=ORIENTED_EDGE('',*,*,#5103,.F.);
#7257=ORIENTED_EDGE('',*,*,#5104,.T.);
#7258=ORIENTED_EDGE('',*,*,#5105,.F.);
#7259=ORIENTED_EDGE('',*,*,#5106,.T.);
#7260=ORIENTED_EDGE('',*,*,#5107,.T.);
#7261=ORIENTED_EDGE('',*,*,#5035,.T.);
#7262=ORIENTED_EDGE('',*,*,#5040,.T.);
#7263=ORIENTED_EDGE('',*,*,#5017,.T.);
#7264=ORIENTED_EDGE('',*,*,#5032,.F.);
#7265=ORIENTED_EDGE('',*,*,#5036,.T.);
#7266=ORIENTED_EDGE('',*,*,#5107,.F.);
#7267=ORIENTED_EDGE('',*,*,#5016,.T.);
#7268=ORIENTED_EDGE('',*,*,#5000,.T.);
#7269=ORIENTED_EDGE('',*,*,#5108,.F.);
#7270=ORIENTED_EDGE('',*,*,#4993,.T.);
#7271=ORIENTED_EDGE('',*,*,#5109,.F.);
#7272=ORIENTED_EDGE('',*,*,#5110,.T.);
#7273=ORIENTED_EDGE('',*,*,#5111,.F.);
#7274=ORIENTED_EDGE('',*,*,#4794,.T.);
#7275=ORIENTED_EDGE('',*,*,#4989,.F.);
#7276=ORIENTED_EDGE('',*,*,#5112,.T.);
#7277=ORIENTED_EDGE('',*,*,#5113,.F.);
#7278=ORIENTED_EDGE('',*,*,#5027,.T.);
#7279=ORIENTED_EDGE('',*,*,#5023,.F.);
#7280=ORIENTED_EDGE('',*,*,#5114,.T.);
#7281=ORIENTED_EDGE('',*,*,#5115,.T.);
#7282=ORIENTED_EDGE('',*,*,#5116,.T.);
#7283=ORIENTED_EDGE('',*,*,#5117,.T.);
#7284=ORIENTED_EDGE('',*,*,#5118,.F.);
#7285=ORIENTED_EDGE('',*,*,#5119,.T.);
#7286=ORIENTED_EDGE('',*,*,#5120,.F.);
#7287=ORIENTED_EDGE('',*,*,#5121,.T.);
#7288=ORIENTED_EDGE('',*,*,#5122,.F.);
#7289=ORIENTED_EDGE('',*,*,#5123,.T.);
#7290=ORIENTED_EDGE('',*,*,#5124,.F.);
#7291=ORIENTED_EDGE('',*,*,#5125,.T.);
#7292=ORIENTED_EDGE('',*,*,#5126,.F.);
#7293=ORIENTED_EDGE('',*,*,#5127,.T.);
#7294=ORIENTED_EDGE('',*,*,#5128,.F.);
#7295=ORIENTED_EDGE('',*,*,#5129,.T.);
#7296=ORIENTED_EDGE('',*,*,#5130,.F.);
#7297=ORIENTED_EDGE('',*,*,#5131,.T.);
#7298=ORIENTED_EDGE('',*,*,#5132,.F.);
#7299=ORIENTED_EDGE('',*,*,#5133,.T.);
#7300=ORIENTED_EDGE('',*,*,#5134,.F.);
#7301=ORIENTED_EDGE('',*,*,#5135,.T.);
#7302=ORIENTED_EDGE('',*,*,#5136,.F.);
#7303=ORIENTED_EDGE('',*,*,#5137,.T.);
#7304=ORIENTED_EDGE('',*,*,#5138,.F.);
#7305=ORIENTED_EDGE('',*,*,#5139,.T.);
#7306=ORIENTED_EDGE('',*,*,#5140,.F.);
#7307=ORIENTED_EDGE('',*,*,#5141,.T.);
#7308=ORIENTED_EDGE('',*,*,#5142,.F.);
#7309=ORIENTED_EDGE('',*,*,#5143,.T.);
#7310=ORIENTED_EDGE('',*,*,#5144,.F.);
#7311=ORIENTED_EDGE('',*,*,#5145,.T.);
#7312=ORIENTED_EDGE('',*,*,#5146,.F.);
#7313=ORIENTED_EDGE('',*,*,#5147,.T.);
#7314=ORIENTED_EDGE('',*,*,#5148,.F.);
#7315=ORIENTED_EDGE('',*,*,#5149,.T.);
#7316=ORIENTED_EDGE('',*,*,#5150,.F.);
#7317=ORIENTED_EDGE('',*,*,#5151,.T.);
#7318=ORIENTED_EDGE('',*,*,#5152,.F.);
#7319=ORIENTED_EDGE('',*,*,#5153,.T.);
#7320=ORIENTED_EDGE('',*,*,#5154,.F.);
#7321=ORIENTED_EDGE('',*,*,#5155,.T.);
#7322=ORIENTED_EDGE('',*,*,#5156,.F.);
#7323=ORIENTED_EDGE('',*,*,#5157,.T.);
#7324=ORIENTED_EDGE('',*,*,#5158,.F.);
#7325=ORIENTED_EDGE('',*,*,#5159,.T.);
#7326=ORIENTED_EDGE('',*,*,#5160,.F.);
#7327=ORIENTED_EDGE('',*,*,#5161,.T.);
#7328=ORIENTED_EDGE('',*,*,#5162,.F.);
#7329=ORIENTED_EDGE('',*,*,#5163,.T.);
#7330=ORIENTED_EDGE('',*,*,#5164,.F.);
#7331=ORIENTED_EDGE('',*,*,#5165,.T.);
#7332=ORIENTED_EDGE('',*,*,#5166,.F.);
#7333=ORIENTED_EDGE('',*,*,#4994,.T.);
#7334=ORIENTED_EDGE('',*,*,#5108,.T.);
#7335=ORIENTED_EDGE('',*,*,#5002,.T.);
#7336=ORIENTED_EDGE('',*,*,#5167,.F.);
#7337=ORIENTED_EDGE('',*,*,#5168,.T.);
#7338=ORIENTED_EDGE('',*,*,#5169,.T.);
#7339=ORIENTED_EDGE('',*,*,#5170,.T.);
#7340=ORIENTED_EDGE('',*,*,#5171,.T.);
#7341=ORIENTED_EDGE('',*,*,#5172,.F.);
#7342=ORIENTED_EDGE('',*,*,#5173,.T.);
#7343=ORIENTED_EDGE('',*,*,#5174,.T.);
#7344=ORIENTED_EDGE('',*,*,#5175,.T.);
#7345=ORIENTED_EDGE('',*,*,#5176,.T.);
#7346=ORIENTED_EDGE('',*,*,#5177,.F.);
#7347=ORIENTED_EDGE('',*,*,#5178,.T.);
#7348=ORIENTED_EDGE('',*,*,#5179,.F.);
#7349=ORIENTED_EDGE('',*,*,#5180,.T.);
#7350=ORIENTED_EDGE('',*,*,#5181,.F.);
#7351=ORIENTED_EDGE('',*,*,#5182,.T.);
#7352=ORIENTED_EDGE('',*,*,#5183,.T.);
#7353=ORIENTED_EDGE('',*,*,#5184,.T.);
#7354=ORIENTED_EDGE('',*,*,#5185,.T.);
#7355=ORIENTED_EDGE('',*,*,#5186,.F.);
#7356=ORIENTED_EDGE('',*,*,#5183,.F.);
#7357=ORIENTED_EDGE('',*,*,#5187,.F.);
#7358=ORIENTED_EDGE('',*,*,#5101,.F.);
#7359=ORIENTED_EDGE('',*,*,#5188,.F.);
#7360=ORIENTED_EDGE('',*,*,#5189,.F.);
#7361=ORIENTED_EDGE('',*,*,#5190,.T.);
#7362=ORIENTED_EDGE('',*,*,#5191,.T.);
#7363=ORIENTED_EDGE('',*,*,#5192,.T.);
#7364=ORIENTED_EDGE('',*,*,#5191,.F.);
#7365=ORIENTED_EDGE('',*,*,#5193,.T.);
#7366=ORIENTED_EDGE('',*,*,#5047,.T.);
#7367=ORIENTED_EDGE('',*,*,#5194,.T.);
#7368=ORIENTED_EDGE('',*,*,#5193,.F.);
#7369=ORIENTED_EDGE('',*,*,#5195,.F.);
#7370=ORIENTED_EDGE('',*,*,#5196,.T.);
#7371=ORIENTED_EDGE('',*,*,#5048,.F.);
#7372=ORIENTED_EDGE('',*,*,#5190,.F.);
#7373=ORIENTED_EDGE('',*,*,#5197,.T.);
#7374=ORIENTED_EDGE('',*,*,#5167,.T.);
#7375=ORIENTED_EDGE('',*,*,#5186,.T.);
#7376=ORIENTED_EDGE('',*,*,#5195,.T.);
#7377=ORIENTED_EDGE('',*,*,#5198,.F.);
#7378=ORIENTED_EDGE('',*,*,#5199,.T.);
#7379=ORIENTED_EDGE('',*,*,#5200,.T.);
#7380=ORIENTED_EDGE('',*,*,#5201,.T.);
#7381=ORIENTED_EDGE('',*,*,#5200,.F.);
#7382=ORIENTED_EDGE('',*,*,#5202,.T.);
#7383=ORIENTED_EDGE('',*,*,#5045,.T.);
#7384=ORIENTED_EDGE('',*,*,#5203,.T.);
#7385=ORIENTED_EDGE('',*,*,#5194,.F.);
#7386=ORIENTED_EDGE('',*,*,#5046,.F.);
#7387=ORIENTED_EDGE('',*,*,#5202,.F.);
#7388=ORIENTED_EDGE('',*,*,#5204,.F.);
#7389=ORIENTED_EDGE('',*,*,#5192,.F.);
#7390=ORIENTED_EDGE('',*,*,#5204,.T.);
#7391=ORIENTED_EDGE('',*,*,#5199,.F.);
#7392=ORIENTED_EDGE('',*,*,#5205,.T.);
#7393=ORIENTED_EDGE('',*,*,#5172,.T.);
#7394=ORIENTED_EDGE('',*,*,#5206,.T.);
#7395=ORIENTED_EDGE('',*,*,#5207,.F.);
#7396=ORIENTED_EDGE('',*,*,#5208,.T.);
#7397=ORIENTED_EDGE('',*,*,#5209,.T.);
#7398=ORIENTED_EDGE('',*,*,#5210,.T.);
#7399=ORIENTED_EDGE('',*,*,#5209,.F.);
#7400=ORIENTED_EDGE('',*,*,#5211,.T.);
#7401=ORIENTED_EDGE('',*,*,#5105,.T.);
#7402=ORIENTED_EDGE('',*,*,#5212,.T.);
#7403=ORIENTED_EDGE('',*,*,#4778,.T.);
#7404=ORIENTED_EDGE('',*,*,#5106,.F.);
#7405=ORIENTED_EDGE('',*,*,#5211,.F.);
#7406=ORIENTED_EDGE('',*,*,#5213,.F.);
#7407=ORIENTED_EDGE('',*,*,#5203,.F.);
#7408=ORIENTED_EDGE('',*,*,#5044,.F.);
#7409=ORIENTED_EDGE('',*,*,#4771,.T.);
#7410=ORIENTED_EDGE('',*,*,#4775,.T.);
#7411=ORIENTED_EDGE('',*,*,#4733,.T.);
#7412=ORIENTED_EDGE('',*,*,#4741,.T.);
#7413=ORIENTED_EDGE('',*,*,#4745,.T.);
#7414=ORIENTED_EDGE('',*,*,#4751,.T.);
#7415=ORIENTED_EDGE('',*,*,#4739,.T.);
#7416=ORIENTED_EDGE('',*,*,#4737,.T.);
#7417=ORIENTED_EDGE('',*,*,#5201,.F.);
#7418=ORIENTED_EDGE('',*,*,#5213,.T.);
#7419=ORIENTED_EDGE('',*,*,#5208,.F.);
#7420=ORIENTED_EDGE('',*,*,#5214,.T.);
#7421=ORIENTED_EDGE('',*,*,#5177,.T.);
#7422=ORIENTED_EDGE('',*,*,#5215,.T.);
#7423=ORIENTED_EDGE('',*,*,#5207,.T.);
#7424=ORIENTED_EDGE('',*,*,#5216,.F.);
#7425=ORIENTED_EDGE('',*,*,#5217,.T.);
#7426=ORIENTED_EDGE('',*,*,#5218,.F.);
#7427=ORIENTED_EDGE('',*,*,#5219,.F.);
#7428=ORIENTED_EDGE('',*,*,#5220,.F.);
#7429=ORIENTED_EDGE('',*,*,#5178,.F.);
#7430=ORIENTED_EDGE('',*,*,#5214,.F.);
#7431=ORIENTED_EDGE('',*,*,#5210,.F.);
#7432=ORIENTED_EDGE('',*,*,#5221,.T.);
#7433=ORIENTED_EDGE('',*,*,#5222,.F.);
#7434=ORIENTED_EDGE('',*,*,#5223,.T.);
#7435=ORIENTED_EDGE('',*,*,#5224,.T.);
#7436=ORIENTED_EDGE('',*,*,#5225,.T.);
#7437=ORIENTED_EDGE('',*,*,#5226,.T.);
#7438=ORIENTED_EDGE('',*,*,#5179,.T.);
#7439=ORIENTED_EDGE('',*,*,#5220,.T.);
#7440=ORIENTED_EDGE('',*,*,#5227,.T.);
#7441=ORIENTED_EDGE('',*,*,#5228,.T.);
#7442=ORIENTED_EDGE('',*,*,#5216,.T.);
#7443=ORIENTED_EDGE('',*,*,#5229,.F.);
#7444=ORIENTED_EDGE('',*,*,#5222,.T.);
#7445=ORIENTED_EDGE('',*,*,#5230,.T.);
#7446=ORIENTED_EDGE('',*,*,#5231,.T.);
#7447=ORIENTED_EDGE('',*,*,#5230,.F.);
#7448=ORIENTED_EDGE('',*,*,#5232,.T.);
#7449=ORIENTED_EDGE('',*,*,#5103,.T.);
#7450=ORIENTED_EDGE('',*,*,#5233,.T.);
#7451=ORIENTED_EDGE('',*,*,#5212,.F.);
#7452=ORIENTED_EDGE('',*,*,#5104,.F.);
#7453=ORIENTED_EDGE('',*,*,#5232,.F.);
#7454=ORIENTED_EDGE('',*,*,#5221,.F.);
#7455=ORIENTED_EDGE('',*,*,#5229,.T.);
#7456=ORIENTED_EDGE('',*,*,#5234,.F.);
#7457=ORIENTED_EDGE('',*,*,#5180,.F.);
#7458=ORIENTED_EDGE('',*,*,#5226,.F.);
#7459=ORIENTED_EDGE('',*,*,#5235,.T.);
#7460=ORIENTED_EDGE('',*,*,#5236,.F.);
#7461=ORIENTED_EDGE('',*,*,#5237,.F.);
#7462=ORIENTED_EDGE('',*,*,#5223,.F.);
#7463=ORIENTED_EDGE('',*,*,#5231,.F.);
#7464=ORIENTED_EDGE('',*,*,#5238,.T.);
#7465=ORIENTED_EDGE('',*,*,#5182,.F.);
#7466=ORIENTED_EDGE('',*,*,#5181,.T.);
#7467=ORIENTED_EDGE('',*,*,#5234,.T.);
#7468=ORIENTED_EDGE('',*,*,#5042,.T.);
#7469=ORIENTED_EDGE('',*,*,#5028,.T.);
#7470=ORIENTED_EDGE('',*,*,#5113,.T.);
#7471=ORIENTED_EDGE('',*,*,#5239,.T.);
#7472=ORIENTED_EDGE('',*,*,#5239,.F.);
#7473=ORIENTED_EDGE('',*,*,#5112,.F.);
#7474=ORIENTED_EDGE('',*,*,#4988,.F.);
#7475=ORIENTED_EDGE('',*,*,#5043,.F.);
#7476=ORIENTED_EDGE('',*,*,#5037,.T.);
#7477=ORIENTED_EDGE('',*,*,#4795,.T.);
#7478=ORIENTED_EDGE('',*,*,#5111,.T.);
#7479=ORIENTED_EDGE('',*,*,#5240,.T.);
#7480=ORIENTED_EDGE('',*,*,#5240,.F.);
#7481=ORIENTED_EDGE('',*,*,#5110,.F.);
#7482=ORIENTED_EDGE('',*,*,#5241,.F.);
#7483=ORIENTED_EDGE('',*,*,#5038,.F.);
#7484=ORIENTED_EDGE('',*,*,#5039,.T.);
#7485=ORIENTED_EDGE('',*,*,#5241,.T.);
#7486=ORIENTED_EDGE('',*,*,#5109,.T.);
#7487=ORIENTED_EDGE('',*,*,#5022,.T.);
#7488=ORIENTED_EDGE('',*,*,#5242,.F.);
#7489=ORIENTED_EDGE('',*,*,#5166,.T.);
#7490=ORIENTED_EDGE('',*,*,#5243,.F.);
#7491=ORIENTED_EDGE('',*,*,#5050,.T.);
#7492=ORIENTED_EDGE('',*,*,#5243,.T.);
#7493=ORIENTED_EDGE('',*,*,#5165,.F.);
#7494=ORIENTED_EDGE('',*,*,#5244,.T.);
#7495=ORIENTED_EDGE('',*,*,#5051,.F.);
#7496=ORIENTED_EDGE('',*,*,#5245,.F.);
#7497=ORIENTED_EDGE('',*,*,#5052,.T.);
#7498=ORIENTED_EDGE('',*,*,#5244,.F.);
#7499=ORIENTED_EDGE('',*,*,#5164,.T.);
#7500=ORIENTED_EDGE('',*,*,#5245,.T.);
#7501=ORIENTED_EDGE('',*,*,#5163,.F.);
#7502=ORIENTED_EDGE('',*,*,#5246,.T.);
#7503=ORIENTED_EDGE('',*,*,#5053,.F.);
#7504=ORIENTED_EDGE('',*,*,#5247,.F.);
#7505=ORIENTED_EDGE('',*,*,#5054,.T.);
#7506=ORIENTED_EDGE('',*,*,#5246,.F.);
#7507=ORIENTED_EDGE('',*,*,#5162,.T.);
#7508=ORIENTED_EDGE('',*,*,#5247,.T.);
#7509=ORIENTED_EDGE('',*,*,#5161,.F.);
#7510=ORIENTED_EDGE('',*,*,#5248,.T.);
#7511=ORIENTED_EDGE('',*,*,#5055,.F.);
#7512=ORIENTED_EDGE('',*,*,#5249,.F.);
#7513=ORIENTED_EDGE('',*,*,#5056,.T.);
#7514=ORIENTED_EDGE('',*,*,#5248,.F.);
#7515=ORIENTED_EDGE('',*,*,#5160,.T.);
#7516=ORIENTED_EDGE('',*,*,#5249,.T.);
#7517=ORIENTED_EDGE('',*,*,#5159,.F.);
#7518=ORIENTED_EDGE('',*,*,#5250,.T.);
#7519=ORIENTED_EDGE('',*,*,#5057,.F.);
#7520=ORIENTED_EDGE('',*,*,#5251,.F.);
#7521=ORIENTED_EDGE('',*,*,#5058,.T.);
#7522=ORIENTED_EDGE('',*,*,#5250,.F.);
#7523=ORIENTED_EDGE('',*,*,#5158,.T.);
#7524=ORIENTED_EDGE('',*,*,#5251,.T.);
#7525=ORIENTED_EDGE('',*,*,#5157,.F.);
#7526=ORIENTED_EDGE('',*,*,#5252,.T.);
#7527=ORIENTED_EDGE('',*,*,#5059,.F.);
#7528=ORIENTED_EDGE('',*,*,#5253,.F.);
#7529=ORIENTED_EDGE('',*,*,#5060,.T.);
#7530=ORIENTED_EDGE('',*,*,#5252,.F.);
#7531=ORIENTED_EDGE('',*,*,#5156,.T.);
#7532=ORIENTED_EDGE('',*,*,#5253,.T.);
#7533=ORIENTED_EDGE('',*,*,#5155,.F.);
#7534=ORIENTED_EDGE('',*,*,#5254,.T.);
#7535=ORIENTED_EDGE('',*,*,#5061,.F.);
#7536=ORIENTED_EDGE('',*,*,#5255,.F.);
#7537=ORIENTED_EDGE('',*,*,#5062,.T.);
#7538=ORIENTED_EDGE('',*,*,#5254,.F.);
#7539=ORIENTED_EDGE('',*,*,#5154,.T.);
#7540=ORIENTED_EDGE('',*,*,#5255,.T.);
#7541=ORIENTED_EDGE('',*,*,#5153,.F.);
#7542=ORIENTED_EDGE('',*,*,#5256,.T.);
#7543=ORIENTED_EDGE('',*,*,#5063,.F.);
#7544=ORIENTED_EDGE('',*,*,#5257,.F.);
#7545=ORIENTED_EDGE('',*,*,#5064,.T.);
#7546=ORIENTED_EDGE('',*,*,#5256,.F.);
#7547=ORIENTED_EDGE('',*,*,#5152,.T.);
#7548=ORIENTED_EDGE('',*,*,#5257,.T.);
#7549=ORIENTED_EDGE('',*,*,#5151,.F.);
#7550=ORIENTED_EDGE('',*,*,#5258,.T.);
#7551=ORIENTED_EDGE('',*,*,#5065,.F.);
#7552=ORIENTED_EDGE('',*,*,#5259,.F.);
#7553=ORIENTED_EDGE('',*,*,#5066,.T.);
#7554=ORIENTED_EDGE('',*,*,#5258,.F.);
#7555=ORIENTED_EDGE('',*,*,#5150,.T.);
#7556=ORIENTED_EDGE('',*,*,#5259,.T.);
#7557=ORIENTED_EDGE('',*,*,#5149,.F.);
#7558=ORIENTED_EDGE('',*,*,#5260,.T.);
#7559=ORIENTED_EDGE('',*,*,#5067,.F.);
#7560=ORIENTED_EDGE('',*,*,#5261,.F.);
#7561=ORIENTED_EDGE('',*,*,#5068,.T.);
#7562=ORIENTED_EDGE('',*,*,#5260,.F.);
#7563=ORIENTED_EDGE('',*,*,#5148,.T.);
#7564=ORIENTED_EDGE('',*,*,#5261,.T.);
#7565=ORIENTED_EDGE('',*,*,#5147,.F.);
#7566=ORIENTED_EDGE('',*,*,#5262,.T.);
#7567=ORIENTED_EDGE('',*,*,#5069,.F.);
#7568=ORIENTED_EDGE('',*,*,#5263,.F.);
#7569=ORIENTED_EDGE('',*,*,#5070,.T.);
#7570=ORIENTED_EDGE('',*,*,#5262,.F.);
#7571=ORIENTED_EDGE('',*,*,#5146,.T.);
#7572=ORIENTED_EDGE('',*,*,#5263,.T.);
#7573=ORIENTED_EDGE('',*,*,#5145,.F.);
#7574=ORIENTED_EDGE('',*,*,#5264,.T.);
#7575=ORIENTED_EDGE('',*,*,#5071,.F.);
#7576=ORIENTED_EDGE('',*,*,#5265,.F.);
#7577=ORIENTED_EDGE('',*,*,#5072,.T.);
#7578=ORIENTED_EDGE('',*,*,#5264,.F.);
#7579=ORIENTED_EDGE('',*,*,#5144,.T.);
#7580=ORIENTED_EDGE('',*,*,#5265,.T.);
#7581=ORIENTED_EDGE('',*,*,#5143,.F.);
#7582=ORIENTED_EDGE('',*,*,#5266,.T.);
#7583=ORIENTED_EDGE('',*,*,#5073,.F.);
#7584=ORIENTED_EDGE('',*,*,#5267,.F.);
#7585=ORIENTED_EDGE('',*,*,#5074,.T.);
#7586=ORIENTED_EDGE('',*,*,#5266,.F.);
#7587=ORIENTED_EDGE('',*,*,#5142,.T.);
#7588=ORIENTED_EDGE('',*,*,#5267,.T.);
#7589=ORIENTED_EDGE('',*,*,#5141,.F.);
#7590=ORIENTED_EDGE('',*,*,#5268,.T.);
#7591=ORIENTED_EDGE('',*,*,#5075,.F.);
#7592=ORIENTED_EDGE('',*,*,#5269,.F.);
#7593=ORIENTED_EDGE('',*,*,#5076,.T.);
#7594=ORIENTED_EDGE('',*,*,#5268,.F.);
#7595=ORIENTED_EDGE('',*,*,#5140,.T.);
#7596=ORIENTED_EDGE('',*,*,#5269,.T.);
#7597=ORIENTED_EDGE('',*,*,#5139,.F.);
#7598=ORIENTED_EDGE('',*,*,#5270,.T.);
#7599=ORIENTED_EDGE('',*,*,#5077,.F.);
#7600=ORIENTED_EDGE('',*,*,#5271,.F.);
#7601=ORIENTED_EDGE('',*,*,#5078,.T.);
#7602=ORIENTED_EDGE('',*,*,#5270,.F.);
#7603=ORIENTED_EDGE('',*,*,#5138,.T.);
#7604=ORIENTED_EDGE('',*,*,#5271,.T.);
#7605=ORIENTED_EDGE('',*,*,#5137,.F.);
#7606=ORIENTED_EDGE('',*,*,#5272,.T.);
#7607=ORIENTED_EDGE('',*,*,#5079,.F.);
#7608=ORIENTED_EDGE('',*,*,#5273,.F.);
#7609=ORIENTED_EDGE('',*,*,#5080,.T.);
#7610=ORIENTED_EDGE('',*,*,#5272,.F.);
#7611=ORIENTED_EDGE('',*,*,#5136,.T.);
#7612=ORIENTED_EDGE('',*,*,#5273,.T.);
#7613=ORIENTED_EDGE('',*,*,#5135,.F.);
#7614=ORIENTED_EDGE('',*,*,#5274,.T.);
#7615=ORIENTED_EDGE('',*,*,#5081,.F.);
#7616=ORIENTED_EDGE('',*,*,#5275,.F.);
#7617=ORIENTED_EDGE('',*,*,#5082,.T.);
#7618=ORIENTED_EDGE('',*,*,#5274,.F.);
#7619=ORIENTED_EDGE('',*,*,#5134,.T.);
#7620=ORIENTED_EDGE('',*,*,#5275,.T.);
#7621=ORIENTED_EDGE('',*,*,#5133,.F.);
#7622=ORIENTED_EDGE('',*,*,#5276,.T.);
#7623=ORIENTED_EDGE('',*,*,#5083,.F.);
#7624=ORIENTED_EDGE('',*,*,#5277,.F.);
#7625=ORIENTED_EDGE('',*,*,#5084,.T.);
#7626=ORIENTED_EDGE('',*,*,#5276,.F.);
#7627=ORIENTED_EDGE('',*,*,#5132,.T.);
#7628=ORIENTED_EDGE('',*,*,#5277,.T.);
#7629=ORIENTED_EDGE('',*,*,#5131,.F.);
#7630=ORIENTED_EDGE('',*,*,#5278,.T.);
#7631=ORIENTED_EDGE('',*,*,#5085,.F.);
#7632=ORIENTED_EDGE('',*,*,#5279,.F.);
#7633=ORIENTED_EDGE('',*,*,#5086,.T.);
#7634=ORIENTED_EDGE('',*,*,#5278,.F.);
#7635=ORIENTED_EDGE('',*,*,#5130,.T.);
#7636=ORIENTED_EDGE('',*,*,#5279,.T.);
#7637=ORIENTED_EDGE('',*,*,#5129,.F.);
#7638=ORIENTED_EDGE('',*,*,#5280,.T.);
#7639=ORIENTED_EDGE('',*,*,#5087,.F.);
#7640=ORIENTED_EDGE('',*,*,#5281,.F.);
#7641=ORIENTED_EDGE('',*,*,#5088,.T.);
#7642=ORIENTED_EDGE('',*,*,#5280,.F.);
#7643=ORIENTED_EDGE('',*,*,#5128,.T.);
#7644=ORIENTED_EDGE('',*,*,#5281,.T.);
#7645=ORIENTED_EDGE('',*,*,#5127,.F.);
#7646=ORIENTED_EDGE('',*,*,#5282,.T.);
#7647=ORIENTED_EDGE('',*,*,#5089,.F.);
#7648=ORIENTED_EDGE('',*,*,#5283,.F.);
#7649=ORIENTED_EDGE('',*,*,#5090,.T.);
#7650=ORIENTED_EDGE('',*,*,#5282,.F.);
#7651=ORIENTED_EDGE('',*,*,#5126,.T.);
#7652=ORIENTED_EDGE('',*,*,#5283,.T.);
#7653=ORIENTED_EDGE('',*,*,#5125,.F.);
#7654=ORIENTED_EDGE('',*,*,#5284,.T.);
#7655=ORIENTED_EDGE('',*,*,#5091,.F.);
#7656=ORIENTED_EDGE('',*,*,#5285,.F.);
#7657=ORIENTED_EDGE('',*,*,#5092,.T.);
#7658=ORIENTED_EDGE('',*,*,#5284,.F.);
#7659=ORIENTED_EDGE('',*,*,#5124,.T.);
#7660=ORIENTED_EDGE('',*,*,#5285,.T.);
#7661=ORIENTED_EDGE('',*,*,#5123,.F.);
#7662=ORIENTED_EDGE('',*,*,#5286,.T.);
#7663=ORIENTED_EDGE('',*,*,#5093,.F.);
#7664=ORIENTED_EDGE('',*,*,#5287,.F.);
#7665=ORIENTED_EDGE('',*,*,#5094,.T.);
#7666=ORIENTED_EDGE('',*,*,#5286,.F.);
#7667=ORIENTED_EDGE('',*,*,#5122,.T.);
#7668=ORIENTED_EDGE('',*,*,#5287,.T.);
#7669=ORIENTED_EDGE('',*,*,#5121,.F.);
#7670=ORIENTED_EDGE('',*,*,#5288,.T.);
#7671=ORIENTED_EDGE('',*,*,#5095,.F.);
#7672=ORIENTED_EDGE('',*,*,#5289,.F.);
#7673=ORIENTED_EDGE('',*,*,#5096,.T.);
#7674=ORIENTED_EDGE('',*,*,#5288,.F.);
#7675=ORIENTED_EDGE('',*,*,#5120,.T.);
#7676=ORIENTED_EDGE('',*,*,#5289,.T.);
#7677=ORIENTED_EDGE('',*,*,#5119,.F.);
#7678=ORIENTED_EDGE('',*,*,#5290,.T.);
#7679=ORIENTED_EDGE('',*,*,#5097,.F.);
#7680=ORIENTED_EDGE('',*,*,#5290,.F.);
#7681=ORIENTED_EDGE('',*,*,#5118,.T.);
#7682=ORIENTED_EDGE('',*,*,#5291,.F.);
#7683=ORIENTED_EDGE('',*,*,#5098,.T.);
#7684=ORIENTED_EDGE('',*,*,#5184,.F.);
#7685=ORIENTED_EDGE('',*,*,#5188,.T.);
#7686=ORIENTED_EDGE('',*,*,#5100,.F.);
#7687=ORIENTED_EDGE('',*,*,#5292,.T.);
#7688=ORIENTED_EDGE('',*,*,#5116,.F.);
#7689=ORIENTED_EDGE('',*,*,#5293,.T.);
#7690=ORIENTED_EDGE('',*,*,#5169,.F.);
#7691=ORIENTED_EDGE('',*,*,#5294,.T.);
#7692=ORIENTED_EDGE('',*,*,#5295,.F.);
#7693=ORIENTED_EDGE('',*,*,#5296,.F.);
#7694=ORIENTED_EDGE('',*,*,#5170,.F.);
#7695=ORIENTED_EDGE('',*,*,#5296,.T.);
#7696=ORIENTED_EDGE('',*,*,#5297,.F.);
#7697=ORIENTED_EDGE('',*,*,#5298,.F.);
#7698=ORIENTED_EDGE('',*,*,#5189,.T.);
#7699=ORIENTED_EDGE('',*,*,#5206,.F.);
#7700=ORIENTED_EDGE('',*,*,#5171,.F.);
#7701=ORIENTED_EDGE('',*,*,#5298,.T.);
#7702=ORIENTED_EDGE('',*,*,#5299,.F.);
#7703=ORIENTED_EDGE('',*,*,#5294,.F.);
#7704=ORIENTED_EDGE('',*,*,#5168,.F.);
#7705=ORIENTED_EDGE('',*,*,#5197,.F.);
#7706=ORIENTED_EDGE('',*,*,#5299,.T.);
#7707=ORIENTED_EDGE('',*,*,#5297,.T.);
#7708=ORIENTED_EDGE('',*,*,#5295,.T.);
#7709=ORIENTED_EDGE('',*,*,#5300,.F.);
#7710=ORIENTED_EDGE('',*,*,#5224,.F.);
#7711=ORIENTED_EDGE('',*,*,#5237,.T.);
#7712=ORIENTED_EDGE('',*,*,#5301,.F.);
#7713=ORIENTED_EDGE('',*,*,#5302,.F.);
#7714=ORIENTED_EDGE('',*,*,#5225,.F.);
#7715=ORIENTED_EDGE('',*,*,#5302,.T.);
#7716=ORIENTED_EDGE('',*,*,#5303,.F.);
#7717=ORIENTED_EDGE('',*,*,#5235,.F.);
#7718=ORIENTED_EDGE('',*,*,#5236,.T.);
#7719=ORIENTED_EDGE('',*,*,#5303,.T.);
#7720=ORIENTED_EDGE('',*,*,#5301,.T.);
#7721=ORIENTED_EDGE('',*,*,#5304,.F.);
#7722=ORIENTED_EDGE('',*,*,#5198,.T.);
#7723=ORIENTED_EDGE('',*,*,#5215,.F.);
#7724=ORIENTED_EDGE('',*,*,#5176,.F.);
#7725=ORIENTED_EDGE('',*,*,#5305,.T.);
#7726=ORIENTED_EDGE('',*,*,#5306,.F.);
#7727=ORIENTED_EDGE('',*,*,#5307,.F.);
#7728=ORIENTED_EDGE('',*,*,#5173,.F.);
#7729=ORIENTED_EDGE('',*,*,#5205,.F.);
#7730=ORIENTED_EDGE('',*,*,#5174,.F.);
#7731=ORIENTED_EDGE('',*,*,#5307,.T.);
#7732=ORIENTED_EDGE('',*,*,#5308,.F.);
#7733=ORIENTED_EDGE('',*,*,#5309,.F.);
#7734=ORIENTED_EDGE('',*,*,#5175,.F.);
#7735=ORIENTED_EDGE('',*,*,#5309,.T.);
#7736=ORIENTED_EDGE('',*,*,#5310,.F.);
#7737=ORIENTED_EDGE('',*,*,#5305,.F.);
#7738=ORIENTED_EDGE('',*,*,#5306,.T.);
#7739=ORIENTED_EDGE('',*,*,#5310,.T.);
#7740=ORIENTED_EDGE('',*,*,#5308,.T.);
#7741=ORIENTED_EDGE('',*,*,#5311,.F.);
#7742=ORIENTED_EDGE('',*,*,#5228,.F.);
#7743=ORIENTED_EDGE('',*,*,#5312,.T.);
#7744=ORIENTED_EDGE('',*,*,#5313,.F.);
#7745=ORIENTED_EDGE('',*,*,#5217,.F.);
#7746=ORIENTED_EDGE('',*,*,#5227,.F.);
#7747=ORIENTED_EDGE('',*,*,#5219,.T.);
#7748=ORIENTED_EDGE('',*,*,#5314,.F.);
#7749=ORIENTED_EDGE('',*,*,#5312,.F.);
#7750=ORIENTED_EDGE('',*,*,#5218,.T.);
#7751=ORIENTED_EDGE('',*,*,#5313,.T.);
#7752=ORIENTED_EDGE('',*,*,#5314,.T.);
#7753=ORIENTED_EDGE('',*,*,#5315,.F.);
#7754=ORIENTED_EDGE('',*,*,#5233,.F.);
#7755=ORIENTED_EDGE('',*,*,#5102,.F.);
#7756=ORIENTED_EDGE('',*,*,#5187,.T.);
#7757=ORIENTED_EDGE('',*,*,#5238,.F.);
#7758=ORIENTED_EDGE('',*,*,#4752,.T.);
#7759=ORIENTED_EDGE('',*,*,#4761,.T.);
#7760=ORIENTED_EDGE('',*,*,#4762,.T.);
#7761=ORIENTED_EDGE('',*,*,#4770,.T.);
#7762=ORIENTED_EDGE('',*,*,#4766,.T.);
#7763=ORIENTED_EDGE('',*,*,#4763,.T.);
#7764=ORIENTED_EDGE('',*,*,#5316,.F.);
#7765=ORIENTED_EDGE('',*,*,#5317,.T.);
#7766=ORIENTED_EDGE('',*,*,#5304,.T.);
#7767=ORIENTED_EDGE('',*,*,#5317,.F.);
#7768=ORIENTED_EDGE('',*,*,#5318,.F.);
#7769=ORIENTED_EDGE('',*,*,#5319,.T.);
#7770=ORIENTED_EDGE('',*,*,#5300,.T.);
#7771=ORIENTED_EDGE('',*,*,#5319,.F.);
#7772=ORIENTED_EDGE('',*,*,#5318,.T.);
#7773=ORIENTED_EDGE('',*,*,#5320,.F.);
#7774=ORIENTED_EDGE('',*,*,#5321,.T.);
#7775=ORIENTED_EDGE('',*,*,#5311,.T.);
#7776=ORIENTED_EDGE('',*,*,#5321,.F.);
#7777=ORIENTED_EDGE('',*,*,#5320,.T.);
#7778=ORIENTED_EDGE('',*,*,#5316,.T.);
#7779=ORIENTED_EDGE('',*,*,#5322,.F.);
#7780=ORIENTED_EDGE('',*,*,#5323,.T.);
#7781=ORIENTED_EDGE('',*,*,#5315,.T.);
#7782=ORIENTED_EDGE('',*,*,#5323,.F.);
#7783=ORIENTED_EDGE('',*,*,#5322,.T.);
#7784=ORIENTED_EDGE('',*,*,#5293,.F.);
#7785=ORIENTED_EDGE('',*,*,#5115,.F.);
#7786=ORIENTED_EDGE('',*,*,#5242,.T.);
#7787=ORIENTED_EDGE('',*,*,#5049,.F.);
#7788=ORIENTED_EDGE('',*,*,#5196,.F.);
#7789=ORIENTED_EDGE('',*,*,#5185,.F.);
#7790=ORIENTED_EDGE('',*,*,#5291,.T.);
#7791=ORIENTED_EDGE('',*,*,#5117,.F.);
#7792=ORIENTED_EDGE('',*,*,#5292,.F.);
#7793=ORIENTED_EDGE('',*,*,#5099,.F.);
#7794=ORIENTED_EDGE('',*,*,#5026,.F.);
#7795=ORIENTED_EDGE('',*,*,#5041,.F.);
#7796=ORIENTED_EDGE('',*,*,#5033,.F.);
#7797=ORIENTED_EDGE('',*,*,#5114,.F.);
#7798=ORIENTED_EDGE('',*,*,#4877,.T.);
#7799=ORIENTED_EDGE('',*,*,#4899,.T.);
#7800=ORIENTED_EDGE('',*,*,#4896,.T.);
#7801=ORIENTED_EDGE('',*,*,#4893,.T.);
#7802=ORIENTED_EDGE('',*,*,#4890,.T.);
#7803=ORIENTED_EDGE('',*,*,#4887,.T.);
#7804=ORIENTED_EDGE('',*,*,#4884,.T.);
#7805=ORIENTED_EDGE('',*,*,#4881,.T.);
#7806=CYLINDRICAL_SURFACE('',#8436,0.8);
#7807=CYLINDRICAL_SURFACE('',#8440,0.8);
#7808=CYLINDRICAL_SURFACE('',#8446,0.789999999999997);
#7809=CYLINDRICAL_SURFACE('',#8450,0.8);
#7810=CYLINDRICAL_SURFACE('',#8454,0.8);
#7811=CYLINDRICAL_SURFACE('',#8460,0.789999999999997);
#7812=CYLINDRICAL_SURFACE('',#8464,0.249999999999986);
#7813=CYLINDRICAL_SURFACE('',#8565,0.249999999999986);
#7814=CYLINDRICAL_SURFACE('',#8569,0.249999999999986);
#7815=CYLINDRICAL_SURFACE('',#8572,0.249999999999986);
#7816=CYLINDRICAL_SURFACE('',#8576,0.249999999999986);
#7817=CYLINDRICAL_SURFACE('',#8578,0.249999999999986);
#7818=CYLINDRICAL_SURFACE('',#8581,0.249999999999986);
#7819=CYLINDRICAL_SURFACE('',#8584,0.249999999999986);
#7820=CYLINDRICAL_SURFACE('',#8586,0.249999999999986);
#7821=CYLINDRICAL_SURFACE('',#8588,0.249999999999986);
#7822=CYLINDRICAL_SURFACE('',#8590,12.5);
#7823=CYLINDRICAL_SURFACE('',#8592,0.249999999999986);
#7824=CYLINDRICAL_SURFACE('',#8608,0.249999999999986);
#7825=CYLINDRICAL_SURFACE('',#8610,0.249999999999986);
#7826=CYLINDRICAL_SURFACE('',#8612,0.249999999999986);
#7827=CYLINDRICAL_SURFACE('',#8614,0.249999999999986);
#7828=CYLINDRICAL_SURFACE('',#8616,0.249999999999986);
#7829=CYLINDRICAL_SURFACE('',#8618,0.249999999999986);
#7830=CYLINDRICAL_SURFACE('',#8620,0.249999999999986);
#7831=CYLINDRICAL_SURFACE('',#8622,0.249999999999986);
#7832=CYLINDRICAL_SURFACE('',#8624,0.249999999999986);
#7833=CYLINDRICAL_SURFACE('',#8626,0.249999999999986);
#7834=CYLINDRICAL_SURFACE('',#8629,0.249999999999986);
#7835=CYLINDRICAL_SURFACE('',#8633,0.249999999999986);
#7836=CYLINDRICAL_SURFACE('',#8659,0.249999999999986);
#7837=CYLINDRICAL_SURFACE('',#8661,0.249999999999986);
#7838=CYLINDRICAL_SURFACE('',#8663,0.249999999999986);
#7839=CYLINDRICAL_SURFACE('',#8665,0.249999999999986);
#7840=CYLINDRICAL_SURFACE('',#8667,0.249999999999986);
#7841=CYLINDRICAL_SURFACE('',#8668,0.249999999999986);
#7842=CYLINDRICAL_SURFACE('',#8669,0.249999999999986);
#7843=CYLINDRICAL_SURFACE('',#8670,12.5);
#7844=CYLINDRICAL_SURFACE('',#8671,0.249999999999986);
#7845=CYLINDRICAL_SURFACE('',#8673,0.249999999999986);
#7846=CYLINDRICAL_SURFACE('',#8675,0.249999999999986);
#7847=CYLINDRICAL_SURFACE('',#8677,0.249999999999986);
#7848=CYLINDRICAL_SURFACE('',#8679,0.249999999999986);
#7849=CYLINDRICAL_SURFACE('',#8681,0.249999999999986);
#7850=CYLINDRICAL_SURFACE('',#8683,0.249999999999986);
#7851=CYLINDRICAL_SURFACE('',#8685,0.249999999999986);
#7852=CYLINDRICAL_SURFACE('',#8687,0.249999999999986);
#7853=CYLINDRICAL_SURFACE('',#8689,0.249999999999986);
#7854=CYLINDRICAL_SURFACE('',#8690,0.249999999999986);
#7855=CYLINDRICAL_SURFACE('',#8693,0.249999999999986);
#7856=CYLINDRICAL_SURFACE('',#8697,0.249999999999986);
#7857=CYLINDRICAL_SURFACE('',#8723,0.249999999999986);
#7858=CYLINDRICAL_SURFACE('',#8725,0.249999999999986);
#7859=CYLINDRICAL_SURFACE('',#8727,0.249999999999986);
#7860=CYLINDRICAL_SURFACE('',#8729,0.249999999999986);
#7861=CYLINDRICAL_SURFACE('',#8731,0.249999999999986);
#7862=CYLINDRICAL_SURFACE('',#8732,0.249999999999986);
#7863=CYLINDRICAL_SURFACE('',#8733,0.249999999999986);
#7864=CYLINDRICAL_SURFACE('',#8734,12.5);
#7865=CYLINDRICAL_SURFACE('',#8735,0.249999999999986);
#7866=CYLINDRICAL_SURFACE('',#8737,0.249999999999986);
#7867=CYLINDRICAL_SURFACE('',#8739,0.249999999999986);
#7868=CYLINDRICAL_SURFACE('',#8741,0.249999999999986);
#7869=CYLINDRICAL_SURFACE('',#8743,0.249999999999986);
#7870=CYLINDRICAL_SURFACE('',#8745,0.249999999999986);
#7871=CYLINDRICAL_SURFACE('',#8747,0.249999999999986);
#7872=CYLINDRICAL_SURFACE('',#8749,0.249999999999986);
#7873=CYLINDRICAL_SURFACE('',#8751,0.249999999999986);
#7874=CYLINDRICAL_SURFACE('',#8753,0.249999999999986);
#7875=CYLINDRICAL_SURFACE('',#8754,0.249999999999986);
#7876=CYLINDRICAL_SURFACE('',#8758,0.249999999999986);
#7877=CYLINDRICAL_SURFACE('',#8762,0.249999999999986);
#7878=CYLINDRICAL_SURFACE('',#8765,0.249999999999986);
#7879=CYLINDRICAL_SURFACE('',#8769,0.249999999999986);
#7880=CYLINDRICAL_SURFACE('',#8771,0.249999999999986);
#7881=CYLINDRICAL_SURFACE('',#8774,0.249999999999986);
#7882=CYLINDRICAL_SURFACE('',#8777,0.249999999999986);
#7883=CYLINDRICAL_SURFACE('',#8779,0.249999999999986);
#7884=CYLINDRICAL_SURFACE('',#8781,0.249999999999986);
#7885=CYLINDRICAL_SURFACE('',#8783,12.5);
#7886=CYLINDRICAL_SURFACE('',#8785,0.249999999999986);
#7887=CYLINDRICAL_SURFACE('',#8801,0.249999999999986);
#7888=CYLINDRICAL_SURFACE('',#8803,0.249999999999986);
#7889=CYLINDRICAL_SURFACE('',#8805,0.249999999999986);
#7890=CYLINDRICAL_SURFACE('',#8807,0.249999999999986);
#7891=CYLINDRICAL_SURFACE('',#8809,0.249999999999986);
#7892=CYLINDRICAL_SURFACE('',#8811,0.249999999999986);
#7893=CYLINDRICAL_SURFACE('',#8813,0.249999999999986);
#7894=CYLINDRICAL_SURFACE('',#8815,0.249999999999986);
#7895=CYLINDRICAL_SURFACE('',#8817,0.249999999999986);
#7896=CYLINDRICAL_SURFACE('',#8821,3.);
#7897=CYLINDRICAL_SURFACE('',#8822,3.);
#7898=CYLINDRICAL_SURFACE('',#8825,3.);
#7899=CYLINDRICAL_SURFACE('',#8826,3.);
#7900=CYLINDRICAL_SURFACE('',#8829,3.);
#7901=CYLINDRICAL_SURFACE('',#8830,3.);
#7902=CYLINDRICAL_SURFACE('',#8833,3.);
#7903=CYLINDRICAL_SURFACE('',#8834,3.);
#7904=CYLINDRICAL_SURFACE('',#8835,12.5);
#7905=CYLINDRICAL_SURFACE('',#8837,1.45000000000003);
#7906=CYLINDRICAL_SURFACE('',#8840,1.45000000000005);
#7907=CYLINDRICAL_SURFACE('',#8841,12.5);
#7908=CYLINDRICAL_SURFACE('',#8843,1.45000000000003);
#7909=CYLINDRICAL_SURFACE('',#8844,12.5);
#7910=CYLINDRICAL_SURFACE('',#8845,12.5);
#7911=CYLINDRICAL_SURFACE('',#8847,1.45);
#7912=CYLINDRICAL_SURFACE('',#8861,3.00000000000008);
#7913=CYLINDRICAL_SURFACE('',#8864,3.);
#7914=CYLINDRICAL_SURFACE('',#8867,3.00000000000008);
#7915=CYLINDRICAL_SURFACE('',#8870,3.00000000000002);
#7916=CYLINDRICAL_SURFACE('',#8883,0.800000000000001);
#7917=CYLINDRICAL_SURFACE('',#8888,0.800000000000001);
#7918=CYLINDRICAL_SURFACE('',#8937,3.);
#7919=CYLINDRICAL_SURFACE('',#8941,3.99999999999999);
#7920=CYLINDRICAL_SURFACE('',#8947,3.99999999999999);
#7921=CYLINDRICAL_SURFACE('',#8949,3.99999999999999);
#7922=CYLINDRICAL_SURFACE('',#8950,3.99999999999999);
#7923=CYLINDRICAL_SURFACE('',#8954,2.);
#7924=CYLINDRICAL_SURFACE('',#8956,3.99999999999999);
#7925=CYLINDRICAL_SURFACE('',#8958,3.99999999999999);
#7926=CYLINDRICAL_SURFACE('',#8960,11.5);
#7927=CYLINDRICAL_SURFACE('',#8964,2.);
#7928=CYLINDRICAL_SURFACE('',#8968,2.);
#7929=CYLINDRICAL_SURFACE('',#9006,2.);
#7930=CYLINDRICAL_SURFACE('',#9038,2.);
#7931=CYLINDRICAL_SURFACE('',#9046,2.);
#7932=CYLINDRICAL_SURFACE('',#9055,2.);
#7933=CYLINDRICAL_SURFACE('',#9057,2.);
#7934=CYLINDRICAL_SURFACE('',#9062,2.);
#7935=CYLINDRICAL_SURFACE('',#9064,2.);
#7936=CYLINDRICAL_SURFACE('',#9069,2.);
#7937=CYLINDRICAL_SURFACE('',#9071,2.);
#7938=CYLINDRICAL_SURFACE('',#9072,2.99804646372596);
#7939=CYLINDRICAL_SURFACE('',#9074,2.);
#7940=CYLINDRICAL_SURFACE('',#9081,2.);
#7941=CYLINDRICAL_SURFACE('',#9083,2.99804646372596);
#7942=CYLINDRICAL_SURFACE('',#9085,2.);
#7943=CYLINDRICAL_SURFACE('',#9086,3.);
#7944=CYLINDRICAL_SURFACE('',#9088,3.);
#7945=CYLINDRICAL_SURFACE('',#9090,3.);
#7946=CYLINDRICAL_SURFACE('',#9091,0.399999999999991);
#7947=CYLINDRICAL_SURFACE('',#9093,0.399999999999991);
#7948=CYLINDRICAL_SURFACE('',#9095,0.399999999999991);
#7949=CYLINDRICAL_SURFACE('',#9097,0.399999999999991);
#7950=CYLINDRICAL_SURFACE('',#9099,0.399999999999991);
#7951=CYLINDRICAL_SURFACE('',#9101,0.399999999999991);
#7952=CYLINDRICAL_SURFACE('',#9103,0.399999999999991);
#7953=CYLINDRICAL_SURFACE('',#9105,0.399999999999991);
#7954=CYLINDRICAL_SURFACE('',#9107,0.399999999999991);
#7955=CYLINDRICAL_SURFACE('',#9109,0.399999999999991);
#7956=CYLINDRICAL_SURFACE('',#9111,0.399999999999991);
#7957=CYLINDRICAL_SURFACE('',#9113,0.399999999999991);
#7958=CYLINDRICAL_SURFACE('',#9115,0.399999999999991);
#7959=CYLINDRICAL_SURFACE('',#9117,0.399999999999991);
#7960=CYLINDRICAL_SURFACE('',#9119,0.399999999999991);
#7961=CYLINDRICAL_SURFACE('',#9121,0.399999999999991);
#7962=CYLINDRICAL_SURFACE('',#9123,0.399999999999991);
#7963=CYLINDRICAL_SURFACE('',#9125,0.399999999999991);
#7964=CYLINDRICAL_SURFACE('',#9127,0.399999999999991);
#7965=CYLINDRICAL_SURFACE('',#9129,0.399999999999991);
#7966=CYLINDRICAL_SURFACE('',#9131,0.399999999999991);
#7967=CYLINDRICAL_SURFACE('',#9133,0.399999999999991);
#7968=CYLINDRICAL_SURFACE('',#9135,0.399999999999991);
#7969=CYLINDRICAL_SURFACE('',#9137,0.399999999999991);
#7970=CYLINDRICAL_SURFACE('',#9139,0.399999999999991);
#7971=CYLINDRICAL_SURFACE('',#9143,2.99804646372596);
#7972=CYLINDRICAL_SURFACE('',#9151,2.99804646372596);
#7973=CYLINDRICAL_SURFACE('',#9162,1.89999999999998);
#7974=CYLINDRICAL_SURFACE('',#9164,1.89999999999998);
#7975=CYLINDRICAL_SURFACE('',#9167,1.89999999999998);
#7976=CYLINDRICAL_SURFACE('',#9171,1.89999999999998);
#7977=ADVANCED_FACE('',(#434),#7806,.F.);
#7978=ADVANCED_FACE('',(#435),#206,.F.);
#7979=ADVANCED_FACE('',(#436),#7807,.F.);
#7980=ADVANCED_FACE('',(#437),#207,.F.);
#7981=ADVANCED_FACE('',(#438),#208,.T.);
#7982=ADVANCED_FACE('',(#439),#7808,.T.);
#7983=ADVANCED_FACE('',(#440),#209,.F.);
#7984=ADVANCED_FACE('',(#441),#210,.F.);
#7985=ADVANCED_FACE('',(#442),#7809,.F.);
#7986=ADVANCED_FACE('',(#443),#211,.T.);
#7987=ADVANCED_FACE('',(#444),#7810,.F.);
#7988=ADVANCED_FACE('',(#445),#212,.T.);
#7989=ADVANCED_FACE('',(#446),#213,.F.);
#7990=ADVANCED_FACE('',(#447),#7811,.T.);
#7991=ADVANCED_FACE('',(#448),#214,.T.);
#7992=ADVANCED_FACE('',(#449),#215,.T.);
#7993=ADVANCED_FACE('',(#450),#7812,.T.);
#7994=ADVANCED_FACE('',(#451),#216,.T.);
#7995=ADVANCED_FACE('',(#452),#217,.T.);
#7996=ADVANCED_FACE('',(#453,#185,#186,#187,#188,#189,#190,#191),#218,.F.);
#7997=ADVANCED_FACE('',(#454),#7813,.T.);
#7998=ADVANCED_FACE('',(#455),#219,.T.);
#7999=ADVANCED_FACE('',(#456),#220,.T.);
#8000=ADVANCED_FACE('',(#457),#7814,.T.);
#8001=ADVANCED_FACE('',(#458),#221,.T.);
#8002=ADVANCED_FACE('',(#459),#7815,.T.);
#8003=ADVANCED_FACE('',(#460),#222,.T.);
#8004=ADVANCED_FACE('',(#461),#223,.T.);
#8005=ADVANCED_FACE('',(#462),#7816,.T.);
#8006=ADVANCED_FACE('',(#463),#7817,.T.);
#8007=ADVANCED_FACE('',(#464),#224,.T.);
#8008=ADVANCED_FACE('',(#465),#7818,.T.);
#8009=ADVANCED_FACE('',(#466),#225,.T.);
#8010=ADVANCED_FACE('',(#467),#7819,.T.);
#8011=ADVANCED_FACE('',(#468),#7820,.T.);
#8012=ADVANCED_FACE('',(#469),#7821,.T.);
#8013=ADVANCED_FACE('',(#470),#7822,.T.);
#8014=ADVANCED_FACE('',(#471),#7823,.T.);
#8015=ADVANCED_FACE('',(#472),#226,.T.);
#8016=ADVANCED_FACE('',(#473),#227,.T.);
#8017=ADVANCED_FACE('',(#474),#7824,.T.);
#8018=ADVANCED_FACE('',(#475),#228,.T.);
#8019=ADVANCED_FACE('',(#476),#7825,.T.);
#8020=ADVANCED_FACE('',(#477),#229,.T.);
#8021=ADVANCED_FACE('',(#478),#7826,.T.);
#8022=ADVANCED_FACE('',(#479),#230,.T.);
#8023=ADVANCED_FACE('',(#480),#7827,.T.);
#8024=ADVANCED_FACE('',(#481),#231,.T.);
#8025=ADVANCED_FACE('',(#482),#7828,.T.);
#8026=ADVANCED_FACE('',(#483),#232,.T.);
#8027=ADVANCED_FACE('',(#484),#7829,.T.);
#8028=ADVANCED_FACE('',(#485),#233,.T.);
#8029=ADVANCED_FACE('',(#486),#7830,.T.);
#8030=ADVANCED_FACE('',(#487),#234,.T.);
#8031=ADVANCED_FACE('',(#488),#7831,.T.);
#8032=ADVANCED_FACE('',(#489),#235,.T.);
#8033=ADVANCED_FACE('',(#490),#7832,.T.);
#8034=ADVANCED_FACE('',(#491),#236,.T.);
#8035=ADVANCED_FACE('',(#492),#7833,.T.);
#8036=ADVANCED_FACE('',(#493),#237,.T.);
#8037=ADVANCED_FACE('',(#494),#7834,.T.);
#8038=ADVANCED_FACE('',(#495),#238,.T.);
#8039=ADVANCED_FACE('',(#496),#239,.T.);
#8040=ADVANCED_FACE('',(#497),#7835,.T.);
#8041=ADVANCED_FACE('',(#498),#240,.T.);
#8042=ADVANCED_FACE('',(#499),#241,.T.);
#8043=ADVANCED_FACE('',(#500),#242,.T.);
#8044=ADVANCED_FACE('',(#501),#7836,.T.);
#8045=ADVANCED_FACE('',(#502),#243,.T.);
#8046=ADVANCED_FACE('',(#503),#7837,.T.);
#8047=ADVANCED_FACE('',(#504),#244,.T.);
#8048=ADVANCED_FACE('',(#505),#7838,.T.);
#8049=ADVANCED_FACE('',(#506),#245,.T.);
#8050=ADVANCED_FACE('',(#507),#7839,.T.);
#8051=ADVANCED_FACE('',(#508),#246,.T.);
#8052=ADVANCED_FACE('',(#509),#7840,.T.);
#8053=ADVANCED_FACE('',(#510),#7841,.T.);
#8054=ADVANCED_FACE('',(#511),#7842,.T.);
#8055=ADVANCED_FACE('',(#512),#7843,.T.);
#8056=ADVANCED_FACE('',(#513),#7844,.T.);
#8057=ADVANCED_FACE('',(#514),#247,.T.);
#8058=ADVANCED_FACE('',(#515),#7845,.T.);
#8059=ADVANCED_FACE('',(#516),#248,.T.);
#8060=ADVANCED_FACE('',(#517),#7846,.T.);
#8061=ADVANCED_FACE('',(#518),#249,.T.);
#8062=ADVANCED_FACE('',(#519),#7847,.T.);
#8063=ADVANCED_FACE('',(#520),#250,.T.);
#8064=ADVANCED_FACE('',(#521),#7848,.T.);
#8065=ADVANCED_FACE('',(#522),#251,.T.);
#8066=ADVANCED_FACE('',(#523),#7849,.T.);
#8067=ADVANCED_FACE('',(#524),#252,.T.);
#8068=ADVANCED_FACE('',(#525),#7850,.T.);
#8069=ADVANCED_FACE('',(#526),#253,.T.);
#8070=ADVANCED_FACE('',(#527),#7851,.T.);
#8071=ADVANCED_FACE('',(#528),#254,.T.);
#8072=ADVANCED_FACE('',(#529),#7852,.T.);
#8073=ADVANCED_FACE('',(#530),#255,.T.);
#8074=ADVANCED_FACE('',(#531),#7853,.T.);
#8075=ADVANCED_FACE('',(#532),#7854,.T.);
#8076=ADVANCED_FACE('',(#533),#256,.T.);
#8077=ADVANCED_FACE('',(#534),#7855,.T.);
#8078=ADVANCED_FACE('',(#535),#257,.T.);
#8079=ADVANCED_FACE('',(#536),#258,.T.);
#8080=ADVANCED_FACE('',(#537),#7856,.T.);
#8081=ADVANCED_FACE('',(#538),#259,.T.);
#8082=ADVANCED_FACE('',(#539),#260,.T.);
#8083=ADVANCED_FACE('',(#540),#261,.T.);
#8084=ADVANCED_FACE('',(#541),#7857,.T.);
#8085=ADVANCED_FACE('',(#542),#262,.T.);
#8086=ADVANCED_FACE('',(#543),#7858,.T.);
#8087=ADVANCED_FACE('',(#544),#263,.T.);
#8088=ADVANCED_FACE('',(#545),#7859,.T.);
#8089=ADVANCED_FACE('',(#546),#264,.T.);
#8090=ADVANCED_FACE('',(#547),#7860,.T.);
#8091=ADVANCED_FACE('',(#548),#265,.T.);
#8092=ADVANCED_FACE('',(#549),#7861,.T.);
#8093=ADVANCED_FACE('',(#550),#7862,.T.);
#8094=ADVANCED_FACE('',(#551),#7863,.T.);
#8095=ADVANCED_FACE('',(#552),#7864,.T.);
#8096=ADVANCED_FACE('',(#553),#7865,.T.);
#8097=ADVANCED_FACE('',(#554),#266,.T.);
#8098=ADVANCED_FACE('',(#555),#7866,.T.);
#8099=ADVANCED_FACE('',(#556),#267,.T.);
#8100=ADVANCED_FACE('',(#557),#7867,.T.);
#8101=ADVANCED_FACE('',(#558),#268,.T.);
#8102=ADVANCED_FACE('',(#559),#7868,.T.);
#8103=ADVANCED_FACE('',(#560),#269,.T.);
#8104=ADVANCED_FACE('',(#561),#7869,.T.);
#8105=ADVANCED_FACE('',(#562),#270,.T.);
#8106=ADVANCED_FACE('',(#563),#7870,.T.);
#8107=ADVANCED_FACE('',(#564),#271,.T.);
#8108=ADVANCED_FACE('',(#565),#7871,.T.);
#8109=ADVANCED_FACE('',(#566),#272,.T.);
#8110=ADVANCED_FACE('',(#567),#7872,.T.);
#8111=ADVANCED_FACE('',(#568),#273,.T.);
#8112=ADVANCED_FACE('',(#569),#7873,.T.);
#8113=ADVANCED_FACE('',(#570),#274,.T.);
#8114=ADVANCED_FACE('',(#571),#7874,.T.);
#8115=ADVANCED_FACE('',(#572),#7875,.T.);
#8116=ADVANCED_FACE('',(#573),#275,.T.);
#8117=ADVANCED_FACE('',(#574),#276,.T.);
#8118=ADVANCED_FACE('',(#575),#7876,.T.);
#8119=ADVANCED_FACE('',(#576),#277,.T.);
#8120=ADVANCED_FACE('',(#577),#278,.T.);
#8121=ADVANCED_FACE('',(#578),#7877,.T.);
#8122=ADVANCED_FACE('',(#579),#279,.T.);
#8123=ADVANCED_FACE('',(#580),#7878,.T.);
#8124=ADVANCED_FACE('',(#581),#280,.T.);
#8125=ADVANCED_FACE('',(#582),#281,.T.);
#8126=ADVANCED_FACE('',(#583),#7879,.T.);
#8127=ADVANCED_FACE('',(#584),#7880,.T.);
#8128=ADVANCED_FACE('',(#585),#282,.T.);
#8129=ADVANCED_FACE('',(#586),#7881,.T.);
#8130=ADVANCED_FACE('',(#587),#283,.T.);
#8131=ADVANCED_FACE('',(#588),#7882,.T.);
#8132=ADVANCED_FACE('',(#589),#7883,.T.);
#8133=ADVANCED_FACE('',(#590),#7884,.T.);
#8134=ADVANCED_FACE('',(#591),#7885,.T.);
#8135=ADVANCED_FACE('',(#592),#7886,.T.);
#8136=ADVANCED_FACE('',(#593),#284,.T.);
#8137=ADVANCED_FACE('',(#594),#285,.T.);
#8138=ADVANCED_FACE('',(#595),#7887,.T.);
#8139=ADVANCED_FACE('',(#596),#286,.T.);
#8140=ADVANCED_FACE('',(#597),#7888,.T.);
#8141=ADVANCED_FACE('',(#598),#287,.T.);
#8142=ADVANCED_FACE('',(#599),#7889,.T.);
#8143=ADVANCED_FACE('',(#600),#288,.T.);
#8144=ADVANCED_FACE('',(#601),#7890,.T.);
#8145=ADVANCED_FACE('',(#602),#289,.T.);
#8146=ADVANCED_FACE('',(#603),#7891,.T.);
#8147=ADVANCED_FACE('',(#604),#290,.T.);
#8148=ADVANCED_FACE('',(#605),#7892,.T.);
#8149=ADVANCED_FACE('',(#606),#291,.T.);
#8150=ADVANCED_FACE('',(#607),#7893,.T.);
#8151=ADVANCED_FACE('',(#608),#292,.T.);
#8152=ADVANCED_FACE('',(#609),#7894,.T.);
#8153=ADVANCED_FACE('',(#610),#293,.T.);
#8154=ADVANCED_FACE('',(#611),#7895,.T.);
#8155=ADVANCED_FACE('',(#612),#294,.T.);
#8156=ADVANCED_FACE('',(#613),#43,.T.);
#8157=ADVANCED_FACE('',(#614),#7896,.F.);
#8158=ADVANCED_FACE('',(#615),#7897,.F.);
#8159=ADVANCED_FACE('',(#616),#44,.T.);
#8160=ADVANCED_FACE('',(#617),#7898,.F.);
#8161=ADVANCED_FACE('',(#618),#7899,.F.);
#8162=ADVANCED_FACE('',(#619),#45,.T.);
#8163=ADVANCED_FACE('',(#620),#7900,.F.);
#8164=ADVANCED_FACE('',(#621),#7901,.F.);
#8165=ADVANCED_FACE('',(#622),#46,.T.);
#8166=ADVANCED_FACE('',(#623),#7902,.F.);
#8167=ADVANCED_FACE('',(#624),#7903,.F.);
#8168=ADVANCED_FACE('',(#625),#7904,.T.);
#8169=ADVANCED_FACE('',(#626),#295,.T.);
#8170=ADVANCED_FACE('',(#627),#7905,.T.);
#8171=ADVANCED_FACE('',(#628),#296,.T.);
#8172=ADVANCED_FACE('',(#629),#297,.T.);
#8173=ADVANCED_FACE('',(#630),#7906,.T.);
#8174=ADVANCED_FACE('',(#631),#7907,.T.);
#8175=ADVANCED_FACE('',(#632),#298,.T.);
#8176=ADVANCED_FACE('',(#633),#7908,.T.);
#8177=ADVANCED_FACE('',(#634),#7909,.T.);
#8178=ADVANCED_FACE('',(#635),#7910,.T.);
#8179=ADVANCED_FACE('',(#636),#299,.T.);
#8180=ADVANCED_FACE('',(#637),#7911,.T.);
#8181=ADVANCED_FACE('',(#638),#300,.T.);
#8182=ADVANCED_FACE('',(#639),#301,.F.);
#8183=ADVANCED_FACE('',(#640),#302,.F.);
#8184=ADVANCED_FACE('',(#641),#303,.F.);
#8185=ADVANCED_FACE('',(#642),#304,.F.);
#8186=ADVANCED_FACE('',(#643),#305,.T.);
#8187=ADVANCED_FACE('',(#644),#306,.T.);
#8188=ADVANCED_FACE('',(#645),#307,.T.);
#8189=ADVANCED_FACE('',(#646),#308,.T.);
#8190=ADVANCED_FACE('',(#647),#309,.F.);
#8191=ADVANCED_FACE('',(#648),#310,.F.);
#8192=ADVANCED_FACE('',(#649),#311,.F.);
#8193=ADVANCED_FACE('',(#650),#312,.F.);
#8194=ADVANCED_FACE('',(#651),#7912,.T.);
#8195=ADVANCED_FACE('',(#652),#313,.T.);
#8196=ADVANCED_FACE('',(#653),#7913,.T.);
#8197=ADVANCED_FACE('',(#654),#314,.T.);
#8198=ADVANCED_FACE('',(#655),#7914,.T.);
#8199=ADVANCED_FACE('',(#656),#315,.T.);
#8200=ADVANCED_FACE('',(#657),#7915,.T.);
#8201=ADVANCED_FACE('',(#658),#316,.T.);
#8202=ADVANCED_FACE('',(#659,#192),#317,.T.);
#8203=ADVANCED_FACE('',(#660),#318,.T.);
#8204=ADVANCED_FACE('',(#661),#319,.F.);
#8205=ADVANCED_FACE('',(#662),#320,.F.);
#8206=ADVANCED_FACE('',(#663),#321,.T.);
#8207=ADVANCED_FACE('',(#664),#322,.F.);
#8208=ADVANCED_FACE('',(#665),#323,.F.);
#8209=ADVANCED_FACE('',(#666),#7916,.F.);
#8210=ADVANCED_FACE('',(#667),#324,.F.);
#8211=ADVANCED_FACE('',(#668),#325,.F.);
#8212=ADVANCED_FACE('',(#669),#7917,.F.);
#8213=ADVANCED_FACE('',(#670),#326,.T.);
#8214=ADVANCED_FACE('',(#671),#327,.T.);
#8215=ADVANCED_FACE('',(#672),#328,.F.);
#8216=ADVANCED_FACE('',(#673),#329,.T.);
#8217=ADVANCED_FACE('',(#674),#330,.T.);
#8218=ADVANCED_FACE('',(#675),#331,.T.);
#8219=ADVANCED_FACE('',(#676),#332,.F.);
#8220=ADVANCED_FACE('',(#677),#333,.F.);
#8221=ADVANCED_FACE('',(#678),#334,.F.);
#8222=ADVANCED_FACE('',(#679,#193,#194,#195,#196),#335,.T.);
#8223=ADVANCED_FACE('',(#680),#336,.F.);
#8224=ADVANCED_FACE('',(#681),#337,.F.);
#8225=ADVANCED_FACE('',(#682),#338,.F.);
#8226=ADVANCED_FACE('',(#683),#339,.F.);
#8227=ADVANCED_FACE('',(#684),#340,.F.);
#8228=ADVANCED_FACE('',(#685),#341,.F.);
#8229=ADVANCED_FACE('',(#686),#342,.F.);
#8230=ADVANCED_FACE('',(#687),#343,.F.);
#8231=ADVANCED_FACE('',(#688),#344,.F.);
#8232=ADVANCED_FACE('',(#689),#345,.F.);
#8233=ADVANCED_FACE('',(#690),#346,.F.);
#8234=ADVANCED_FACE('',(#691),#347,.F.);
#8235=ADVANCED_FACE('',(#692),#348,.F.);
#8236=ADVANCED_FACE('',(#693),#349,.F.);
#8237=ADVANCED_FACE('',(#694),#350,.F.);
#8238=ADVANCED_FACE('',(#695),#351,.F.);
#8239=ADVANCED_FACE('',(#696),#352,.F.);
#8240=ADVANCED_FACE('',(#697),#353,.F.);
#8241=ADVANCED_FACE('',(#698),#354,.F.);
#8242=ADVANCED_FACE('',(#699),#355,.F.);
#8243=ADVANCED_FACE('',(#700),#356,.F.);
#8244=ADVANCED_FACE('',(#701),#357,.F.);
#8245=ADVANCED_FACE('',(#702),#47,.F.);
#8246=ADVANCED_FACE('',(#703),#48,.F.);
#8247=ADVANCED_FACE('',(#704),#49,.F.);
#8248=ADVANCED_FACE('',(#705),#50,.F.);
#8249=ADVANCED_FACE('',(#706),#51,.F.);
#8250=ADVANCED_FACE('',(#707),#52,.F.);
#8251=ADVANCED_FACE('',(#708),#53,.F.);
#8252=ADVANCED_FACE('',(#709),#54,.F.);
#8253=ADVANCED_FACE('',(#710),#55,.F.);
#8254=ADVANCED_FACE('',(#711),#56,.F.);
#8255=ADVANCED_FACE('',(#712),#57,.F.);
#8256=ADVANCED_FACE('',(#713),#58,.F.);
#8257=ADVANCED_FACE('',(#714),#59,.F.);
#8258=ADVANCED_FACE('',(#715),#60,.F.);
#8259=ADVANCED_FACE('',(#716),#61,.F.);
#8260=ADVANCED_FACE('',(#717),#62,.F.);
#8261=ADVANCED_FACE('',(#718),#63,.F.);
#8262=ADVANCED_FACE('',(#719),#64,.F.);
#8263=ADVANCED_FACE('',(#720,#197),#358,.T.);
#8264=ADVANCED_FACE('',(#721),#359,.F.);
#8265=ADVANCED_FACE('',(#722),#360,.F.);
#8266=ADVANCED_FACE('',(#723),#361,.F.);
#8267=ADVANCED_FACE('',(#724),#362,.F.);
#8268=ADVANCED_FACE('',(#725),#363,.F.);
#8269=ADVANCED_FACE('',(#726),#364,.F.);
#8270=ADVANCED_FACE('',(#727),#365,.F.);
#8271=ADVANCED_FACE('',(#728),#366,.F.);
#8272=ADVANCED_FACE('',(#729),#367,.F.);
#8273=ADVANCED_FACE('',(#730),#368,.F.);
#8274=ADVANCED_FACE('',(#731),#369,.F.);
#8275=ADVANCED_FACE('',(#732),#65,.F.);
#8276=ADVANCED_FACE('',(#733),#66,.F.);
#8277=ADVANCED_FACE('',(#734),#67,.F.);
#8278=ADVANCED_FACE('',(#735),#68,.F.);
#8279=ADVANCED_FACE('',(#736),#69,.F.);
#8280=ADVANCED_FACE('',(#737),#70,.F.);
#8281=ADVANCED_FACE('',(#738),#71,.F.);
#8282=ADVANCED_FACE('',(#739),#72,.F.);
#8283=ADVANCED_FACE('',(#740),#73,.F.);
#8284=ADVANCED_FACE('',(#741),#74,.F.);
#8285=ADVANCED_FACE('',(#742),#75,.F.);
#8286=ADVANCED_FACE('',(#743),#76,.F.);
#8287=ADVANCED_FACE('',(#744),#77,.F.);
#8288=ADVANCED_FACE('',(#745),#78,.F.);
#8289=ADVANCED_FACE('',(#746),#79,.F.);
#8290=ADVANCED_FACE('',(#747),#80,.F.);
#8291=ADVANCED_FACE('',(#748),#81,.F.);
#8292=ADVANCED_FACE('',(#749),#82,.F.);
#8293=ADVANCED_FACE('',(#750,#198),#370,.T.);
#8294=ADVANCED_FACE('',(#751),#7918,.T.);
#8295=ADVANCED_FACE('',(#752),#371,.T.);
#8296=ADVANCED_FACE('',(#753),#7919,.F.);
#8297=ADVANCED_FACE('',(#754),#372,.T.);
#8298=ADVANCED_FACE('',(#755),#7920,.F.);
#8299=ADVANCED_FACE('',(#756),#7921,.F.);
#8300=ADVANCED_FACE('',(#757),#7922,.F.);
#8301=ADVANCED_FACE('',(#758),#7923,.F.);
#8302=ADVANCED_FACE('',(#759),#7924,.F.);
#8303=ADVANCED_FACE('',(#760),#7925,.F.);
#8304=ADVANCED_FACE('',(#761),#373,.T.);
#8305=ADVANCED_FACE('',(#762),#7926,.T.);
#8306=ADVANCED_FACE('',(#763),#374,.T.);
#8307=ADVANCED_FACE('',(#764),#375,.T.);
#8308=ADVANCED_FACE('',(#765),#7927,.F.);
#8309=ADVANCED_FACE('',(#766),#376,.T.);
#8310=ADVANCED_FACE('',(#767),#7928,.T.);
#8311=ADVANCED_FACE('',(#768),#377,.T.);
#8312=ADVANCED_FACE('',(#769),#378,.T.);
#8313=ADVANCED_FACE('',(#770),#7929,.T.);
#8314=ADVANCED_FACE('',(#771,#199),#379,.T.);
#8315=ADVANCED_FACE('',(#772),#7930,.F.);
#8316=ADVANCED_FACE('',(#773),#380,.T.);
#8317=ADVANCED_FACE('',(#774),#7931,.F.);
#8318=ADVANCED_FACE('',(#775),#381,.F.);
#8319=ADVANCED_FACE('',(#776),#15,.F.);
#8320=ADVANCED_FACE('',(#777),#7932,.F.);
#8321=ADVANCED_FACE('',(#778),#382,.T.);
#8322=ADVANCED_FACE('',(#779),#7933,.F.);
#8323=ADVANCED_FACE('',(#780),#16,.F.);
#8324=ADVANCED_FACE('',(#781),#7934,.F.);
#8325=ADVANCED_FACE('',(#782),#383,.T.);
#8326=ADVANCED_FACE('',(#783),#7935,.F.);
#8327=ADVANCED_FACE('',(#784),#17,.F.);
#8328=ADVANCED_FACE('',(#785),#7936,.F.);
#8329=ADVANCED_FACE('',(#786,#200),#384,.T.);
#8330=ADVANCED_FACE('',(#787),#7937,.F.);
#8331=ADVANCED_FACE('',(#788),#7938,.T.);
#8332=ADVANCED_FACE('',(#789),#7939,.F.);
#8333=ADVANCED_FACE('',(#790),#18,.F.);
#8334=ADVANCED_FACE('',(#791),#7940,.F.);
#8335=ADVANCED_FACE('',(#792),#385,.T.);
#8336=ADVANCED_FACE('',(#793),#7941,.T.);
#8337=ADVANCED_FACE('',(#794),#7942,.F.);
#8338=ADVANCED_FACE('',(#795),#7943,.T.);
#8339=ADVANCED_FACE('',(#796),#386,.T.);
#8340=ADVANCED_FACE('',(#797),#7944,.T.);
#8341=ADVANCED_FACE('',(#798),#387,.T.);
#8342=ADVANCED_FACE('',(#799),#7945,.T.);
#8343=ADVANCED_FACE('',(#800),#7946,.T.);
#8344=ADVANCED_FACE('',(#801),#388,.T.);
#8345=ADVANCED_FACE('',(#802),#7947,.T.);
#8346=ADVANCED_FACE('',(#803),#389,.T.);
#8347=ADVANCED_FACE('',(#804),#7948,.T.);
#8348=ADVANCED_FACE('',(#805),#390,.T.);
#8349=ADVANCED_FACE('',(#806),#7949,.T.);
#8350=ADVANCED_FACE('',(#807),#391,.T.);
#8351=ADVANCED_FACE('',(#808),#7950,.T.);
#8352=ADVANCED_FACE('',(#809),#392,.T.);
#8353=ADVANCED_FACE('',(#810),#7951,.T.);
#8354=ADVANCED_FACE('',(#811),#393,.T.);
#8355=ADVANCED_FACE('',(#812),#7952,.T.);
#8356=ADVANCED_FACE('',(#813),#394,.T.);
#8357=ADVANCED_FACE('',(#814),#7953,.T.);
#8358=ADVANCED_FACE('',(#815),#395,.T.);
#8359=ADVANCED_FACE('',(#816),#7954,.T.);
#8360=ADVANCED_FACE('',(#817),#396,.T.);
#8361=ADVANCED_FACE('',(#818),#7955,.T.);
#8362=ADVANCED_FACE('',(#819),#397,.T.);
#8363=ADVANCED_FACE('',(#820),#7956,.T.);
#8364=ADVANCED_FACE('',(#821),#398,.T.);
#8365=ADVANCED_FACE('',(#822),#7957,.T.);
#8366=ADVANCED_FACE('',(#823),#399,.T.);
#8367=ADVANCED_FACE('',(#824),#7958,.T.);
#8368=ADVANCED_FACE('',(#825),#400,.T.);
#8369=ADVANCED_FACE('',(#826),#7959,.T.);
#8370=ADVANCED_FACE('',(#827),#401,.T.);
#8371=ADVANCED_FACE('',(#828),#7960,.T.);
#8372=ADVANCED_FACE('',(#829),#402,.T.);
#8373=ADVANCED_FACE('',(#830),#7961,.T.);
#8374=ADVANCED_FACE('',(#831),#403,.T.);
#8375=ADVANCED_FACE('',(#832),#7962,.T.);
#8376=ADVANCED_FACE('',(#833),#404,.T.);
#8377=ADVANCED_FACE('',(#834),#7963,.T.);
#8378=ADVANCED_FACE('',(#835),#405,.T.);
#8379=ADVANCED_FACE('',(#836),#7964,.T.);
#8380=ADVANCED_FACE('',(#837),#406,.T.);
#8381=ADVANCED_FACE('',(#838),#7965,.T.);
#8382=ADVANCED_FACE('',(#839),#407,.T.);
#8383=ADVANCED_FACE('',(#840),#7966,.T.);
#8384=ADVANCED_FACE('',(#841),#408,.T.);
#8385=ADVANCED_FACE('',(#842),#7967,.T.);
#8386=ADVANCED_FACE('',(#843),#409,.T.);
#8387=ADVANCED_FACE('',(#844),#7968,.T.);
#8388=ADVANCED_FACE('',(#845),#410,.T.);
#8389=ADVANCED_FACE('',(#846),#7969,.T.);
#8390=ADVANCED_FACE('',(#847),#411,.T.);
#8391=ADVANCED_FACE('',(#848),#7970,.T.);
#8392=ADVANCED_FACE('',(#849),#412,.T.);
#8393=ADVANCED_FACE('',(#850),#413,.T.);
#8394=ADVANCED_FACE('',(#851),#414,.T.);
#8395=ADVANCED_FACE('',(#852),#7971,.T.);
#8396=ADVANCED_FACE('',(#853,#201),#415,.T.);
#8397=ADVANCED_FACE('',(#854),#416,.T.);
#8398=ADVANCED_FACE('',(#855),#417,.T.);
#8399=ADVANCED_FACE('',(#856,#202),#418,.T.);
#8400=ADVANCED_FACE('',(#857),#7972,.T.);
#8401=ADVANCED_FACE('',(#858),#419,.T.);
#8402=ADVANCED_FACE('',(#859),#420,.T.);
#8403=ADVANCED_FACE('',(#860,#203),#421,.T.);
#8404=ADVANCED_FACE('',(#861),#422,.T.);
#8405=ADVANCED_FACE('',(#862),#423,.T.);
#8406=ADVANCED_FACE('',(#863,#204),#424,.T.);
#8407=ADVANCED_FACE('',(#864,#205),#425,.T.);
#8408=ADVANCED_FACE('',(#865),#7973,.T.);
#8409=ADVANCED_FACE('',(#866),#7974,.T.);
#8410=ADVANCED_FACE('',(#867),#426,.T.);
#8411=ADVANCED_FACE('',(#868),#7975,.T.);
#8412=ADVANCED_FACE('',(#869),#427,.T.);
#8413=ADVANCED_FACE('',(#870),#428,.T.);
#8414=ADVANCED_FACE('',(#871),#7976,.T.);
#8415=ADVANCED_FACE('',(#872),#429,.T.);
#8416=ADVANCED_FACE('',(#873),#430,.T.);
#8417=ADVANCED_FACE('',(#874),#431,.T.);
#8418=ADVANCED_FACE('',(#875),#432,.T.);
#8419=ADVANCED_FACE('',(#876),#433,.T.);
#8420=CLOSED_SHELL('',(#7977,#7978,#7979,#7980,#7981,#7982,#7983,#7984,
#7985,#7986,#7987,#7988,#7989,#7990,#7991,#7992,#7993,#7994,#7995,#7996,
#7997,#7998,#7999,#8000,#8001,#8002,#8003,#8004,#8005,#8006,#8007,#8008,
#8009,#8010,#8011,#8012,#8013,#8014,#8015,#8016,#8017,#8018,#8019,#8020,
#8021,#8022,#8023,#8024,#8025,#8026,#8027,#8028,#8029,#8030,#8031,#8032,
#8033,#8034,#8035,#8036,#8037,#8038,#8039,#8040,#8041,#8042,#8043,#8044,
#8045,#8046,#8047,#8048,#8049,#8050,#8051,#8052,#8053,#8054,#8055,#8056,
#8057,#8058,#8059,#8060,#8061,#8062,#8063,#8064,#8065,#8066,#8067,#8068,
#8069,#8070,#8071,#8072,#8073,#8074,#8075,#8076,#8077,#8078,#8079,#8080,
#8081,#8082,#8083,#8084,#8085,#8086,#8087,#8088,#8089,#8090,#8091,#8092,
#8093,#8094,#8095,#8096,#8097,#8098,#8099,#8100,#8101,#8102,#8103,#8104,
#8105,#8106,#8107,#8108,#8109,#8110,#8111,#8112,#8113,#8114,#8115,#8116,
#8117,#8118,#8119,#8120,#8121,#8122,#8123,#8124,#8125,#8126,#8127,#8128,
#8129,#8130,#8131,#8132,#8133,#8134,#8135,#8136,#8137,#8138,#8139,#8140,
#8141,#8142,#8143,#8144,#8145,#8146,#8147,#8148,#8149,#8150,#8151,#8152,
#8153,#8154,#8155,#8156,#8157,#8158,#8159,#8160,#8161,#8162,#8163,#8164,
#8165,#8166,#8167,#8168,#8169,#8170,#8171,#8172,#8173,#8174,#8175,#8176,
#8177,#8178,#8179,#8180,#8181,#8182,#8183,#8184,#8185,#8186,#8187,#8188,
#8189,#8190,#8191,#8192,#8193,#8194,#8195,#8196,#8197,#8198,#8199,#8200,
#8201,#8202));
#8421=CLOSED_SHELL('',(#8203,#8204,#8205,#8206,#8207,#8208,#8209,#8210,
#8211,#8212,#8213,#8214,#8215,#8216,#8217,#8218,#8219,#8220,#8221,#8222,
#8223,#8224,#8225,#8226,#8227,#8228,#8229,#8230,#8231,#8232,#8233,#8234,
#8235,#8236,#8237,#8238,#8239,#8240,#8241,#8242,#8243,#8244,#8245,#8246,
#8247,#8248,#8249,#8250,#8251,#8252,#8253,#8254,#8255,#8256,#8257,#8258,
#8259,#8260,#8261,#8262,#8263,#8264,#8265,#8266,#8267,#8268,#8269,#8270,
#8271,#8272,#8273,#8274,#8275,#8276,#8277,#8278,#8279,#8280,#8281,#8282,
#8283,#8284,#8285,#8286,#8287,#8288,#8289,#8290,#8291,#8292,#8293,#8294,
#8295,#8296,#8297,#8298,#8299,#8300,#8301,#8302,#8303,#8304,#8305,#8306,
#8307,#8308,#8309,#8310,#8311,#8312,#8313,#8314,#8315,#8316,#8317,#8318,
#8319,#8320,#8321,#8322,#8323,#8324,#8325,#8326,#8327,#8328,#8329,#8330,
#8331,#8332,#8333,#8334,#8335,#8336,#8337,#8338,#8339,#8340,#8341,#8342,
#8343,#8344,#8345,#8346,#8347,#8348,#8349,#8350,#8351,#8352,#8353,#8354,
#8355,#8356,#8357,#8358,#8359,#8360,#8361,#8362,#8363,#8364,#8365,#8366,
#8367,#8368,#8369,#8370,#8371,#8372,#8373,#8374,#8375,#8376,#8377,#8378,
#8379,#8380,#8381,#8382,#8383,#8384,#8385,#8386,#8387,#8388,#8389,#8390,
#8391,#8392,#8393,#8394,#8395,#8396,#8397,#8398,#8399,#8400,#8401,#8402,
#8403,#8404,#8405,#8406,#8407,#8408,#8409,#8410,#8411,#8412,#8413,#8414,
#8415,#8416,#8417,#8418,#8419));
#8422=DERIVED_UNIT_ELEMENT(#8424,1.);
#8423=DERIVED_UNIT_ELEMENT(#15050,-3.);
#8424=(
MASS_UNIT()
NAMED_UNIT(*)
SI_UNIT(.KILO.,.GRAM.)
);
#8425=DERIVED_UNIT((#8422,#8423));
#8426=MEASURE_REPRESENTATION_ITEM('density measure',
POSITIVE_RATIO_MEASURE(7850.),#8425);
#8427=PROPERTY_DEFINITION_REPRESENTATION(#8432,#8429);
#8428=PROPERTY_DEFINITION_REPRESENTATION(#8433,#8430);
#8429=REPRESENTATION('material name',(#8431),#15047);
#8430=REPRESENTATION('density',(#8426),#15047);
#8431=DESCRIPTIVE_REPRESENTATION_ITEM('Steel','Steel');
#8432=PROPERTY_DEFINITION('material property','material name',#15062);
#8433=PROPERTY_DEFINITION('material property','density of part',#15062);
#8434=AXIS2_PLACEMENT_3D('',#11469,#9179,#9180);
#8435=AXIS2_PLACEMENT_3D('',#11470,#9181,#9182);
#8436=AXIS2_PLACEMENT_3D('',#11471,#9183,#9184);
#8437=AXIS2_PLACEMENT_3D('',#11474,#9185,#9186);
#8438=AXIS2_PLACEMENT_3D('',#11478,#9188,#9189);
#8439=AXIS2_PLACEMENT_3D('',#11480,#9191,#9192);
#8440=AXIS2_PLACEMENT_3D('',#11486,#9196,#9197);
#8441=AXIS2_PLACEMENT_3D('',#11489,#9198,#9199);
#8442=AXIS2_PLACEMENT_3D('',#11493,#9201,#9202);
#8443=AXIS2_PLACEMENT_3D('',#11495,#9204,#9205);
#8444=AXIS2_PLACEMENT_3D('',#11501,#9209,#9210);
#8445=AXIS2_PLACEMENT_3D('',#11505,#9213,#9214);
#8446=AXIS2_PLACEMENT_3D('',#11506,#9215,#9216);
#8447=AXIS2_PLACEMENT_3D('',#11509,#9218,#9219);
#8448=AXIS2_PLACEMENT_3D('',#11510,#9220,#9221);
#8449=AXIS2_PLACEMENT_3D('',#11512,#9223,#9224);
#8450=AXIS2_PLACEMENT_3D('',#11514,#9226,#9227);
#8451=AXIS2_PLACEMENT_3D('',#11517,#9228,#9229);
#8452=AXIS2_PLACEMENT_3D('',#11521,#9231,#9232);
#8453=AXIS2_PLACEMENT_3D('',#11523,#9234,#9235);
#8454=AXIS2_PLACEMENT_3D('',#11529,#9239,#9240);
#8455=AXIS2_PLACEMENT_3D('',#11532,#9241,#9242);
#8456=AXIS2_PLACEMENT_3D('',#11536,#9244,#9245);
#8457=AXIS2_PLACEMENT_3D('',#11538,#9247,#9248);
#8458=AXIS2_PLACEMENT_3D('',#11544,#9252,#9253);
#8459=AXIS2_PLACEMENT_3D('',#11546,#9254,#9255);
#8460=AXIS2_PLACEMENT_3D('',#11549,#9258,#9259);
#8461=AXIS2_PLACEMENT_3D('',#11551,#9260,#9261);
#8462=AXIS2_PLACEMENT_3D('',#11553,#9263,#9264);
#8463=AXIS2_PLACEMENT_3D('',#11555,#9266,#9267);
#8464=AXIS2_PLACEMENT_3D('',#11557,#9269,#9270);
#8465=AXIS2_PLACEMENT_3D('',#11562,#9272,#9273);
#8466=AXIS2_PLACEMENT_3D('',#11565,#9275,#9276);
#8467=AXIS2_PLACEMENT_3D('',#11566,#9277,#9278);
#8468=AXIS2_PLACEMENT_3D('',#11572,#9282,#9283);
#8469=AXIS2_PLACEMENT_3D('',#11578,#9287,#9288);
#8470=AXIS2_PLACEMENT_3D('',#11589,#9293,#9294);
#8471=AXIS2_PLACEMENT_3D('',#11593,#9296,#9297);
#8472=AXIS2_PLACEMENT_3D('',#11605,#9303,#9304);
#8473=AXIS2_PLACEMENT_3D('',#11609,#9306,#9307);
#8474=AXIS2_PLACEMENT_3D('',#11612,#9309,#9310);
#8475=AXIS2_PLACEMENT_3D('',#11616,#9312,#9313);
#8476=AXIS2_PLACEMENT_3D('',#11620,#9315,#9316);
#8477=AXIS2_PLACEMENT_3D('',#11624,#9318,#9319);
#8478=AXIS2_PLACEMENT_3D('',#11628,#9321,#9322);
#8479=AXIS2_PLACEMENT_3D('',#11632,#9324,#9325);
#8480=AXIS2_PLACEMENT_3D('',#11636,#9327,#9328);
#8481=AXIS2_PLACEMENT_3D('',#11640,#9330,#9331);
#8482=AXIS2_PLACEMENT_3D('',#11644,#9333,#9334);
#8483=AXIS2_PLACEMENT_3D('',#11648,#9336,#9337);
#8484=AXIS2_PLACEMENT_3D('',#11652,#9339,#9340);
#8485=AXIS2_PLACEMENT_3D('',#11654,#9341,#9342);
#8486=AXIS2_PLACEMENT_3D('',#11660,#9345,#9346);
#8487=AXIS2_PLACEMENT_3D('',#11662,#9347,#9348);
#8488=AXIS2_PLACEMENT_3D('',#11666,#9350,#9351);
#8489=AXIS2_PLACEMENT_3D('',#11670,#9353,#9354);
#8490=AXIS2_PLACEMENT_3D('',#11674,#9356,#9357);
#8491=AXIS2_PLACEMENT_3D('',#11678,#9359,#9360);
#8492=AXIS2_PLACEMENT_3D('',#11682,#9362,#9363);
#8493=AXIS2_PLACEMENT_3D('',#11686,#9365,#9366);
#8494=AXIS2_PLACEMENT_3D('',#11690,#9368,#9369);
#8495=AXIS2_PLACEMENT_3D('',#11693,#9371,#9372);
#8496=AXIS2_PLACEMENT_3D('',#11696,#9373,#9374);
#8497=AXIS2_PLACEMENT_3D('',#11700,#9376,#9377);
#8498=AXIS2_PLACEMENT_3D('',#11704,#9379,#9380);
#8499=AXIS2_PLACEMENT_3D('',#11708,#9382,#9383);
#8500=AXIS2_PLACEMENT_3D('',#11712,#9385,#9386);
#8501=AXIS2_PLACEMENT_3D('',#11716,#9388,#9389);
#8502=AXIS2_PLACEMENT_3D('',#11720,#9391,#9392);
#8503=AXIS2_PLACEMENT_3D('',#11724,#9394,#9395);
#8504=AXIS2_PLACEMENT_3D('',#11728,#9397,#9398);
#8505=AXIS2_PLACEMENT_3D('',#11732,#9400,#9401);
#8506=AXIS2_PLACEMENT_3D('',#11734,#9402,#9403);
#8507=AXIS2_PLACEMENT_3D('',#11740,#9406,#9407);
#8508=AXIS2_PLACEMENT_3D('',#11742,#9408,#9409);
#8509=AXIS2_PLACEMENT_3D('',#11746,#9411,#9412);
#8510=AXIS2_PLACEMENT_3D('',#11750,#9414,#9415);
#8511=AXIS2_PLACEMENT_3D('',#11754,#9417,#9418);
#8512=AXIS2_PLACEMENT_3D('',#11758,#9420,#9421);
#8513=AXIS2_PLACEMENT_3D('',#11762,#9423,#9424);
#8514=AXIS2_PLACEMENT_3D('',#11766,#9426,#9427);
#8515=AXIS2_PLACEMENT_3D('',#11770,#9429,#9430);
#8516=AXIS2_PLACEMENT_3D('',#11774,#9432,#9433);
#8517=AXIS2_PLACEMENT_3D('',#11778,#9435,#9436);
#8518=AXIS2_PLACEMENT_3D('',#11782,#9438,#9439);
#8519=AXIS2_PLACEMENT_3D('',#11786,#9441,#9442);
#8520=AXIS2_PLACEMENT_3D('',#11790,#9444,#9445);
#8521=AXIS2_PLACEMENT_3D('',#11794,#9447,#9448);
#8522=AXIS2_PLACEMENT_3D('',#11798,#9450,#9451);
#8523=AXIS2_PLACEMENT_3D('',#11802,#9453,#9454);
#8524=AXIS2_PLACEMENT_3D('',#11806,#9456,#9457);
#8525=AXIS2_PLACEMENT_3D('',#11810,#9459,#9460);
#8526=AXIS2_PLACEMENT_3D('',#11814,#9462,#9463);
#8527=AXIS2_PLACEMENT_3D('',#11818,#9465,#9466);
#8528=AXIS2_PLACEMENT_3D('',#11822,#9468,#9469);
#8529=AXIS2_PLACEMENT_3D('',#11824,#9470,#9471);
#8530=AXIS2_PLACEMENT_3D('',#11830,#9474,#9475);
#8531=AXIS2_PLACEMENT_3D('',#11832,#9476,#9477);
#8532=AXIS2_PLACEMENT_3D('',#11836,#9479,#9480);
#8533=AXIS2_PLACEMENT_3D('',#11840,#9482,#9483);
#8534=AXIS2_PLACEMENT_3D('',#11844,#9485,#9486);
#8535=AXIS2_PLACEMENT_3D('',#11848,#9488,#9489);
#8536=AXIS2_PLACEMENT_3D('',#11852,#9491,#9492);
#8537=AXIS2_PLACEMENT_3D('',#11856,#9494,#9495);
#8538=AXIS2_PLACEMENT_3D('',#11860,#9497,#9498);
#8539=AXIS2_PLACEMENT_3D('',#11864,#9500,#9501);
#8540=AXIS2_PLACEMENT_3D('',#11868,#9503,#9504);
#8541=AXIS2_PLACEMENT_3D('',#11872,#9506,#9507);
#8542=AXIS2_PLACEMENT_3D('',#11876,#9509,#9510);
#8543=AXIS2_PLACEMENT_3D('',#11880,#9512,#9513);
#8544=AXIS2_PLACEMENT_3D('',#11884,#9515,#9516);
#8545=AXIS2_PLACEMENT_3D('',#11888,#9518,#9519);
#8546=AXIS2_PLACEMENT_3D('',#11892,#9521,#9522);
#8547=AXIS2_PLACEMENT_3D('',#11896,#9524,#9525);
#8548=AXIS2_PLACEMENT_3D('',#11900,#9527,#9528);
#8549=AXIS2_PLACEMENT_3D('',#11904,#9530,#9531);
#8550=AXIS2_PLACEMENT_3D('',#11908,#9533,#9534);
#8551=AXIS2_PLACEMENT_3D('',#11912,#9536,#9537);
#8552=AXIS2_PLACEMENT_3D('',#11916,#9539,#9540);
#8553=AXIS2_PLACEMENT_3D('',#11920,#9542,#9543);
#8554=AXIS2_PLACEMENT_3D('',#11922,#9544,#9545);
#8555=AXIS2_PLACEMENT_3D('',#11928,#9548,#9549);
#8556=AXIS2_PLACEMENT_3D('',#11930,#9550,#9551);
#8557=AXIS2_PLACEMENT_3D('',#11934,#9553,#9554);
#8558=AXIS2_PLACEMENT_3D('',#11938,#9556,#9557);
#8559=AXIS2_PLACEMENT_3D('',#11942,#9559,#9560);
#8560=AXIS2_PLACEMENT_3D('',#11946,#9562,#9563);
#8561=AXIS2_PLACEMENT_3D('',#11950,#9565,#9566);
#8562=AXIS2_PLACEMENT_3D('',#11954,#9568,#9569);
#8563=AXIS2_PLACEMENT_3D('',#11958,#9571,#9572);
#8564=AXIS2_PLACEMENT_3D('',#11962,#9574,#9575);
#8565=AXIS2_PLACEMENT_3D('',#11972,#9581,#9582);
#8566=AXIS2_PLACEMENT_3D('',#11976,#9584,#9585);
#8567=AXIS2_PLACEMENT_3D('',#11978,#9587,#9588);
#8568=AXIS2_PLACEMENT_3D('',#11982,#9591,#9592);
#8569=AXIS2_PLACEMENT_3D('',#11986,#9595,#9596);
#8570=AXIS2_PLACEMENT_3D('',#11990,#9598,#9599);
#8571=AXIS2_PLACEMENT_3D('',#11992,#9601,#9602);
#8572=AXIS2_PLACEMENT_3D('',#11996,#9605,#9606);
#8573=AXIS2_PLACEMENT_3D('',#12000,#9608,#9609);
#8574=AXIS2_PLACEMENT_3D('',#12002,#9611,#9612);
#8575=AXIS2_PLACEMENT_3D('',#12004,#9614,#9615);
#8576=AXIS2_PLACEMENT_3D('',#12008,#9618,#9619);
#8577=AXIS2_PLACEMENT_3D('',#12011,#9621,#9622);
#8578=AXIS2_PLACEMENT_3D('',#12012,#9623,#9624);
#8579=AXIS2_PLACEMENT_3D('',#12015,#9626,#9627);
#8580=AXIS2_PLACEMENT_3D('',#12016,#9628,#9629);
#8581=AXIS2_PLACEMENT_3D('',#12020,#9632,#9633);
#8582=AXIS2_PLACEMENT_3D('',#12022,#9634,#9635);
#8583=AXIS2_PLACEMENT_3D('',#12024,#9637,#9638);
#8584=AXIS2_PLACEMENT_3D('',#12028,#9641,#9642);
#8585=AXIS2_PLACEMENT_3D('',#12029,#9643,#9644);
#8586=AXIS2_PLACEMENT_3D('',#12030,#9645,#9646);
#8587=AXIS2_PLACEMENT_3D('',#12031,#9647,#9648);
#8588=AXIS2_PLACEMENT_3D('',#12032,#9649,#9650);
#8589=AXIS2_PLACEMENT_3D('',#12036,#9652,#9653);
#8590=AXIS2_PLACEMENT_3D('',#12038,#9655,#9656);
#8591=AXIS2_PLACEMENT_3D('',#12050,#9657,#9658);
#8592=AXIS2_PLACEMENT_3D('',#12051,#9659,#9660);
#8593=AXIS2_PLACEMENT_3D('',#12056,#9663,#9664);
#8594=AXIS2_PLACEMENT_3D('',#12057,#9665,#9666);
#8595=AXIS2_PLACEMENT_3D('',#12062,#9669,#9670);
#8596=AXIS2_PLACEMENT_3D('',#12066,#9672,#9673);
#8597=AXIS2_PLACEMENT_3D('',#12068,#9674,#9675);
#8598=AXIS2_PLACEMENT_3D('',#12072,#9677,#9678);
#8599=AXIS2_PLACEMENT_3D('',#12076,#9680,#9681);
#8600=AXIS2_PLACEMENT_3D('',#12080,#9683,#9684);
#8601=AXIS2_PLACEMENT_3D('',#12084,#9686,#9687);
#8602=AXIS2_PLACEMENT_3D('',#12088,#9689,#9690);
#8603=AXIS2_PLACEMENT_3D('',#12092,#9692,#9693);
#8604=AXIS2_PLACEMENT_3D('',#12096,#9695,#9696);
#8605=AXIS2_PLACEMENT_3D('',#12100,#9698,#9699);
#8606=AXIS2_PLACEMENT_3D('',#12104,#9702,#9703);
#8607=AXIS2_PLACEMENT_3D('',#12105,#9704,#9705);
#8608=AXIS2_PLACEMENT_3D('',#12107,#9707,#9708);
#8609=AXIS2_PLACEMENT_3D('',#12110,#9711,#9712);
#8610=AXIS2_PLACEMENT_3D('',#12112,#9714,#9715);
#8611=AXIS2_PLACEMENT_3D('',#12115,#9718,#9719);
#8612=AXIS2_PLACEMENT_3D('',#12117,#9721,#9722);
#8613=AXIS2_PLACEMENT_3D('',#12119,#9724,#9725);
#8614=AXIS2_PLACEMENT_3D('',#12121,#9727,#9728);
#8615=AXIS2_PLACEMENT_3D('',#12123,#9730,#9731);
#8616=AXIS2_PLACEMENT_3D('',#12125,#9733,#9734);
#8617=AXIS2_PLACEMENT_3D('',#12128,#9737,#9738);
#8618=AXIS2_PLACEMENT_3D('',#12130,#9740,#9741);
#8619=AXIS2_PLACEMENT_3D('',#12132,#9743,#9744);
#8620=AXIS2_PLACEMENT_3D('',#12134,#9746,#9747);
#8621=AXIS2_PLACEMENT_3D('',#12136,#9749,#9750);
#8622=AXIS2_PLACEMENT_3D('',#12138,#9752,#9753);
#8623=AXIS2_PLACEMENT_3D('',#12139,#9754,#9755);
#8624=AXIS2_PLACEMENT_3D('',#12141,#9757,#9758);
#8625=AXIS2_PLACEMENT_3D('',#12142,#9759,#9760);
#8626=AXIS2_PLACEMENT_3D('',#12143,#9761,#9762);
#8627=AXIS2_PLACEMENT_3D('',#12147,#9764,#9765);
#8628=AXIS2_PLACEMENT_3D('',#12149,#9767,#9768);
#8629=AXIS2_PLACEMENT_3D('',#12153,#9771,#9772);
#8630=AXIS2_PLACEMENT_3D('',#12157,#9774,#9775);
#8631=AXIS2_PLACEMENT_3D('',#12159,#9777,#9778);
#8632=AXIS2_PLACEMENT_3D('',#12163,#9781,#9782);
#8633=AXIS2_PLACEMENT_3D('',#12167,#9785,#9786);
#8634=AXIS2_PLACEMENT_3D('',#12172,#9789,#9790);
#8635=AXIS2_PLACEMENT_3D('',#12173,#9791,#9792);
#8636=AXIS2_PLACEMENT_3D('',#12177,#9794,#9795);
#8637=AXIS2_PLACEMENT_3D('',#12181,#9797,#9798);
#8638=AXIS2_PLACEMENT_3D('',#12185,#9800,#9801);
#8639=AXIS2_PLACEMENT_3D('',#12189,#9803,#9804);
#8640=AXIS2_PLACEMENT_3D('',#12193,#9806,#9807);
#8641=AXIS2_PLACEMENT_3D('',#12197,#9809,#9810);
#8642=AXIS2_PLACEMENT_3D('',#12201,#9812,#9813);
#8643=AXIS2_PLACEMENT_3D('',#12205,#9815,#9816);
#8644=AXIS2_PLACEMENT_3D('',#12209,#9818,#9819);
#8645=AXIS2_PLACEMENT_3D('',#12213,#9821,#9822);
#8646=AXIS2_PLACEMENT_3D('',#12217,#9824,#9825);
#8647=AXIS2_PLACEMENT_3D('',#12219,#9826,#9827);
#8648=AXIS2_PLACEMENT_3D('',#12223,#9829,#9830);
#8649=AXIS2_PLACEMENT_3D('',#12227,#9832,#9833);
#8650=AXIS2_PLACEMENT_3D('',#12229,#9834,#9835);
#8651=AXIS2_PLACEMENT_3D('',#12232,#9837,#9838);
#8652=AXIS2_PLACEMENT_3D('',#12234,#9839,#9840);
#8653=AXIS2_PLACEMENT_3D('',#12238,#9842,#9843);
#8654=AXIS2_PLACEMENT_3D('',#12242,#9845,#9846);
#8655=AXIS2_PLACEMENT_3D('',#12247,#9849,#9850);
#8656=AXIS2_PLACEMENT_3D('',#12250,#9852,#9853);
#8657=AXIS2_PLACEMENT_3D('',#12251,#9854,#9855);
#8658=AXIS2_PLACEMENT_3D('',#12253,#9857,#9858);
#8659=AXIS2_PLACEMENT_3D('',#12255,#9860,#9861);
#8660=AXIS2_PLACEMENT_3D('',#12257,#9863,#9864);
#8661=AXIS2_PLACEMENT_3D('',#12259,#9866,#9867);
#8662=AXIS2_PLACEMENT_3D('',#12261,#9869,#9870);
#8663=AXIS2_PLACEMENT_3D('',#12263,#9872,#9873);
#8664=AXIS2_PLACEMENT_3D('',#12265,#9875,#9876);
#8665=AXIS2_PLACEMENT_3D('',#12267,#9878,#9879);
#8666=AXIS2_PLACEMENT_3D('',#12269,#9881,#9882);
#8667=AXIS2_PLACEMENT_3D('',#12271,#9884,#9885);
#8668=AXIS2_PLACEMENT_3D('',#12272,#9886,#9887);
#8669=AXIS2_PLACEMENT_3D('',#12273,#9888,#9889);
#8670=AXIS2_PLACEMENT_3D('',#12275,#9891,#9892);
#8671=AXIS2_PLACEMENT_3D('',#12286,#9893,#9894);
#8672=AXIS2_PLACEMENT_3D('',#12289,#9897,#9898);
#8673=AXIS2_PLACEMENT_3D('',#12291,#9900,#9901);
#8674=AXIS2_PLACEMENT_3D('',#12294,#9904,#9905);
#8675=AXIS2_PLACEMENT_3D('',#12296,#9907,#9908);
#8676=AXIS2_PLACEMENT_3D('',#12299,#9911,#9912);
#8677=AXIS2_PLACEMENT_3D('',#12301,#9914,#9915);
#8678=AXIS2_PLACEMENT_3D('',#12303,#9917,#9918);
#8679=AXIS2_PLACEMENT_3D('',#12305,#9920,#9921);
#8680=AXIS2_PLACEMENT_3D('',#12307,#9923,#9924);
#8681=AXIS2_PLACEMENT_3D('',#12309,#9926,#9927);
#8682=AXIS2_PLACEMENT_3D('',#12312,#9930,#9931);
#8683=AXIS2_PLACEMENT_3D('',#12314,#9933,#9934);
#8684=AXIS2_PLACEMENT_3D('',#12316,#9936,#9937);
#8685=AXIS2_PLACEMENT_3D('',#12318,#9939,#9940);
#8686=AXIS2_PLACEMENT_3D('',#12320,#9942,#9943);
#8687=AXIS2_PLACEMENT_3D('',#12322,#9945,#9946);
#8688=AXIS2_PLACEMENT_3D('',#12323,#9947,#9948);
#8689=AXIS2_PLACEMENT_3D('',#12325,#9950,#9951);
#8690=AXIS2_PLACEMENT_3D('',#12326,#9952,#9953);
#8691=AXIS2_PLACEMENT_3D('',#12330,#9955,#9956);
#8692=AXIS2_PLACEMENT_3D('',#12332,#9958,#9959);
#8693=AXIS2_PLACEMENT_3D('',#12336,#9962,#9963);
#8694=AXIS2_PLACEMENT_3D('',#12340,#9965,#9966);
#8695=AXIS2_PLACEMENT_3D('',#12342,#9968,#9969);
#8696=AXIS2_PLACEMENT_3D('',#12346,#9972,#9973);
#8697=AXIS2_PLACEMENT_3D('',#12350,#9976,#9977);
#8698=AXIS2_PLACEMENT_3D('',#12355,#9980,#9981);
#8699=AXIS2_PLACEMENT_3D('',#12356,#9982,#9983);
#8700=AXIS2_PLACEMENT_3D('',#12360,#9985,#9986);
#8701=AXIS2_PLACEMENT_3D('',#12364,#9988,#9989);
#8702=AXIS2_PLACEMENT_3D('',#12368,#9991,#9992);
#8703=AXIS2_PLACEMENT_3D('',#12372,#9994,#9995);
#8704=AXIS2_PLACEMENT_3D('',#12376,#9997,#9998);
#8705=AXIS2_PLACEMENT_3D('',#12380,#10000,#10001);
#8706=AXIS2_PLACEMENT_3D('',#12384,#10003,#10004);
#8707=AXIS2_PLACEMENT_3D('',#12388,#10006,#10007);
#8708=AXIS2_PLACEMENT_3D('',#12392,#10009,#10010);
#8709=AXIS2_PLACEMENT_3D('',#12396,#10012,#10013);
#8710=AXIS2_PLACEMENT_3D('',#12400,#10015,#10016);
#8711=AXIS2_PLACEMENT_3D('',#12402,#10017,#10018);
#8712=AXIS2_PLACEMENT_3D('',#12406,#10020,#10021);
#8713=AXIS2_PLACEMENT_3D('',#12410,#10023,#10024);
#8714=AXIS2_PLACEMENT_3D('',#12412,#10025,#10026);
#8715=AXIS2_PLACEMENT_3D('',#12415,#10028,#10029);
#8716=AXIS2_PLACEMENT_3D('',#12417,#10030,#10031);
#8717=AXIS2_PLACEMENT_3D('',#12421,#10033,#10034);
#8718=AXIS2_PLACEMENT_3D('',#12425,#10036,#10037);
#8719=AXIS2_PLACEMENT_3D('',#12430,#10040,#10041);
#8720=AXIS2_PLACEMENT_3D('',#12433,#10043,#10044);
#8721=AXIS2_PLACEMENT_3D('',#12434,#10045,#10046);
#8722=AXIS2_PLACEMENT_3D('',#12436,#10048,#10049);
#8723=AXIS2_PLACEMENT_3D('',#12438,#10051,#10052);
#8724=AXIS2_PLACEMENT_3D('',#12440,#10054,#10055);
#8725=AXIS2_PLACEMENT_3D('',#12442,#10057,#10058);
#8726=AXIS2_PLACEMENT_3D('',#12444,#10060,#10061);
#8727=AXIS2_PLACEMENT_3D('',#12446,#10063,#10064);
#8728=AXIS2_PLACEMENT_3D('',#12448,#10066,#10067);
#8729=AXIS2_PLACEMENT_3D('',#12450,#10069,#10070);
#8730=AXIS2_PLACEMENT_3D('',#12452,#10072,#10073);
#8731=AXIS2_PLACEMENT_3D('',#12454,#10075,#10076);
#8732=AXIS2_PLACEMENT_3D('',#12455,#10077,#10078);
#8733=AXIS2_PLACEMENT_3D('',#12456,#10079,#10080);
#8734=AXIS2_PLACEMENT_3D('',#12458,#10082,#10083);
#8735=AXIS2_PLACEMENT_3D('',#12469,#10084,#10085);
#8736=AXIS2_PLACEMENT_3D('',#12472,#10088,#10089);
#8737=AXIS2_PLACEMENT_3D('',#12474,#10091,#10092);
#8738=AXIS2_PLACEMENT_3D('',#12477,#10095,#10096);
#8739=AXIS2_PLACEMENT_3D('',#12479,#10098,#10099);
#8740=AXIS2_PLACEMENT_3D('',#12482,#10102,#10103);
#8741=AXIS2_PLACEMENT_3D('',#12484,#10105,#10106);
#8742=AXIS2_PLACEMENT_3D('',#12486,#10108,#10109);
#8743=AXIS2_PLACEMENT_3D('',#12488,#10111,#10112);
#8744=AXIS2_PLACEMENT_3D('',#12490,#10114,#10115);
#8745=AXIS2_PLACEMENT_3D('',#12492,#10117,#10118);
#8746=AXIS2_PLACEMENT_3D('',#12495,#10121,#10122);
#8747=AXIS2_PLACEMENT_3D('',#12497,#10124,#10125);
#8748=AXIS2_PLACEMENT_3D('',#12499,#10127,#10128);
#8749=AXIS2_PLACEMENT_3D('',#12501,#10130,#10131);
#8750=AXIS2_PLACEMENT_3D('',#12503,#10133,#10134);
#8751=AXIS2_PLACEMENT_3D('',#12505,#10136,#10137);
#8752=AXIS2_PLACEMENT_3D('',#12506,#10138,#10139);
#8753=AXIS2_PLACEMENT_3D('',#12508,#10141,#10142);
#8754=AXIS2_PLACEMENT_3D('',#12509,#10143,#10144);
#8755=AXIS2_PLACEMENT_3D('',#12513,#10146,#10147);
#8756=AXIS2_PLACEMENT_3D('',#12515,#10149,#10150);
#8757=AXIS2_PLACEMENT_3D('',#12519,#10153,#10154);
#8758=AXIS2_PLACEMENT_3D('',#12523,#10157,#10158);
#8759=AXIS2_PLACEMENT_3D('',#12527,#10160,#10161);
#8760=AXIS2_PLACEMENT_3D('',#12529,#10163,#10164);
#8761=AXIS2_PLACEMENT_3D('',#12533,#10167,#10168);
#8762=AXIS2_PLACEMENT_3D('',#12537,#10171,#10172);
#8763=AXIS2_PLACEMENT_3D('',#12541,#10174,#10175);
#8764=AXIS2_PLACEMENT_3D('',#12543,#10177,#10178);
#8765=AXIS2_PLACEMENT_3D('',#12547,#10181,#10182);
#8766=AXIS2_PLACEMENT_3D('',#12551,#10184,#10185);
#8767=AXIS2_PLACEMENT_3D('',#12553,#10187,#10188);
#8768=AXIS2_PLACEMENT_3D('',#12555,#10190,#10191);
#8769=AXIS2_PLACEMENT_3D('',#12559,#10194,#10195);
#8770=AXIS2_PLACEMENT_3D('',#12562,#10197,#10198);
#8771=AXIS2_PLACEMENT_3D('',#12563,#10199,#10200);
#8772=AXIS2_PLACEMENT_3D('',#12566,#10202,#10203);
#8773=AXIS2_PLACEMENT_3D('',#12567,#10204,#10205);
#8774=AXIS2_PLACEMENT_3D('',#12571,#10208,#10209);
#8775=AXIS2_PLACEMENT_3D('',#12573,#10210,#10211);
#8776=AXIS2_PLACEMENT_3D('',#12575,#10213,#10214);
#8777=AXIS2_PLACEMENT_3D('',#12579,#10217,#10218);
#8778=AXIS2_PLACEMENT_3D('',#12580,#10219,#10220);
#8779=AXIS2_PLACEMENT_3D('',#12581,#10221,#10222);
#8780=AXIS2_PLACEMENT_3D('',#12582,#10223,#10224);
#8781=AXIS2_PLACEMENT_3D('',#12583,#10225,#10226);
#8782=AXIS2_PLACEMENT_3D('',#12587,#10228,#10229);
#8783=AXIS2_PLACEMENT_3D('',#12589,#10231,#10232);
#8784=AXIS2_PLACEMENT_3D('',#12601,#10233,#10234);
#8785=AXIS2_PLACEMENT_3D('',#12602,#10235,#10236);
#8786=AXIS2_PLACEMENT_3D('',#12607,#10239,#10240);
#8787=AXIS2_PLACEMENT_3D('',#12608,#10241,#10242);
#8788=AXIS2_PLACEMENT_3D('',#12613,#10245,#10246);
#8789=AXIS2_PLACEMENT_3D('',#12617,#10248,#10249);
#8790=AXIS2_PLACEMENT_3D('',#12619,#10250,#10251);
#8791=AXIS2_PLACEMENT_3D('',#12623,#10253,#10254);
#8792=AXIS2_PLACEMENT_3D('',#12627,#10256,#10257);
#8793=AXIS2_PLACEMENT_3D('',#12631,#10259,#10260);
#8794=AXIS2_PLACEMENT_3D('',#12635,#10262,#10263);
#8795=AXIS2_PLACEMENT_3D('',#12639,#10265,#10266);
#8796=AXIS2_PLACEMENT_3D('',#12643,#10268,#10269);
#8797=AXIS2_PLACEMENT_3D('',#12647,#10271,#10272);
#8798=AXIS2_PLACEMENT_3D('',#12651,#10274,#10275);
#8799=AXIS2_PLACEMENT_3D('',#12655,#10278,#10279);
#8800=AXIS2_PLACEMENT_3D('',#12656,#10280,#10281);
#8801=AXIS2_PLACEMENT_3D('',#12658,#10283,#10284);
#8802=AXIS2_PLACEMENT_3D('',#12661,#10287,#10288);
#8803=AXIS2_PLACEMENT_3D('',#12663,#10290,#10291);
#8804=AXIS2_PLACEMENT_3D('',#12666,#10294,#10295);
#8805=AXIS2_PLACEMENT_3D('',#12668,#10297,#10298);
#8806=AXIS2_PLACEMENT_3D('',#12670,#10300,#10301);
#8807=AXIS2_PLACEMENT_3D('',#12672,#10303,#10304);
#8808=AXIS2_PLACEMENT_3D('',#12674,#10306,#10307);
#8809=AXIS2_PLACEMENT_3D('',#12676,#10309,#10310);
#8810=AXIS2_PLACEMENT_3D('',#12679,#10313,#10314);
#8811=AXIS2_PLACEMENT_3D('',#12681,#10316,#10317);
#8812=AXIS2_PLACEMENT_3D('',#12683,#10319,#10320);
#8813=AXIS2_PLACEMENT_3D('',#12685,#10322,#10323);
#8814=AXIS2_PLACEMENT_3D('',#12687,#10325,#10326);
#8815=AXIS2_PLACEMENT_3D('',#12689,#10328,#10329);
#8816=AXIS2_PLACEMENT_3D('',#12690,#10330,#10331);
#8817=AXIS2_PLACEMENT_3D('',#12692,#10333,#10334);
#8818=AXIS2_PLACEMENT_3D('',#12693,#10335,#10336);
#8819=AXIS2_PLACEMENT_3D('',#12719,#10337,#10338);
#8820=AXIS2_PLACEMENT_3D('',#12720,#10339,#10340);
#8821=AXIS2_PLACEMENT_3D('',#12721,#10341,#10342);
#8822=AXIS2_PLACEMENT_3D('',#12722,#10343,#10344);
#8823=AXIS2_PLACEMENT_3D('',#12758,#10345,#10346);
#8824=AXIS2_PLACEMENT_3D('',#12759,#10347,#10348);
#8825=AXIS2_PLACEMENT_3D('',#12760,#10349,#10350);
#8826=AXIS2_PLACEMENT_3D('',#12771,#10351,#10352);
#8827=AXIS2_PLACEMENT_3D('',#12802,#10353,#10354);
#8828=AXIS2_PLACEMENT_3D('',#12803,#10355,#10356);
#8829=AXIS2_PLACEMENT_3D('',#12804,#10357,#10358);
#8830=AXIS2_PLACEMENT_3D('',#12805,#10359,#10360);
#8831=AXIS2_PLACEMENT_3D('',#12846,#10361,#10362);
#8832=AXIS2_PLACEMENT_3D('',#12847,#10363,#10364);
#8833=AXIS2_PLACEMENT_3D('',#12848,#10365,#10366);
#8834=AXIS2_PLACEMENT_3D('',#12859,#10367,#10368);
#8835=AXIS2_PLACEMENT_3D('',#12860,#10369,#10370);
#8836=AXIS2_PLACEMENT_3D('',#12861,#10371,#10372);
#8837=AXIS2_PLACEMENT_3D('',#12862,#10373,#10374);
#8838=AXIS2_PLACEMENT_3D('',#12864,#10376,#10377);
#8839=AXIS2_PLACEMENT_3D('',#12865,#10378,#10379);
#8840=AXIS2_PLACEMENT_3D('',#12866,#10380,#10381);
#8841=AXIS2_PLACEMENT_3D('',#12867,#10382,#10383);
#8842=AXIS2_PLACEMENT_3D('',#12868,#10384,#10385);
#8843=AXIS2_PLACEMENT_3D('',#12869,#10386,#10387);
#8844=AXIS2_PLACEMENT_3D('',#12870,#10388,#10389);
#8845=AXIS2_PLACEMENT_3D('',#12871,#10390,#10391);
#8846=AXIS2_PLACEMENT_3D('',#12872,#10392,#10393);
#8847=AXIS2_PLACEMENT_3D('',#12873,#10394,#10395);
#8848=AXIS2_PLACEMENT_3D('',#12875,#10397,#10398);
#8849=AXIS2_PLACEMENT_3D('',#12876,#10399,#10400);
#8850=AXIS2_PLACEMENT_3D('',#12882,#10404,#10405);
#8851=AXIS2_PLACEMENT_3D('',#12886,#10408,#10409);
#8852=AXIS2_PLACEMENT_3D('',#12890,#10412,#10413);
#8853=AXIS2_PLACEMENT_3D('',#12892,#10415,#10416);
#8854=AXIS2_PLACEMENT_3D('',#12898,#10420,#10421);
#8855=AXIS2_PLACEMENT_3D('',#12902,#10424,#10425);
#8856=AXIS2_PLACEMENT_3D('',#12906,#10428,#10429);
#8857=AXIS2_PLACEMENT_3D('',#12908,#10431,#10432);
#8858=AXIS2_PLACEMENT_3D('',#12914,#10436,#10437);
#8859=AXIS2_PLACEMENT_3D('',#12918,#10440,#10441);
#8860=AXIS2_PLACEMENT_3D('',#12922,#10444,#10445);
#8861=AXIS2_PLACEMENT_3D('',#12924,#10447,#10448);
#8862=AXIS2_PLACEMENT_3D('',#12928,#10450,#10451);
#8863=AXIS2_PLACEMENT_3D('',#12930,#10453,#10454);
#8864=AXIS2_PLACEMENT_3D('',#12934,#10457,#10458);
#8865=AXIS2_PLACEMENT_3D('',#12936,#10459,#10460);
#8866=AXIS2_PLACEMENT_3D('',#12938,#10462,#10463);
#8867=AXIS2_PLACEMENT_3D('',#12942,#10466,#10467);
#8868=AXIS2_PLACEMENT_3D('',#12944,#10468,#10469);
#8869=AXIS2_PLACEMENT_3D('',#12946,#10471,#10472);
#8870=AXIS2_PLACEMENT_3D('',#12950,#10475,#10476);
#8871=AXIS2_PLACEMENT_3D('',#12952,#10477,#10478);
#8872=AXIS2_PLACEMENT_3D('',#12954,#10480,#10481);
#8873=AXIS2_PLACEMENT_3D('',#12956,#10483,#10484);
#8874=AXIS2_PLACEMENT_3D('',#12957,#10485,#10486);
#8875=AXIS2_PLACEMENT_3D('',#12963,#10489,#10490);
#8876=AXIS2_PLACEMENT_3D('',#12964,#10491,#10492);
#8877=AXIS2_PLACEMENT_3D('',#12970,#10496,#10497);
#8878=AXIS2_PLACEMENT_3D('',#12973,#10499,#10500);
#8879=AXIS2_PLACEMENT_3D('',#12974,#10501,#10502);
#8880=AXIS2_PLACEMENT_3D('',#12978,#10504,#10505);
#8881=AXIS2_PLACEMENT_3D('',#12982,#10508,#10509);
#8882=AXIS2_PLACEMENT_3D('',#12988,#10513,#10514);
#8883=AXIS2_PLACEMENT_3D('',#12992,#10517,#10518);
#8884=AXIS2_PLACEMENT_3D('',#12993,#10519,#10520);
#8885=AXIS2_PLACEMENT_3D('',#12994,#10521,#10522);
#8886=AXIS2_PLACEMENT_3D('',#12996,#10524,#10525);
#8887=AXIS2_PLACEMENT_3D('',#13001,#10527,#10528);
#8888=AXIS2_PLACEMENT_3D('',#13003,#10530,#10531);
#8889=AXIS2_PLACEMENT_3D('',#13006,#10532,#10533);
#8890=AXIS2_PLACEMENT_3D('',#13009,#10535,#10536);
#8891=AXIS2_PLACEMENT_3D('',#13012,#10538,#10539);
#8892=AXIS2_PLACEMENT_3D('',#13013,#10540,#10541);
#8893=AXIS2_PLACEMENT_3D('',#13017,#10544,#10545);
#8894=AXIS2_PLACEMENT_3D('',#13019,#10547,#10548);
#8895=AXIS2_PLACEMENT_3D('',#13025,#10552,#10553);
#8896=AXIS2_PLACEMENT_3D('',#13031,#10557,#10558);
#8897=AXIS2_PLACEMENT_3D('',#13033,#10560,#10561);
#8898=AXIS2_PLACEMENT_3D('',#13035,#10563,#10564);
#8899=AXIS2_PLACEMENT_3D('',#13044,#10569,#10570);
#8900=AXIS2_PLACEMENT_3D('',#13050,#10574,#10575);
#8901=AXIS2_PLACEMENT_3D('',#13056,#10579,#10580);
#8902=AXIS2_PLACEMENT_3D('',#13248,#10617,#10618);
#8903=AXIS2_PLACEMENT_3D('',#13254,#10622,#10623);
#8904=AXIS2_PLACEMENT_3D('',#13258,#10626,#10627);
#8905=AXIS2_PLACEMENT_3D('',#13262,#10630,#10631);
#8906=AXIS2_PLACEMENT_3D('',#13266,#10634,#10635);
#8907=AXIS2_PLACEMENT_3D('',#13270,#10638,#10639);
#8908=AXIS2_PLACEMENT_3D('',#13274,#10642,#10643);
#8909=AXIS2_PLACEMENT_3D('',#13278,#10646,#10647);
#8910=AXIS2_PLACEMENT_3D('',#13282,#10650,#10651);
#8911=AXIS2_PLACEMENT_3D('',#13286,#10654,#10655);
#8912=AXIS2_PLACEMENT_3D('',#13288,#10657,#10658);
#8913=AXIS2_PLACEMENT_3D('',#13289,#10659,#10660);
#8914=AXIS2_PLACEMENT_3D('',#13295,#10664,#10665);
#8915=AXIS2_PLACEMENT_3D('',#13299,#10668,#10669);
#8916=AXIS2_PLACEMENT_3D('',#13303,#10672,#10673);
#8917=AXIS2_PLACEMENT_3D('',#13307,#10676,#10677);
#8918=AXIS2_PLACEMENT_3D('',#13311,#10680,#10681);
#8919=AXIS2_PLACEMENT_3D('',#13315,#10684,#10685);
#8920=AXIS2_PLACEMENT_3D('',#13319,#10688,#10689);
#8921=AXIS2_PLACEMENT_3D('',#13323,#10692,#10693);
#8922=AXIS2_PLACEMENT_3D('',#13327,#10696,#10697);
#8923=AXIS2_PLACEMENT_3D('',#13329,#10699,#10700);
#8924=AXIS2_PLACEMENT_3D('',#13684,#10719,#10720);
#8925=AXIS2_PLACEMENT_3D('',#13685,#10721,#10722);
#8926=AXIS2_PLACEMENT_3D('',#13691,#10726,#10727);
#8927=AXIS2_PLACEMENT_3D('',#13695,#10730,#10731);
#8928=AXIS2_PLACEMENT_3D('',#13699,#10734,#10735);
#8929=AXIS2_PLACEMENT_3D('',#13703,#10738,#10739);
#8930=AXIS2_PLACEMENT_3D('',#13707,#10742,#10743);
#8931=AXIS2_PLACEMENT_3D('',#13711,#10746,#10747);
#8932=AXIS2_PLACEMENT_3D('',#13715,#10750,#10751);
#8933=AXIS2_PLACEMENT_3D('',#13719,#10754,#10755);
#8934=AXIS2_PLACEMENT_3D('',#13723,#10758,#10759);
#8935=AXIS2_PLACEMENT_3D('',#13725,#10761,#10762);
#8936=AXIS2_PLACEMENT_3D('',#14101,#10781,#10782);
#8937=AXIS2_PLACEMENT_3D('',#14102,#10783,#10784);
#8938=AXIS2_PLACEMENT_3D('',#14104,#10785,#10786);
#8939=AXIS2_PLACEMENT_3D('',#14107,#10788,#10789);
#8940=AXIS2_PLACEMENT_3D('',#14108,#10790,#10791);
#8941=AXIS2_PLACEMENT_3D('',#14109,#10792,#10793);
#8942=AXIS2_PLACEMENT_3D('',#14112,#10794,#10795);
#8943=AXIS2_PLACEMENT_3D('',#14116,#10797,#10798);
#8944=AXIS2_PLACEMENT_3D('',#14134,#10800,#10801);
#8945=AXIS2_PLACEMENT_3D('',#14135,#10802,#10803);
#8946=AXIS2_PLACEMENT_3D('',#14139,#10805,#10806);
#8947=AXIS2_PLACEMENT_3D('',#14141,#10808,#10809);
#8948=AXIS2_PLACEMENT_3D('',#14143,#10810,#10811);
#8949=AXIS2_PLACEMENT_3D('',#14160,#10813,#10814);
#8950=AXIS2_PLACEMENT_3D('',#14175,#10815,#10816);
#8951=AXIS2_PLACEMENT_3D('',#14178,#10817,#10818);
#8952=AXIS2_PLACEMENT_3D('',#14182,#10820,#10821);
#8953=AXIS2_PLACEMENT_3D('',#14184,#10822,#10823);
#8954=AXIS2_PLACEMENT_3D('',#14201,#10825,#10826);
#8955=AXIS2_PLACEMENT_3D('',#14217,#10827,#10828);
#8956=AXIS2_PLACEMENT_3D('',#14218,#10829,#10830);
#8957=AXIS2_PLACEMENT_3D('',#14219,#10831,#10832);
#8958=AXIS2_PLACEMENT_3D('',#14220,#10833,#10834);
#8959=AXIS2_PLACEMENT_3D('',#14239,#10837,#10838);
#8960=AXIS2_PLACEMENT_3D('',#14246,#10843,#10844);
#8961=AXIS2_PLACEMENT_3D('',#14248,#10845,#10846);
#8962=AXIS2_PLACEMENT_3D('',#14250,#10848,#10849);
#8963=AXIS2_PLACEMENT_3D('',#14253,#10852,#10853);
#8964=AXIS2_PLACEMENT_3D('',#14254,#10854,#10855);
#8965=AXIS2_PLACEMENT_3D('',#14257,#10856,#10857);
#8966=AXIS2_PLACEMENT_3D('',#14261,#10859,#10860);
#8967=AXIS2_PLACEMENT_3D('',#14263,#10862,#10863);
#8968=AXIS2_PLACEMENT_3D('',#14269,#10867,#10868);
#8969=AXIS2_PLACEMENT_3D('',#14272,#10869,#10870);
#8970=AXIS2_PLACEMENT_3D('',#14276,#10872,#10873);
#8971=AXIS2_PLACEMENT_3D('',#14278,#10875,#10876);
#8972=AXIS2_PLACEMENT_3D('',#14284,#10880,#10881);
#8973=AXIS2_PLACEMENT_3D('',#14286,#10882,#10883);
#8974=AXIS2_PLACEMENT_3D('',#14289,#10885,#10886);
#8975=AXIS2_PLACEMENT_3D('',#14290,#10887,#10888);
#8976=AXIS2_PLACEMENT_3D('',#14293,#10890,#10891);
#8977=AXIS2_PLACEMENT_3D('',#14298,#10894,#10895);
#8978=AXIS2_PLACEMENT_3D('',#14302,#10897,#10898);
#8979=AXIS2_PLACEMENT_3D('',#14308,#10901,#10902);
#8980=AXIS2_PLACEMENT_3D('',#14312,#10904,#10905);
#8981=AXIS2_PLACEMENT_3D('',#14316,#10907,#10908);
#8982=AXIS2_PLACEMENT_3D('',#14320,#10910,#10911);
#8983=AXIS2_PLACEMENT_3D('',#14324,#10913,#10914);
#8984=AXIS2_PLACEMENT_3D('',#14328,#10916,#10917);
#8985=AXIS2_PLACEMENT_3D('',#14332,#10919,#10920);
#8986=AXIS2_PLACEMENT_3D('',#14336,#10922,#10923);
#8987=AXIS2_PLACEMENT_3D('',#14340,#10925,#10926);
#8988=AXIS2_PLACEMENT_3D('',#14344,#10928,#10929);
#8989=AXIS2_PLACEMENT_3D('',#14348,#10931,#10932);
#8990=AXIS2_PLACEMENT_3D('',#14352,#10934,#10935);
#8991=AXIS2_PLACEMENT_3D('',#14356,#10937,#10938);
#8992=AXIS2_PLACEMENT_3D('',#14360,#10940,#10941);
#8993=AXIS2_PLACEMENT_3D('',#14364,#10943,#10944);
#8994=AXIS2_PLACEMENT_3D('',#14368,#10946,#10947);
#8995=AXIS2_PLACEMENT_3D('',#14372,#10949,#10950);
#8996=AXIS2_PLACEMENT_3D('',#14376,#10952,#10953);
#8997=AXIS2_PLACEMENT_3D('',#14380,#10955,#10956);
#8998=AXIS2_PLACEMENT_3D('',#14384,#10958,#10959);
#8999=AXIS2_PLACEMENT_3D('',#14388,#10961,#10962);
#9000=AXIS2_PLACEMENT_3D('',#14392,#10964,#10965);
#9001=AXIS2_PLACEMENT_3D('',#14396,#10967,#10968);
#9002=AXIS2_PLACEMENT_3D('',#14400,#10970,#10971);
#9003=AXIS2_PLACEMENT_3D('',#14404,#10973,#10974);
#9004=AXIS2_PLACEMENT_3D('',#14414,#10979,#10980);
#9005=AXIS2_PLACEMENT_3D('',#14418,#10982,#10983);
#9006=AXIS2_PLACEMENT_3D('',#14420,#10985,#10986);
#9007=AXIS2_PLACEMENT_3D('',#14421,#10987,#10988);
#9008=AXIS2_PLACEMENT_3D('',#14422,#10989,#10990);
#9009=AXIS2_PLACEMENT_3D('',#14423,#10991,#10992);
#9010=AXIS2_PLACEMENT_3D('',#14425,#10993,#10994);
#9011=AXIS2_PLACEMENT_3D('',#14428,#10996,#10997);
#9012=AXIS2_PLACEMENT_3D('',#14431,#10999,#11000);
#9013=AXIS2_PLACEMENT_3D('',#14441,#11005,#11006);
#9014=AXIS2_PLACEMENT_3D('',#14445,#11008,#11009);
#9015=AXIS2_PLACEMENT_3D('',#14449,#11011,#11012);
#9016=AXIS2_PLACEMENT_3D('',#14453,#11014,#11015);
#9017=AXIS2_PLACEMENT_3D('',#14457,#11017,#11018);
#9018=AXIS2_PLACEMENT_3D('',#14461,#11020,#11021);
#9019=AXIS2_PLACEMENT_3D('',#14465,#11023,#11024);
#9020=AXIS2_PLACEMENT_3D('',#14469,#11026,#11027);
#9021=AXIS2_PLACEMENT_3D('',#14473,#11029,#11030);
#9022=AXIS2_PLACEMENT_3D('',#14477,#11032,#11033);
#9023=AXIS2_PLACEMENT_3D('',#14481,#11035,#11036);
#9024=AXIS2_PLACEMENT_3D('',#14485,#11038,#11039);
#9025=AXIS2_PLACEMENT_3D('',#14489,#11041,#11042);
#9026=AXIS2_PLACEMENT_3D('',#14493,#11044,#11045);
#9027=AXIS2_PLACEMENT_3D('',#14497,#11047,#11048);
#9028=AXIS2_PLACEMENT_3D('',#14501,#11050,#11051);
#9029=AXIS2_PLACEMENT_3D('',#14505,#11053,#11054);
#9030=AXIS2_PLACEMENT_3D('',#14509,#11056,#11057);
#9031=AXIS2_PLACEMENT_3D('',#14513,#11059,#11060);
#9032=AXIS2_PLACEMENT_3D('',#14517,#11062,#11063);
#9033=AXIS2_PLACEMENT_3D('',#14521,#11065,#11066);
#9034=AXIS2_PLACEMENT_3D('',#14525,#11068,#11069);
#9035=AXIS2_PLACEMENT_3D('',#14529,#11071,#11072);
#9036=AXIS2_PLACEMENT_3D('',#14533,#11074,#11075);
#9037=AXIS2_PLACEMENT_3D('',#14536,#11077,#11078);
#9038=AXIS2_PLACEMENT_3D('',#14537,#11079,#11080);
#9039=AXIS2_PLACEMENT_3D('',#14538,#11081,#11082);
#9040=AXIS2_PLACEMENT_3D('',#14543,#11084,#11085);
#9041=AXIS2_PLACEMENT_3D('',#14549,#11088,#11089);
#9042=AXIS2_PLACEMENT_3D('',#14553,#11091,#11092);
#9043=AXIS2_PLACEMENT_3D('',#14559,#11095,#11096);
#9044=AXIS2_PLACEMENT_3D('',#14563,#11098,#11099);
#9045=AXIS2_PLACEMENT_3D('',#14567,#11101,#11102);
#9046=AXIS2_PLACEMENT_3D('',#14569,#11104,#11105);
#9047=AXIS2_PLACEMENT_3D('',#14571,#11106,#11107);
#9048=AXIS2_PLACEMENT_3D('',#14575,#11109,#11110);
#9049=AXIS2_PLACEMENT_3D('',#14578,#11112,#11113);
#9050=AXIS2_PLACEMENT_3D('',#14579,#11114,#11115);
#9051=AXIS2_PLACEMENT_3D('',#14582,#11118,#11119);
#9052=AXIS2_PLACEMENT_3D('',#14600,#11120,#11121);
#9053=AXIS2_PLACEMENT_3D('',#14602,#11122,#11123);
#9054=AXIS2_PLACEMENT_3D('',#14603,#11124,#11125);
#9055=AXIS2_PLACEMENT_3D('',#14604,#11126,#11127);
#9056=AXIS2_PLACEMENT_3D('',#14607,#11130,#11131);
#9057=AXIS2_PLACEMENT_3D('',#14610,#11134,#11135);
#9058=AXIS2_PLACEMENT_3D('',#14627,#11136,#11137);
#9059=AXIS2_PLACEMENT_3D('',#14645,#11138,#11139);
#9060=AXIS2_PLACEMENT_3D('',#14647,#11140,#11141);
#9061=AXIS2_PLACEMENT_3D('',#14648,#11142,#11143);
#9062=AXIS2_PLACEMENT_3D('',#14649,#11144,#11145);
#9063=AXIS2_PLACEMENT_3D('',#14652,#11148,#11149);
#9064=AXIS2_PLACEMENT_3D('',#14654,#11151,#11152);
#9065=AXIS2_PLACEMENT_3D('',#14687,#11153,#11154);
#9066=AXIS2_PLACEMENT_3D('',#14705,#11155,#11156);
#9067=AXIS2_PLACEMENT_3D('',#14707,#11157,#11158);
#9068=AXIS2_PLACEMENT_3D('',#14708,#11159,#11160);
#9069=AXIS2_PLACEMENT_3D('',#14709,#11161,#11162);
#9070=AXIS2_PLACEMENT_3D('',#14712,#11165,#11166);
#9071=AXIS2_PLACEMENT_3D('',#14714,#11168,#11169);
#9072=AXIS2_PLACEMENT_3D('',#14747,#11170,#11171);
#9073=AXIS2_PLACEMENT_3D('',#14760,#11173,#11174);
#9074=AXIS2_PLACEMENT_3D('',#14777,#11176,#11177);
#9075=AXIS2_PLACEMENT_3D('',#14781,#11179,#11180);
#9076=AXIS2_PLACEMENT_3D('',#14794,#11182,#11183);
#9077=AXIS2_PLACEMENT_3D('',#14811,#11185,#11186);
#9078=AXIS2_PLACEMENT_3D('',#14812,#11187,#11188);
#9079=AXIS2_PLACEMENT_3D('',#14829,#11189,#11190);
#9080=AXIS2_PLACEMENT_3D('',#14830,#11191,#11192);
#9081=AXIS2_PLACEMENT_3D('',#14831,#11193,#11194);
#9082=AXIS2_PLACEMENT_3D('',#14834,#11197,#11198);
#9083=AXIS2_PLACEMENT_3D('',#14835,#11199,#11200);
#9084=AXIS2_PLACEMENT_3D('',#14855,#11202,#11203);
#9085=AXIS2_PLACEMENT_3D('',#14857,#11205,#11206);
#9086=AXIS2_PLACEMENT_3D('',#14859,#11208,#11209);
#9087=AXIS2_PLACEMENT_3D('',#14861,#11211,#11212);
#9088=AXIS2_PLACEMENT_3D('',#14862,#11213,#11214);
#9089=AXIS2_PLACEMENT_3D('',#14864,#11216,#11217);
#9090=AXIS2_PLACEMENT_3D('',#14866,#11219,#11220);
#9091=AXIS2_PLACEMENT_3D('',#14867,#11221,#11222);
#9092=AXIS2_PLACEMENT_3D('',#14870,#11225,#11226);
#9093=AXIS2_PLACEMENT_3D('',#14872,#11228,#11229);
#9094=AXIS2_PLACEMENT_3D('',#14874,#11231,#11232);
#9095=AXIS2_PLACEMENT_3D('',#14876,#11234,#11235);
#9096=AXIS2_PLACEMENT_3D('',#14878,#11237,#11238);
#9097=AXIS2_PLACEMENT_3D('',#14880,#11240,#11241);
#9098=AXIS2_PLACEMENT_3D('',#14882,#11243,#11244);
#9099=AXIS2_PLACEMENT_3D('',#14884,#11246,#11247);
#9100=AXIS2_PLACEMENT_3D('',#14886,#11249,#11250);
#9101=AXIS2_PLACEMENT_3D('',#14888,#11252,#11253);
#9102=AXIS2_PLACEMENT_3D('',#14890,#11255,#11256);
#9103=AXIS2_PLACEMENT_3D('',#14892,#11258,#11259);
#9104=AXIS2_PLACEMENT_3D('',#14894,#11261,#11262);
#9105=AXIS2_PLACEMENT_3D('',#14896,#11264,#11265);
#9106=AXIS2_PLACEMENT_3D('',#14898,#11267,#11268);
#9107=AXIS2_PLACEMENT_3D('',#14900,#11270,#11271);
#9108=AXIS2_PLACEMENT_3D('',#14902,#11273,#11274);
#9109=AXIS2_PLACEMENT_3D('',#14904,#11276,#11277);
#9110=AXIS2_PLACEMENT_3D('',#14906,#11279,#11280);
#9111=AXIS2_PLACEMENT_3D('',#14908,#11282,#11283);
#9112=AXIS2_PLACEMENT_3D('',#14910,#11285,#11286);
#9113=AXIS2_PLACEMENT_3D('',#14912,#11288,#11289);
#9114=AXIS2_PLACEMENT_3D('',#14914,#11291,#11292);
#9115=AXIS2_PLACEMENT_3D('',#14916,#11294,#11295);
#9116=AXIS2_PLACEMENT_3D('',#14918,#11297,#11298);
#9117=AXIS2_PLACEMENT_3D('',#14920,#11300,#11301);
#9118=AXIS2_PLACEMENT_3D('',#14922,#11303,#11304);
#9119=AXIS2_PLACEMENT_3D('',#14924,#11306,#11307);
#9120=AXIS2_PLACEMENT_3D('',#14926,#11309,#11310);
#9121=AXIS2_PLACEMENT_3D('',#14928,#11312,#11313);
#9122=AXIS2_PLACEMENT_3D('',#14930,#11315,#11316);
#9123=AXIS2_PLACEMENT_3D('',#14932,#11318,#11319);
#9124=AXIS2_PLACEMENT_3D('',#14934,#11321,#11322);
#9125=AXIS2_PLACEMENT_3D('',#14936,#11324,#11325);
#9126=AXIS2_PLACEMENT_3D('',#14938,#11327,#11328);
#9127=AXIS2_PLACEMENT_3D('',#14940,#11330,#11331);
#9128=AXIS2_PLACEMENT_3D('',#14942,#11333,#11334);
#9129=AXIS2_PLACEMENT_3D('',#14944,#11336,#11337);
#9130=AXIS2_PLACEMENT_3D('',#14946,#11339,#11340);
#9131=AXIS2_PLACEMENT_3D('',#14948,#11342,#11343);
#9132=AXIS2_PLACEMENT_3D('',#14950,#11345,#11346);
#9133=AXIS2_PLACEMENT_3D('',#14952,#11348,#11349);
#9134=AXIS2_PLACEMENT_3D('',#14954,#11351,#11352);
#9135=AXIS2_PLACEMENT_3D('',#14956,#11354,#11355);
#9136=AXIS2_PLACEMENT_3D('',#14958,#11357,#11358);
#9137=AXIS2_PLACEMENT_3D('',#14960,#11360,#11361);
#9138=AXIS2_PLACEMENT_3D('',#14962,#11363,#11364);
#9139=AXIS2_PLACEMENT_3D('',#14964,#11366,#11367);
#9140=AXIS2_PLACEMENT_3D('',#14966,#11369,#11370);
#9141=AXIS2_PLACEMENT_3D('',#14969,#11373,#11374);
#9142=AXIS2_PLACEMENT_3D('',#14975,#11378,#11379);
#9143=AXIS2_PLACEMENT_3D('',#14979,#11382,#11383);
#9144=AXIS2_PLACEMENT_3D('',#14980,#11384,#11385);
#9145=AXIS2_PLACEMENT_3D('',#14981,#11386,#11387);
#9146=AXIS2_PLACEMENT_3D('',#14983,#11388,#11389);
#9147=AXIS2_PLACEMENT_3D('',#14984,#11390,#11391);
#9148=AXIS2_PLACEMENT_3D('',#14988,#11394,#11395);
#9149=AXIS2_PLACEMENT_3D('',#14990,#11397,#11398);
#9150=AXIS2_PLACEMENT_3D('',#14992,#11399,#11400);
#9151=AXIS2_PLACEMENT_3D('',#14993,#11401,#11402);
#9152=AXIS2_PLACEMENT_3D('',#14997,#11404,#11405);
#9153=AXIS2_PLACEMENT_3D('',#14999,#11407,#11408);
#9154=AXIS2_PLACEMENT_3D('',#15003,#11411,#11412);
#9155=AXIS2_PLACEMENT_3D('',#15005,#11414,#11415);
#9156=AXIS2_PLACEMENT_3D('',#15007,#11416,#11417);
#9157=AXIS2_PLACEMENT_3D('',#15008,#11418,#11419);
#9158=AXIS2_PLACEMENT_3D('',#15012,#11422,#11423);
#9159=AXIS2_PLACEMENT_3D('',#15014,#11425,#11426);
#9160=AXIS2_PLACEMENT_3D('',#15016,#11427,#11428);
#9161=AXIS2_PLACEMENT_3D('',#15017,#11429,#11430);
#9162=AXIS2_PLACEMENT_3D('',#15018,#11431,#11432);
#9163=AXIS2_PLACEMENT_3D('',#15020,#11433,#11434);
#9164=AXIS2_PLACEMENT_3D('',#15022,#11436,#11437);
#9165=AXIS2_PLACEMENT_3D('',#15024,#11438,#11439);
#9166=AXIS2_PLACEMENT_3D('',#15026,#11441,#11442);
#9167=AXIS2_PLACEMENT_3D('',#15027,#11443,#11444);
#9168=AXIS2_PLACEMENT_3D('',#15029,#11445,#11446);
#9169=AXIS2_PLACEMENT_3D('',#15031,#11448,#11449);
#9170=AXIS2_PLACEMENT_3D('',#15032,#11450,#11451);
#9171=AXIS2_PLACEMENT_3D('',#15033,#11452,#11453);
#9172=AXIS2_PLACEMENT_3D('',#15035,#11454,#11455);
#9173=AXIS2_PLACEMENT_3D('',#15037,#11457,#11458);
#9174=AXIS2_PLACEMENT_3D('',#15038,#11459,#11460);
#9175=AXIS2_PLACEMENT_3D('',#15039,#11461,#11462);
#9176=AXIS2_PLACEMENT_3D('',#15040,#11463,#11464);
#9177=AXIS2_PLACEMENT_3D('',#15041,#11465,#11466);
#9178=AXIS2_PLACEMENT_3D('',#15042,#11467,#11468);
#9179=DIRECTION('axis',(0.,0.,1.));
#9180=DIRECTION('refdir',(1.,0.,0.));
#9181=DIRECTION('axis',(0.,0.,1.));
#9182=DIRECTION('refdir',(1.,0.,0.));
#9183=DIRECTION('center_axis',(-1.,0.,0.));
#9184=DIRECTION('ref_axis',(0.,-0.707106781186555,0.70710678118654));
#9185=DIRECTION('center_axis',(1.,0.,0.));
#9186=DIRECTION('ref_axis',(0.,-0.707106781186555,0.70710678118654));
#9187=DIRECTION('',(-1.,0.,0.));
#9188=DIRECTION('center_axis',(-1.,0.,0.));
#9189=DIRECTION('ref_axis',(0.,-0.707106781186555,0.70710678118654));
#9190=DIRECTION('',(1.,0.,0.));
#9191=DIRECTION('center_axis',(0.,-1.,0.));
#9192=DIRECTION('ref_axis',(0.,0.,-1.));
#9193=DIRECTION('',(0.,0.,-1.));
#9194=DIRECTION('',(1.,0.,0.));
#9195=DIRECTION('',(0.,0.,1.));
#9196=DIRECTION('center_axis',(1.,0.,0.));
#9197=DIRECTION('ref_axis',(0.,0.70710678118654,0.707106781186555));
#9198=DIRECTION('center_axis',(-1.,0.,0.));
#9199=DIRECTION('ref_axis',(0.,0.70710678118654,0.707106781186555));
#9200=DIRECTION('',(1.,0.,0.));
#9201=DIRECTION('center_axis',(1.,0.,0.));
#9202=DIRECTION('ref_axis',(0.,0.70710678118654,0.707106781186555));
#9203=DIRECTION('',(-1.,0.,0.));
#9204=DIRECTION('center_axis',(0.,1.,0.));
#9205=DIRECTION('ref_axis',(0.,0.,1.));
#9206=DIRECTION('',(0.,0.,-1.));
#9207=DIRECTION('',(-1.,0.,0.));
#9208=DIRECTION('',(0.,0.,1.));
#9209=DIRECTION('center_axis',(-1.,0.,0.));
#9210=DIRECTION('ref_axis',(0.,-1.,0.));
#9211=DIRECTION('',(0.,-1.,0.));
#9212=DIRECTION('',(0.,1.,-5.84327907697452E-16));
#9213=DIRECTION('center_axis',(1.,0.,0.));
#9214=DIRECTION('ref_axis',(0.,-1.,0.));
#9215=DIRECTION('center_axis',(-1.,0.,0.));
#9216=DIRECTION('ref_axis',(0.,-1.,0.));
#9217=DIRECTION('',(1.,0.,0.));
#9218=DIRECTION('center_axis',(-1.,0.,0.));
#9219=DIRECTION('ref_axis',(0.,-1.,0.));
#9220=DIRECTION('center_axis',(0.,5.84327907697452E-16,1.));
#9221=DIRECTION('ref_axis',(0.,-1.,5.84327907697452E-16));
#9222=DIRECTION('',(0.,-1.,5.84327907697452E-16));
#9223=DIRECTION('center_axis',(-1.,0.,0.));
#9224=DIRECTION('ref_axis',(0.,-1.,0.));
#9225=DIRECTION('',(0.,1.,0.));
#9226=DIRECTION('center_axis',(1.,0.,0.));
#9227=DIRECTION('ref_axis',(0.,0.707106781186548,0.707106781186548));
#9228=DIRECTION('center_axis',(-1.,0.,0.));
#9229=DIRECTION('ref_axis',(0.,0.707106781186548,0.707106781186548));
#9230=DIRECTION('',(1.,0.,0.));
#9231=DIRECTION('center_axis',(1.,0.,0.));
#9232=DIRECTION('ref_axis',(0.,0.707106781186548,0.707106781186548));
#9233=DIRECTION('',(-1.,0.,0.));
#9234=DIRECTION('center_axis',(0.,-1.,0.));
#9235=DIRECTION('ref_axis',(0.,0.,-1.));
#9236=DIRECTION('',(0.,0.,1.));
#9237=DIRECTION('',(1.,0.,0.));
#9238=DIRECTION('',(0.,0.,-1.));
#9239=DIRECTION('center_axis',(-1.,0.,0.));
#9240=DIRECTION('ref_axis',(0.,-0.707106781186548,0.707106781186548));
#9241=DIRECTION('center_axis',(1.,0.,0.));
#9242=DIRECTION('ref_axis',(0.,-0.707106781186548,0.707106781186548));
#9243=DIRECTION('',(-1.,0.,0.));
#9244=DIRECTION('center_axis',(-1.,0.,0.));
#9245=DIRECTION('ref_axis',(0.,-0.707106781186548,0.707106781186548));
#9246=DIRECTION('',(1.,0.,0.));
#9247=DIRECTION('center_axis',(0.,1.,0.));
#9248=DIRECTION('ref_axis',(0.,0.,1.));
#9249=DIRECTION('',(0.,0.,1.));
#9250=DIRECTION('',(-1.,0.,0.));
#9251=DIRECTION('',(0.,0.,-1.));
#9252=DIRECTION('center_axis',(1.,0.,0.));
#9253=DIRECTION('ref_axis',(0.,1.,0.));
#9254=DIRECTION('center_axis',(-1.,0.,0.));
#9255=DIRECTION('ref_axis',(0.,1.,0.));
#9256=DIRECTION('',(0.,-1.,-5.84327907697452E-16));
#9257=DIRECTION('',(0.,-1.,0.));
#9258=DIRECTION('center_axis',(1.,0.,0.));
#9259=DIRECTION('ref_axis',(0.,1.,0.));
#9260=DIRECTION('center_axis',(1.,0.,0.));
#9261=DIRECTION('ref_axis',(0.,1.,0.));
#9262=DIRECTION('',(1.,0.,0.));
#9263=DIRECTION('center_axis',(0.,5.84327907697452E-16,-1.));
#9264=DIRECTION('ref_axis',(0.,1.,5.84327907697452E-16));
#9265=DIRECTION('',(0.,1.,5.84327907697452E-16));
#9266=DIRECTION('center_axis',(1.,0.,0.));
#9267=DIRECTION('ref_axis',(0.,1.,0.));
#9268=DIRECTION('',(0.,1.,0.));
#9269=DIRECTION('center_axis',(0.,0.,1.));
#9270=DIRECTION('ref_axis',(1.,-1.22464679914735E-16,0.));
#9271=DIRECTION('',(0.,0.,1.));
#9272=DIRECTION('center_axis',(0.,0.,-1.));
#9273=DIRECTION('ref_axis',(-1.,0.,0.));
#9274=DIRECTION('',(0.,0.,-1.));
#9275=DIRECTION('center_axis',(0.,0.,1.));
#9276=DIRECTION('ref_axis',(-1.,0.,0.));
#9277=DIRECTION('center_axis',(1.,6.02154860813644E-16,0.));
#9278=DIRECTION('ref_axis',(6.02154860813644E-16,-1.,0.));
#9279=DIRECTION('',(6.02154860813644E-16,-1.,0.));
#9280=DIRECTION('',(0.,0.,-1.));
#9281=DIRECTION('',(-6.02154860813644E-16,1.,0.));
#9282=DIRECTION('center_axis',(1.,6.02154860813644E-16,0.));
#9283=DIRECTION('ref_axis',(6.02154860813644E-16,-1.,0.));
#9284=DIRECTION('',(-6.02154860813644E-16,1.,0.));
#9285=DIRECTION('',(0.,0.,-1.));
#9286=DIRECTION('',(6.02154860813644E-16,-1.,0.));
#9287=DIRECTION('center_axis',(0.,0.,1.));
#9288=DIRECTION('ref_axis',(-1.,0.,0.));
#9289=DIRECTION('',(0.,-1.,0.));
#9290=DIRECTION('',(1.,0.,0.));
#9291=DIRECTION('',(0.,1.,0.));
#9292=DIRECTION('',(-1.,-3.17206578464334E-16,0.));
#9293=DIRECTION('center_axis',(0.,0.,1.));
#9294=DIRECTION('ref_axis',(1.,5.92118946466735E-15,0.));
#9295=DIRECTION('',(0.,1.,0.));
#9296=DIRECTION('center_axis',(0.,0.,1.));
#9297=DIRECTION('ref_axis',(0.,-1.,0.));
#9298=DIRECTION('',(1.,0.,0.));
#9299=DIRECTION('',(0.,1.,0.));
#9300=DIRECTION('',(-1.,0.,0.));
#9301=DIRECTION('',(0.,-1.,0.));
#9302=DIRECTION('',(1.,0.,0.));
#9303=DIRECTION('center_axis',(0.,0.,1.));
#9304=DIRECTION('ref_axis',(-1.,-1.18423789293347E-14,0.));
#9305=DIRECTION('',(6.02154860813644E-16,-1.,0.));
#9306=DIRECTION('center_axis',(0.,0.,1.));
#9307=DIRECTION('ref_axis',(1.1842378929335E-14,1.,0.));
#9308=DIRECTION('',(-1.,-3.17206578464334E-16,0.));
#9309=DIRECTION('center_axis',(0.,0.,1.));
#9310=DIRECTION('ref_axis',(2.45014736468995E-14,1.,0.));
#9311=DIRECTION('',(-1.,-2.11471052309556E-16,0.));
#9312=DIRECTION('center_axis',(0.,0.,1.));
#9313=DIRECTION('ref_axis',(-1.,0.,0.));
#9314=DIRECTION('',(-1.,-2.11471052309556E-16,0.));
#9315=DIRECTION('center_axis',(0.,0.,1.));
#9316=DIRECTION('ref_axis',(-1.,0.,0.));
#9317=DIRECTION('',(-1.,-2.11471052309556E-16,0.));
#9318=DIRECTION('center_axis',(0.,0.,1.));
#9319=DIRECTION('ref_axis',(-1.,0.,0.));
#9320=DIRECTION('',(-1.,-2.11471052309556E-16,0.));
#9321=DIRECTION('center_axis',(0.,0.,1.));
#9322=DIRECTION('ref_axis',(-1.,0.,0.));
#9323=DIRECTION('',(-1.,-2.11471052309556E-16,0.));
#9324=DIRECTION('center_axis',(0.,0.,1.));
#9325=DIRECTION('ref_axis',(-1.,0.,0.));
#9326=DIRECTION('',(-1.,-2.11471052309556E-16,0.));
#9327=DIRECTION('center_axis',(0.,0.,1.));
#9328=DIRECTION('ref_axis',(-1.,0.,0.));
#9329=DIRECTION('',(-1.,-2.11471052309556E-16,0.));
#9330=DIRECTION('center_axis',(0.,0.,1.));
#9331=DIRECTION('ref_axis',(-1.,0.,0.));
#9332=DIRECTION('',(-1.,-2.11471052309556E-16,0.));
#9333=DIRECTION('center_axis',(0.,0.,1.));
#9334=DIRECTION('ref_axis',(-1.,0.,0.));
#9335=DIRECTION('',(-1.,-2.11471052309556E-16,0.));
#9336=DIRECTION('center_axis',(0.,0.,1.));
#9337=DIRECTION('ref_axis',(-1.,0.,0.));
#9338=DIRECTION('',(-1.,-2.11471052309556E-16,0.));
#9339=DIRECTION('center_axis',(0.,0.,1.));
#9340=DIRECTION('ref_axis',(-1.,0.,0.));
#9341=DIRECTION('center_axis',(0.,0.,1.));
#9342=DIRECTION('ref_axis',(1.,0.,0.));
#9343=DIRECTION('',(-1.,-2.11471052309556E-16,0.));
#9344=DIRECTION('',(-6.02154860813644E-16,1.,0.));
#9345=DIRECTION('center_axis',(0.,0.,1.));
#9346=DIRECTION('ref_axis',(1.,0.,0.));
#9347=DIRECTION('center_axis',(0.,0.,1.));
#9348=DIRECTION('ref_axis',(-1.,0.,0.));
#9349=DIRECTION('',(-6.02154860813644E-16,1.,0.));
#9350=DIRECTION('center_axis',(0.,0.,1.));
#9351=DIRECTION('ref_axis',(-1.,0.,0.));
#9352=DIRECTION('',(-6.02154860813644E-16,1.,0.));
#9353=DIRECTION('center_axis',(0.,0.,1.));
#9354=DIRECTION('ref_axis',(-1.,0.,0.));
#9355=DIRECTION('',(-6.02154860813644E-16,1.,0.));
#9356=DIRECTION('center_axis',(0.,0.,1.));
#9357=DIRECTION('ref_axis',(-1.,0.,0.));
#9358=DIRECTION('',(-6.02154860813644E-16,1.,0.));
#9359=DIRECTION('center_axis',(0.,0.,1.));
#9360=DIRECTION('ref_axis',(-1.,0.,0.));
#9361=DIRECTION('',(-6.02154860813644E-16,1.,0.));
#9362=DIRECTION('center_axis',(0.,0.,1.));
#9363=DIRECTION('ref_axis',(-1.,0.,0.));
#9364=DIRECTION('',(-6.02154860813644E-16,1.,0.));
#9365=DIRECTION('center_axis',(0.,0.,1.));
#9366=DIRECTION('ref_axis',(-1.,0.,0.));
#9367=DIRECTION('',(-6.02154860813644E-16,1.,0.));
#9368=DIRECTION('center_axis',(0.,0.,1.));
#9369=DIRECTION('ref_axis',(-1.,0.,0.));
#9370=DIRECTION('',(-6.02154860813644E-16,1.,0.));
#9371=DIRECTION('center_axis',(0.,0.,1.));
#9372=DIRECTION('ref_axis',(-1.,0.,0.));
#9373=DIRECTION('center_axis',(0.,0.,1.));
#9374=DIRECTION('ref_axis',(-1.,0.,0.));
#9375=DIRECTION('',(-6.02154860813644E-16,1.,0.));
#9376=DIRECTION('center_axis',(0.,0.,1.));
#9377=DIRECTION('ref_axis',(-1.,0.,0.));
#9378=DIRECTION('',(-6.02154860813644E-16,1.,0.));
#9379=DIRECTION('center_axis',(0.,0.,1.));
#9380=DIRECTION('ref_axis',(-1.,0.,0.));
#9381=DIRECTION('',(-6.02154860813644E-16,1.,0.));
#9382=DIRECTION('center_axis',(0.,0.,1.));
#9383=DIRECTION('ref_axis',(-1.,0.,0.));
#9384=DIRECTION('',(-6.02154860813644E-16,1.,0.));
#9385=DIRECTION('center_axis',(0.,0.,1.));
#9386=DIRECTION('ref_axis',(-1.,0.,0.));
#9387=DIRECTION('',(-6.02154860813644E-16,1.,0.));
#9388=DIRECTION('center_axis',(0.,0.,1.));
#9389=DIRECTION('ref_axis',(-1.,0.,0.));
#9390=DIRECTION('',(-6.02154860813644E-16,1.,0.));
#9391=DIRECTION('center_axis',(0.,0.,1.));
#9392=DIRECTION('ref_axis',(-1.,0.,0.));
#9393=DIRECTION('',(-6.02154860813644E-16,1.,0.));
#9394=DIRECTION('center_axis',(0.,0.,1.));
#9395=DIRECTION('ref_axis',(-1.,0.,0.));
#9396=DIRECTION('',(-6.02154860813644E-16,1.,0.));
#9397=DIRECTION('center_axis',(0.,0.,1.));
#9398=DIRECTION('ref_axis',(-1.,0.,0.));
#9399=DIRECTION('',(-6.02154860813644E-16,1.,0.));
#9400=DIRECTION('center_axis',(0.,0.,1.));
#9401=DIRECTION('ref_axis',(-1.,0.,0.));
#9402=DIRECTION('center_axis',(0.,0.,1.));
#9403=DIRECTION('ref_axis',(1.,0.,0.));
#9404=DIRECTION('',(-6.02154860813644E-16,1.,0.));
#9405=DIRECTION('',(1.,0.,0.));
#9406=DIRECTION('center_axis',(0.,0.,1.));
#9407=DIRECTION('ref_axis',(1.,0.,0.));
#9408=DIRECTION('center_axis',(0.,0.,1.));
#9409=DIRECTION('ref_axis',(-1.,0.,0.));
#9410=DIRECTION('',(1.,0.,0.));
#9411=DIRECTION('center_axis',(0.,0.,1.));
#9412=DIRECTION('ref_axis',(-1.,0.,0.));
#9413=DIRECTION('',(1.,0.,0.));
#9414=DIRECTION('center_axis',(0.,0.,1.));
#9415=DIRECTION('ref_axis',(-1.,0.,0.));
#9416=DIRECTION('',(1.,0.,0.));
#9417=DIRECTION('center_axis',(0.,0.,1.));
#9418=DIRECTION('ref_axis',(-1.,0.,0.));
#9419=DIRECTION('',(1.,0.,0.));
#9420=DIRECTION('center_axis',(0.,0.,1.));
#9421=DIRECTION('ref_axis',(-1.,0.,0.));
#9422=DIRECTION('',(1.,0.,0.));
#9423=DIRECTION('center_axis',(0.,0.,1.));
#9424=DIRECTION('ref_axis',(-1.,0.,0.));
#9425=DIRECTION('',(1.,0.,0.));
#9426=DIRECTION('center_axis',(0.,0.,1.));
#9427=DIRECTION('ref_axis',(-1.,0.,0.));
#9428=DIRECTION('',(1.,0.,0.));
#9429=DIRECTION('center_axis',(0.,0.,1.));
#9430=DIRECTION('ref_axis',(-1.,0.,0.));
#9431=DIRECTION('',(1.,0.,0.));
#9432=DIRECTION('center_axis',(0.,0.,1.));
#9433=DIRECTION('ref_axis',(-1.,0.,0.));
#9434=DIRECTION('',(1.,0.,0.));
#9435=DIRECTION('center_axis',(0.,0.,1.));
#9436=DIRECTION('ref_axis',(-1.,0.,0.));
#9437=DIRECTION('',(1.,0.,0.));
#9438=DIRECTION('center_axis',(0.,0.,1.));
#9439=DIRECTION('ref_axis',(1.,3.67522104703501E-14,0.));
#9440=DIRECTION('',(-6.02154860813644E-16,1.,0.));
#9441=DIRECTION('center_axis',(0.,0.,1.));
#9442=DIRECTION('ref_axis',(1.,0.,0.));
#9443=DIRECTION('',(1.20430972162729E-15,-1.,0.));
#9444=DIRECTION('center_axis',(0.,0.,1.));
#9445=DIRECTION('ref_axis',(1.,0.,0.));
#9446=DIRECTION('',(1.20430972162729E-15,-1.,0.));
#9447=DIRECTION('center_axis',(0.,0.,1.));
#9448=DIRECTION('ref_axis',(1.,0.,0.));
#9449=DIRECTION('',(1.20430972162729E-15,-1.,0.));
#9450=DIRECTION('center_axis',(0.,0.,1.));
#9451=DIRECTION('ref_axis',(1.,0.,0.));
#9452=DIRECTION('',(1.20430972162729E-15,-1.,0.));
#9453=DIRECTION('center_axis',(0.,0.,1.));
#9454=DIRECTION('ref_axis',(1.,0.,0.));
#9455=DIRECTION('',(1.20430972162729E-15,-1.,0.));
#9456=DIRECTION('center_axis',(0.,0.,1.));
#9457=DIRECTION('ref_axis',(1.,0.,0.));
#9458=DIRECTION('',(1.20430972162729E-15,-1.,0.));
#9459=DIRECTION('center_axis',(0.,0.,1.));
#9460=DIRECTION('ref_axis',(1.,0.,0.));
#9461=DIRECTION('',(1.20430972162729E-15,-1.,0.));
#9462=DIRECTION('center_axis',(0.,0.,1.));
#9463=DIRECTION('ref_axis',(1.,0.,0.));
#9464=DIRECTION('',(1.20430972162729E-15,-1.,0.));
#9465=DIRECTION('center_axis',(0.,0.,1.));
#9466=DIRECTION('ref_axis',(1.,0.,0.));
#9467=DIRECTION('',(1.20430972162729E-15,-1.,0.));
#9468=DIRECTION('center_axis',(0.,0.,1.));
#9469=DIRECTION('ref_axis',(1.,0.,0.));
#9470=DIRECTION('center_axis',(0.,0.,1.));
#9471=DIRECTION('ref_axis',(1.,0.,0.));
#9472=DIRECTION('',(1.20430972162729E-15,-1.,0.));
#9473=DIRECTION('',(-1.,-2.11471052309556E-16,0.));
#9474=DIRECTION('center_axis',(0.,0.,1.));
#9475=DIRECTION('ref_axis',(1.,0.,0.));
#9476=DIRECTION('center_axis',(0.,0.,1.));
#9477=DIRECTION('ref_axis',(1.,0.,0.));
#9478=DIRECTION('',(-1.,-2.11471052309556E-16,0.));
#9479=DIRECTION('center_axis',(0.,0.,1.));
#9480=DIRECTION('ref_axis',(1.,0.,0.));
#9481=DIRECTION('',(-1.,-2.11471052309556E-16,0.));
#9482=DIRECTION('center_axis',(0.,0.,1.));
#9483=DIRECTION('ref_axis',(1.,0.,0.));
#9484=DIRECTION('',(-1.,-2.11471052309556E-16,0.));
#9485=DIRECTION('center_axis',(0.,0.,1.));
#9486=DIRECTION('ref_axis',(1.,0.,0.));
#9487=DIRECTION('',(-1.,-2.11471052309556E-16,0.));
#9488=DIRECTION('center_axis',(0.,0.,1.));
#9489=DIRECTION('ref_axis',(1.,0.,0.));
#9490=DIRECTION('',(-1.,-2.11471052309556E-16,0.));
#9491=DIRECTION('center_axis',(0.,0.,1.));
#9492=DIRECTION('ref_axis',(1.,0.,0.));
#9493=DIRECTION('',(-1.,-2.11471052309556E-16,0.));
#9494=DIRECTION('center_axis',(0.,0.,1.));
#9495=DIRECTION('ref_axis',(1.,0.,0.));
#9496=DIRECTION('',(-1.,-2.11471052309556E-16,0.));
#9497=DIRECTION('center_axis',(0.,0.,1.));
#9498=DIRECTION('ref_axis',(1.,0.,0.));
#9499=DIRECTION('',(-1.,-2.11471052309556E-16,0.));
#9500=DIRECTION('center_axis',(0.,0.,1.));
#9501=DIRECTION('ref_axis',(1.,0.,0.));
#9502=DIRECTION('',(-1.,-2.11471052309556E-16,0.));
#9503=DIRECTION('center_axis',(0.,0.,1.));
#9504=DIRECTION('ref_axis',(1.,0.,0.));
#9505=DIRECTION('',(-1.,-2.11471052309556E-16,0.));
#9506=DIRECTION('center_axis',(0.,0.,1.));
#9507=DIRECTION('ref_axis',(-1.,6.12536841172487E-15,0.));
#9508=DIRECTION('',(1.20430972162729E-15,-1.,0.));
#9509=DIRECTION('center_axis',(0.,0.,1.));
#9510=DIRECTION('ref_axis',(1.,0.,0.));
#9511=DIRECTION('',(1.20430972162729E-15,-1.,0.));
#9512=DIRECTION('center_axis',(0.,0.,1.));
#9513=DIRECTION('ref_axis',(-2.45014736468992E-14,-1.,0.));
#9514=DIRECTION('',(1.,0.,0.));
#9515=DIRECTION('center_axis',(0.,0.,1.));
#9516=DIRECTION('ref_axis',(1.,0.,0.));
#9517=DIRECTION('',(1.,0.,0.));
#9518=DIRECTION('center_axis',(0.,0.,1.));
#9519=DIRECTION('ref_axis',(1.,0.,0.));
#9520=DIRECTION('',(1.,0.,0.));
#9521=DIRECTION('center_axis',(0.,0.,1.));
#9522=DIRECTION('ref_axis',(1.,0.,0.));
#9523=DIRECTION('',(1.,0.,0.));
#9524=DIRECTION('center_axis',(0.,0.,1.));
#9525=DIRECTION('ref_axis',(1.,0.,0.));
#9526=DIRECTION('',(1.,0.,0.));
#9527=DIRECTION('center_axis',(0.,0.,1.));
#9528=DIRECTION('ref_axis',(1.,0.,0.));
#9529=DIRECTION('',(1.,0.,0.));
#9530=DIRECTION('center_axis',(0.,0.,1.));
#9531=DIRECTION('ref_axis',(1.,0.,0.));
#9532=DIRECTION('',(1.,0.,0.));
#9533=DIRECTION('center_axis',(0.,0.,1.));
#9534=DIRECTION('ref_axis',(1.,0.,0.));
#9535=DIRECTION('',(1.,0.,0.));
#9536=DIRECTION('center_axis',(0.,0.,1.));
#9537=DIRECTION('ref_axis',(1.,0.,0.));
#9538=DIRECTION('',(1.,0.,0.));
#9539=DIRECTION('center_axis',(0.,0.,1.));
#9540=DIRECTION('ref_axis',(1.,0.,0.));
#9541=DIRECTION('',(1.,0.,0.));
#9542=DIRECTION('center_axis',(0.,0.,1.));
#9543=DIRECTION('ref_axis',(1.,0.,0.));
#9544=DIRECTION('center_axis',(0.,0.,1.));
#9545=DIRECTION('ref_axis',(1.,0.,0.));
#9546=DIRECTION('',(1.,0.,0.));
#9547=DIRECTION('',(1.20430972162729E-15,-1.,0.));
#9548=DIRECTION('center_axis',(0.,0.,1.));
#9549=DIRECTION('ref_axis',(1.,0.,0.));
#9550=DIRECTION('center_axis',(0.,0.,1.));
#9551=DIRECTION('ref_axis',(1.,0.,0.));
#9552=DIRECTION('',(1.20430972162729E-15,-1.,0.));
#9553=DIRECTION('center_axis',(0.,0.,1.));
#9554=DIRECTION('ref_axis',(1.,0.,0.));
#9555=DIRECTION('',(1.20430972162729E-15,-1.,0.));
#9556=DIRECTION('center_axis',(0.,0.,1.));
#9557=DIRECTION('ref_axis',(1.,0.,0.));
#9558=DIRECTION('',(1.20430972162729E-15,-1.,0.));
#9559=DIRECTION('center_axis',(0.,0.,1.));
#9560=DIRECTION('ref_axis',(1.,0.,0.));
#9561=DIRECTION('',(1.20430972162729E-15,-1.,0.));
#9562=DIRECTION('center_axis',(0.,0.,1.));
#9563=DIRECTION('ref_axis',(1.,0.,0.));
#9564=DIRECTION('',(1.20430972162729E-15,-1.,0.));
#9565=DIRECTION('center_axis',(0.,0.,1.));
#9566=DIRECTION('ref_axis',(1.,0.,0.));
#9567=DIRECTION('',(1.20430972162729E-15,-1.,0.));
#9568=DIRECTION('center_axis',(0.,0.,1.));
#9569=DIRECTION('ref_axis',(1.,0.,0.));
#9570=DIRECTION('',(1.20430972162729E-15,-1.,0.));
#9571=DIRECTION('center_axis',(0.,0.,1.));
#9572=DIRECTION('ref_axis',(1.,0.,0.));
#9573=DIRECTION('',(1.20430972162729E-15,-1.,0.));
#9574=DIRECTION('center_axis',(0.,0.,1.));
#9575=DIRECTION('ref_axis',(1.,0.,0.));
#9576=DIRECTION('',(1.20430972162729E-15,-1.,0.));
#9577=DIRECTION('',(0.,-1.,0.));
#9578=DIRECTION('',(1.,0.,0.));
#9579=DIRECTION('',(0.,1.,0.));
#9580=DIRECTION('',(-1.,0.,0.));
#9581=DIRECTION('center_axis',(0.,0.,1.));
#9582=DIRECTION('ref_axis',(1.,-1.22464679914735E-16,0.));
#9583=DIRECTION('',(0.,0.,1.));
#9584=DIRECTION('center_axis',(0.,0.,-1.));
#9585=DIRECTION('ref_axis',(-1.,0.,0.));
#9586=DIRECTION('',(0.,0.,-1.));
#9587=DIRECTION('center_axis',(1.,6.02154860813644E-16,0.));
#9588=DIRECTION('ref_axis',(6.02154860813644E-16,-1.,0.));
#9589=DIRECTION('',(6.02154860813644E-16,-1.,0.));
#9590=DIRECTION('',(0.,0.,1.));
#9591=DIRECTION('center_axis',(1.,6.02154860813644E-16,0.));
#9592=DIRECTION('ref_axis',(6.02154860813644E-16,-1.,0.));
#9593=DIRECTION('',(0.,0.,-1.));
#9594=DIRECTION('',(6.02154860813644E-16,-1.,0.));
#9595=DIRECTION('center_axis',(0.,0.,1.));
#9596=DIRECTION('ref_axis',(1.,-1.22464679914735E-16,0.));
#9597=DIRECTION('',(0.,0.,1.));
#9598=DIRECTION('center_axis',(0.,0.,-1.));
#9599=DIRECTION('ref_axis',(-1.,0.,0.));
#9600=DIRECTION('',(0.,0.,-1.));
#9601=DIRECTION('center_axis',(1.,6.02154860813644E-16,0.));
#9602=DIRECTION('ref_axis',(6.02154860813644E-16,-1.,0.));
#9603=DIRECTION('',(6.02154860813644E-16,-1.,0.));
#9604=DIRECTION('',(0.,0.,1.));
#9605=DIRECTION('center_axis',(0.,0.,1.));
#9606=DIRECTION('ref_axis',(1.,-1.22464679914735E-16,0.));
#9607=DIRECTION('',(0.,0.,1.));
#9608=DIRECTION('center_axis',(0.,0.,-1.));
#9609=DIRECTION('ref_axis',(-1.,0.,0.));
#9610=DIRECTION('',(0.,0.,-1.));
#9611=DIRECTION('center_axis',(1.,6.02154860813644E-16,0.));
#9612=DIRECTION('ref_axis',(6.02154860813644E-16,-1.,0.));
#9613=DIRECTION('',(6.02154860813644E-16,-1.,0.));
#9614=DIRECTION('center_axis',(1.,6.02154860813644E-16,0.));
#9615=DIRECTION('ref_axis',(6.02154860813644E-16,-1.,0.));
#9616=DIRECTION('',(0.,0.,-1.));
#9617=DIRECTION('',(6.02154860813644E-16,-1.,0.));
#9618=DIRECTION('center_axis',(0.,0.,1.));
#9619=DIRECTION('ref_axis',(1.,-1.22464679914735E-16,0.));
#9620=DIRECTION('',(0.,0.,1.));
#9621=DIRECTION('center_axis',(0.,0.,-1.));
#9622=DIRECTION('ref_axis',(-1.,0.,0.));
#9623=DIRECTION('center_axis',(0.,0.,1.));
#9624=DIRECTION('ref_axis',(1.,-1.22464679914735E-16,0.));
#9625=DIRECTION('',(0.,0.,1.));
#9626=DIRECTION('center_axis',(0.,0.,-1.));
#9627=DIRECTION('ref_axis',(-1.,0.,0.));
#9628=DIRECTION('center_axis',(1.,6.02154860813644E-16,0.));
#9629=DIRECTION('ref_axis',(6.02154860813644E-16,-1.,0.));
#9630=DIRECTION('',(0.,0.,-1.));
#9631=DIRECTION('',(6.02154860813644E-16,-1.,0.));
#9632=DIRECTION('center_axis',(0.,0.,1.));
#9633=DIRECTION('ref_axis',(1.,-1.22464679914735E-16,0.));
#9634=DIRECTION('center_axis',(0.,0.,-1.));
#9635=DIRECTION('ref_axis',(-1.,0.,0.));
#9636=DIRECTION('',(0.,0.,-1.));
#9637=DIRECTION('center_axis',(1.,6.02154860813644E-16,0.));
#9638=DIRECTION('ref_axis',(6.02154860813644E-16,-1.,0.));
#9639=DIRECTION('',(6.02154860813644E-16,-1.,0.));
#9640=DIRECTION('',(0.,0.,1.));
#9641=DIRECTION('center_axis',(0.,0.,1.));
#9642=DIRECTION('ref_axis',(1.,-1.22464679914735E-16,0.));
#9643=DIRECTION('center_axis',(0.,0.,-1.));
#9644=DIRECTION('ref_axis',(-1.,0.,0.));
#9645=DIRECTION('center_axis',(0.,0.,1.));
#9646=DIRECTION('ref_axis',(1.,-1.22464679914735E-16,0.));
#9647=DIRECTION('center_axis',(0.,0.,-1.));
#9648=DIRECTION('ref_axis',(-1.,0.,0.));
#9649=DIRECTION('center_axis',(0.,0.,1.));
#9650=DIRECTION('ref_axis',(0.743660442581352,-0.668557511467569,0.));
#9651=DIRECTION('',(0.,0.,1.));
#9652=DIRECTION('center_axis',(0.,0.,-1.));
#9653=DIRECTION('ref_axis',(-1.,0.,0.));
#9654=DIRECTION('',(0.,0.,-1.));
#9655=DIRECTION('center_axis',(0.,0.,-1.));
#9656=DIRECTION('ref_axis',(1.,0.,0.));
#9657=DIRECTION('center_axis',(0.,0.,-1.));
#9658=DIRECTION('ref_axis',(1.,0.,0.));
#9659=DIRECTION('center_axis',(0.,0.,1.));
#9660=DIRECTION('ref_axis',(-1.,0.,0.));
#9661=DIRECTION('',(0.,0.,-1.));
#9662=DIRECTION('',(0.,0.,1.));
#9663=DIRECTION('center_axis',(0.,0.,-1.));
#9664=DIRECTION('ref_axis',(-1.,0.,0.));
#9665=DIRECTION('center_axis',(0.,0.,-1.));
#9666=DIRECTION('ref_axis',(1.,0.,0.));
#9667=DIRECTION('',(6.02154860813644E-16,-1.,0.));
#9668=DIRECTION('',(-6.02154860813644E-16,1.,0.));
#9669=DIRECTION('center_axis',(0.,0.,1.));
#9670=DIRECTION('ref_axis',(7.10542735760052E-14,1.,0.));
#9671=DIRECTION('',(-1.,-2.11471052309556E-16,0.));
#9672=DIRECTION('center_axis',(0.,0.,-1.));
#9673=DIRECTION('ref_axis',(1.,0.,0.));
#9674=DIRECTION('center_axis',(0.,0.,-1.));
#9675=DIRECTION('ref_axis',(-1.,0.,0.));
#9676=DIRECTION('',(1.,2.11471052309556E-16,0.));
#9677=DIRECTION('center_axis',(0.,0.,-1.));
#9678=DIRECTION('ref_axis',(-1.,0.,0.));
#9679=DIRECTION('',(1.,2.11471052309556E-16,0.));
#9680=DIRECTION('center_axis',(0.,0.,-1.));
#9681=DIRECTION('ref_axis',(-1.,0.,0.));
#9682=DIRECTION('',(1.,2.11471052309556E-16,0.));
#9683=DIRECTION('center_axis',(0.,0.,-1.));
#9684=DIRECTION('ref_axis',(-1.,0.,0.));
#9685=DIRECTION('',(1.,2.11471052309556E-16,0.));
#9686=DIRECTION('center_axis',(0.,0.,-1.));
#9687=DIRECTION('ref_axis',(-1.,0.,0.));
#9688=DIRECTION('',(1.,2.11471052309556E-16,0.));
#9689=DIRECTION('center_axis',(0.,0.,-1.));
#9690=DIRECTION('ref_axis',(-1.,0.,0.));
#9691=DIRECTION('',(1.,2.11471052309556E-16,0.));
#9692=DIRECTION('center_axis',(0.,0.,-1.));
#9693=DIRECTION('ref_axis',(-1.,0.,0.));
#9694=DIRECTION('',(1.,2.11471052309556E-16,0.));
#9695=DIRECTION('center_axis',(0.,0.,-1.));
#9696=DIRECTION('ref_axis',(-1.,0.,0.));
#9697=DIRECTION('',(1.,2.11471052309556E-16,0.));
#9698=DIRECTION('center_axis',(0.,0.,-1.));
#9699=DIRECTION('ref_axis',(-1.,0.,0.));
#9700=DIRECTION('',(1.,2.11471052309556E-16,0.));
#9701=DIRECTION('',(1.,2.11471052309556E-16,0.));
#9702=DIRECTION('center_axis',(0.,0.,-1.));
#9703=DIRECTION('ref_axis',(2.45014736468995E-14,1.,0.));
#9704=DIRECTION('center_axis',(-2.11471052309556E-16,1.,0.));
#9705=DIRECTION('ref_axis',(1.,2.11471052309556E-16,0.));
#9706=DIRECTION('',(0.,0.,-1.));
#9707=DIRECTION('center_axis',(0.,0.,1.));
#9708=DIRECTION('ref_axis',(-1.,0.,0.));
#9709=DIRECTION('',(0.,0.,-1.));
#9710=DIRECTION('',(0.,0.,1.));
#9711=DIRECTION('center_axis',(-2.11471052309556E-16,1.,0.));
#9712=DIRECTION('ref_axis',(1.,2.11471052309556E-16,0.));
#9713=DIRECTION('',(0.,0.,-1.));
#9714=DIRECTION('center_axis',(0.,0.,1.));
#9715=DIRECTION('ref_axis',(-1.,0.,0.));
#9716=DIRECTION('',(0.,0.,-1.));
#9717=DIRECTION('',(0.,0.,1.));
#9718=DIRECTION('center_axis',(-2.11471052309556E-16,1.,0.));
#9719=DIRECTION('ref_axis',(1.,2.11471052309556E-16,0.));
#9720=DIRECTION('',(0.,0.,-1.));
#9721=DIRECTION('center_axis',(0.,0.,1.));
#9722=DIRECTION('ref_axis',(-1.,0.,0.));
#9723=DIRECTION('',(0.,0.,1.));
#9724=DIRECTION('center_axis',(-2.11471052309556E-16,1.,0.));
#9725=DIRECTION('ref_axis',(1.,2.11471052309556E-16,0.));
#9726=DIRECTION('',(0.,0.,1.));
#9727=DIRECTION('center_axis',(0.,0.,1.));
#9728=DIRECTION('ref_axis',(-1.,0.,0.));
#9729=DIRECTION('',(0.,0.,1.));
#9730=DIRECTION('center_axis',(-2.11471052309556E-16,1.,0.));
#9731=DIRECTION('ref_axis',(1.,2.11471052309556E-16,0.));
#9732=DIRECTION('',(0.,0.,1.));
#9733=DIRECTION('center_axis',(0.,0.,1.));
#9734=DIRECTION('ref_axis',(-1.,0.,0.));
#9735=DIRECTION('',(0.,0.,1.));
#9736=DIRECTION('',(0.,0.,-1.));
#9737=DIRECTION('center_axis',(-2.11471052309556E-16,1.,0.));
#9738=DIRECTION('ref_axis',(1.,2.11471052309556E-16,0.));
#9739=DIRECTION('',(0.,0.,1.));
#9740=DIRECTION('center_axis',(0.,0.,1.));
#9741=DIRECTION('ref_axis',(-1.,0.,0.));
#9742=DIRECTION('',(0.,0.,-1.));
#9743=DIRECTION('center_axis',(-2.11471052309556E-16,1.,0.));
#9744=DIRECTION('ref_axis',(1.,2.11471052309556E-16,0.));
#9745=DIRECTION('',(0.,0.,1.));
#9746=DIRECTION('center_axis',(0.,0.,1.));
#9747=DIRECTION('ref_axis',(-1.,0.,0.));
#9748=DIRECTION('',(0.,0.,-1.));
#9749=DIRECTION('center_axis',(-2.11471052309556E-16,1.,0.));
#9750=DIRECTION('ref_axis',(1.,2.11471052309556E-16,0.));
#9751=DIRECTION('',(0.,0.,-1.));
#9752=DIRECTION('center_axis',(0.,0.,1.));
#9753=DIRECTION('ref_axis',(-1.,0.,0.));
#9754=DIRECTION('center_axis',(-2.11471052309556E-16,1.,0.));
#9755=DIRECTION('ref_axis',(1.,2.11471052309556E-16,0.));
#9756=DIRECTION('',(0.,0.,-1.));
#9757=DIRECTION('center_axis',(0.,0.,1.));
#9758=DIRECTION('ref_axis',(-1.,0.,0.));
#9759=DIRECTION('center_axis',(-2.11471052309556E-16,1.,0.));
#9760=DIRECTION('ref_axis',(1.,2.11471052309556E-16,0.));
#9761=DIRECTION('center_axis',(0.,0.,-1.));
#9762=DIRECTION('ref_axis',(1.,-1.22464679914735E-16,0.));
#9763=DIRECTION('',(0.,0.,1.));
#9764=DIRECTION('center_axis',(0.,0.,1.));
#9765=DIRECTION('ref_axis',(-1.,0.,0.));
#9766=DIRECTION('',(0.,0.,-1.));
#9767=DIRECTION('center_axis',(1.,6.02154860813644E-16,0.));
#9768=DIRECTION('ref_axis',(6.02154860813644E-16,-1.,0.));
#9769=DIRECTION('',(6.02154860813644E-16,-1.,0.));
#9770=DIRECTION('',(0.,0.,1.));
#9771=DIRECTION('center_axis',(0.,0.,-1.));
#9772=DIRECTION('ref_axis',(1.,-1.22464679914735E-16,0.));
#9773=DIRECTION('',(0.,0.,1.));
#9774=DIRECTION('center_axis',(0.,0.,1.));
#9775=DIRECTION('ref_axis',(-1.,0.,0.));
#9776=DIRECTION('',(0.,0.,-1.));
#9777=DIRECTION('center_axis',(1.,6.02154860813644E-16,0.));
#9778=DIRECTION('ref_axis',(6.02154860813644E-16,-1.,0.));
#9779=DIRECTION('',(6.02154860813644E-16,-1.,0.));
#9780=DIRECTION('',(0.,0.,1.));
#9781=DIRECTION('center_axis',(1.,6.02154860813644E-16,0.));
#9782=DIRECTION('ref_axis',(6.02154860813644E-16,-1.,0.));
#9783=DIRECTION('',(0.,0.,-1.));
#9784=DIRECTION('',(6.02154860813644E-16,-1.,0.));
#9785=DIRECTION('center_axis',(0.,0.,-1.));
#9786=DIRECTION('ref_axis',(1.,1.22464679914735E-16,0.));
#9787=DIRECTION('',(0.,0.,-1.));
#9788=DIRECTION('',(0.,0.,1.));
#9789=DIRECTION('center_axis',(0.,0.,1.));
#9790=DIRECTION('ref_axis',(-1.,0.,0.));
#9791=DIRECTION('center_axis',(0.,0.,-1.));
#9792=DIRECTION('ref_axis',(1.,0.,0.));
#9793=DIRECTION('',(6.02154860813644E-16,-1.,0.));
#9794=DIRECTION('center_axis',(0.,0.,-1.));
#9795=DIRECTION('ref_axis',(1.,3.67522104703501E-14,0.));
#9796=DIRECTION('',(-1.,0.,0.));
#9797=DIRECTION('center_axis',(0.,0.,1.));
#9798=DIRECTION('ref_axis',(-1.,0.,0.));
#9799=DIRECTION('',(-1.,0.,0.));
#9800=DIRECTION('center_axis',(0.,0.,1.));
#9801=DIRECTION('ref_axis',(-1.,0.,0.));
#9802=DIRECTION('',(-1.,0.,0.));
#9803=DIRECTION('center_axis',(0.,0.,1.));
#9804=DIRECTION('ref_axis',(-1.,0.,0.));
#9805=DIRECTION('',(-1.,0.,0.));
#9806=DIRECTION('center_axis',(0.,0.,1.));
#9807=DIRECTION('ref_axis',(-1.,0.,0.));
#9808=DIRECTION('',(-1.,0.,0.));
#9809=DIRECTION('center_axis',(0.,0.,1.));
#9810=DIRECTION('ref_axis',(-1.,0.,0.));
#9811=DIRECTION('',(-1.,0.,0.));
#9812=DIRECTION('center_axis',(0.,0.,1.));
#9813=DIRECTION('ref_axis',(-1.,0.,0.));
#9814=DIRECTION('',(-1.,0.,0.));
#9815=DIRECTION('center_axis',(0.,0.,1.));
#9816=DIRECTION('ref_axis',(-1.,0.,0.));
#9817=DIRECTION('',(-1.,0.,0.));
#9818=DIRECTION('center_axis',(0.,0.,1.));
#9819=DIRECTION('ref_axis',(-1.,0.,0.));
#9820=DIRECTION('',(-1.,0.,0.));
#9821=DIRECTION('center_axis',(0.,0.,1.));
#9822=DIRECTION('ref_axis',(-1.,0.,0.));
#9823=DIRECTION('',(-1.,0.,0.));
#9824=DIRECTION('center_axis',(0.,0.,1.));
#9825=DIRECTION('ref_axis',(-1.,0.,0.));
#9826=DIRECTION('center_axis',(0.,0.,-1.));
#9827=DIRECTION('ref_axis',(1.,0.,0.));
#9828=DIRECTION('',(1.,0.,0.));
#9829=DIRECTION('center_axis',(0.,0.,1.));
#9830=DIRECTION('ref_axis',(1.,7.10542735760141E-14,0.));
#9831=DIRECTION('',(-6.02154860813644E-16,1.,0.));
#9832=DIRECTION('center_axis',(0.,0.,-1.));
#9833=DIRECTION('ref_axis',(1.,0.,0.));
#9834=DIRECTION('center_axis',(0.,0.,1.));
#9835=DIRECTION('ref_axis',(-1.,0.,0.));
#9836=DIRECTION('',(6.02154860813644E-16,-1.,0.));
#9837=DIRECTION('center_axis',(0.,0.,1.));
#9838=DIRECTION('ref_axis',(-1.,0.,0.));
#9839=DIRECTION('center_axis',(0.,0.,1.));
#9840=DIRECTION('ref_axis',(-1.,0.,0.));
#9841=DIRECTION('',(6.02154860813644E-16,-1.,0.));
#9842=DIRECTION('center_axis',(0.,0.,1.));
#9843=DIRECTION('ref_axis',(-1.,0.,0.));
#9844=DIRECTION('',(6.02154860813644E-16,-1.,0.));
#9845=DIRECTION('center_axis',(0.,0.,1.));
#9846=DIRECTION('ref_axis',(-1.,0.,0.));
#9847=DIRECTION('',(6.02154860813644E-16,-1.,0.));
#9848=DIRECTION('',(6.02154860813644E-16,-1.,0.));
#9849=DIRECTION('center_axis',(0.,0.,1.));
#9850=DIRECTION('ref_axis',(-1.,0.,0.));
#9851=DIRECTION('',(6.02154860813644E-16,-1.,0.));
#9852=DIRECTION('center_axis',(0.,0.,1.));
#9853=DIRECTION('ref_axis',(-1.,0.,0.));
#9854=DIRECTION('center_axis',(1.,6.02154860813644E-16,0.));
#9855=DIRECTION('ref_axis',(6.02154860813644E-16,-1.,0.));
#9856=DIRECTION('',(0.,0.,-1.));
#9857=DIRECTION('center_axis',(1.,6.02154860813644E-16,0.));
#9858=DIRECTION('ref_axis',(6.02154860813644E-16,-1.,0.));
#9859=DIRECTION('',(0.,0.,1.));
#9860=DIRECTION('center_axis',(0.,0.,-1.));
#9861=DIRECTION('ref_axis',(1.,-1.22464679914735E-16,0.));
#9862=DIRECTION('',(0.,0.,-1.));
#9863=DIRECTION('center_axis',(1.,6.02154860813644E-16,0.));
#9864=DIRECTION('ref_axis',(6.02154860813644E-16,-1.,0.));
#9865=DIRECTION('',(0.,0.,1.));
#9866=DIRECTION('center_axis',(0.,0.,-1.));
#9867=DIRECTION('ref_axis',(1.,-1.22464679914735E-16,0.));
#9868=DIRECTION('',(0.,0.,-1.));
#9869=DIRECTION('center_axis',(1.,6.02154860813644E-16,0.));
#9870=DIRECTION('ref_axis',(6.02154860813644E-16,-1.,0.));
#9871=DIRECTION('',(0.,0.,1.));
#9872=DIRECTION('center_axis',(0.,0.,-1.));
#9873=DIRECTION('ref_axis',(1.,-1.22464679914735E-16,0.));
#9874=DIRECTION('',(0.,0.,-1.));
#9875=DIRECTION('center_axis',(1.,6.02154860813644E-16,0.));
#9876=DIRECTION('ref_axis',(6.02154860813644E-16,-1.,0.));
#9877=DIRECTION('',(0.,0.,1.));
#9878=DIRECTION('center_axis',(0.,0.,-1.));
#9879=DIRECTION('ref_axis',(1.,-1.22464679914735E-16,0.));
#9880=DIRECTION('',(0.,0.,1.));
#9881=DIRECTION('center_axis',(1.,6.02154860813644E-16,0.));
#9882=DIRECTION('ref_axis',(6.02154860813644E-16,-1.,0.));
#9883=DIRECTION('',(0.,0.,-1.));
#9884=DIRECTION('center_axis',(0.,0.,-1.));
#9885=DIRECTION('ref_axis',(1.,-1.22464679914735E-16,0.));
#9886=DIRECTION('center_axis',(0.,0.,-1.));
#9887=DIRECTION('ref_axis',(1.,-1.22464679914735E-16,0.));
#9888=DIRECTION('center_axis',(0.,0.,-1.));
#9889=DIRECTION('ref_axis',(0.743660442581276,0.668557511467653,0.));
#9890=DIRECTION('',(0.,0.,-1.));
#9891=DIRECTION('center_axis',(0.,0.,-1.));
#9892=DIRECTION('ref_axis',(1.,0.,0.));
#9893=DIRECTION('center_axis',(0.,0.,-1.));
#9894=DIRECTION('ref_axis',(-1.,0.,0.));
#9895=DIRECTION('',(0.,0.,1.));
#9896=DIRECTION('',(0.,0.,-1.));
#9897=DIRECTION('center_axis',(0.,-1.,0.));
#9898=DIRECTION('ref_axis',(-1.,0.,0.));
#9899=DIRECTION('',(0.,0.,-1.));
#9900=DIRECTION('center_axis',(0.,0.,-1.));
#9901=DIRECTION('ref_axis',(-1.,0.,0.));
#9902=DIRECTION('',(0.,0.,1.));
#9903=DIRECTION('',(0.,0.,-1.));
#9904=DIRECTION('center_axis',(0.,-1.,0.));
#9905=DIRECTION('ref_axis',(-1.,0.,0.));
#9906=DIRECTION('',(0.,0.,1.));
#9907=DIRECTION('center_axis',(0.,0.,-1.));
#9908=DIRECTION('ref_axis',(-1.,0.,0.));
#9909=DIRECTION('',(0.,0.,1.));
#9910=DIRECTION('',(0.,0.,-1.));
#9911=DIRECTION('center_axis',(0.,-1.,0.));
#9912=DIRECTION('ref_axis',(-1.,0.,0.));
#9913=DIRECTION('',(0.,0.,1.));
#9914=DIRECTION('center_axis',(0.,0.,-1.));
#9915=DIRECTION('ref_axis',(-1.,0.,0.));
#9916=DIRECTION('',(0.,0.,-1.));
#9917=DIRECTION('center_axis',(0.,-1.,0.));
#9918=DIRECTION('ref_axis',(-1.,0.,0.));
#9919=DIRECTION('',(0.,0.,-1.));
#9920=DIRECTION('center_axis',(0.,0.,-1.));
#9921=DIRECTION('ref_axis',(-1.,0.,0.));
#9922=DIRECTION('',(0.,0.,-1.));
#9923=DIRECTION('center_axis',(0.,-1.,0.));
#9924=DIRECTION('ref_axis',(-1.,0.,0.));
#9925=DIRECTION('',(0.,0.,-1.));
#9926=DIRECTION('center_axis',(0.,0.,-1.));
#9927=DIRECTION('ref_axis',(-1.,0.,0.));
#9928=DIRECTION('',(0.,0.,-1.));
#9929=DIRECTION('',(0.,0.,1.));
#9930=DIRECTION('center_axis',(0.,-1.,0.));
#9931=DIRECTION('ref_axis',(-1.,0.,0.));
#9932=DIRECTION('',(0.,0.,-1.));
#9933=DIRECTION('center_axis',(0.,0.,-1.));
#9934=DIRECTION('ref_axis',(-1.,0.,0.));
#9935=DIRECTION('',(0.,0.,1.));
#9936=DIRECTION('center_axis',(0.,-1.,0.));
#9937=DIRECTION('ref_axis',(-1.,0.,0.));
#9938=DIRECTION('',(0.,0.,-1.));
#9939=DIRECTION('center_axis',(0.,0.,-1.));
#9940=DIRECTION('ref_axis',(-1.,0.,0.));
#9941=DIRECTION('',(0.,0.,1.));
#9942=DIRECTION('center_axis',(0.,-1.,0.));
#9943=DIRECTION('ref_axis',(-1.,0.,0.));
#9944=DIRECTION('',(0.,0.,1.));
#9945=DIRECTION('center_axis',(0.,0.,-1.));
#9946=DIRECTION('ref_axis',(-1.,0.,0.));
#9947=DIRECTION('center_axis',(0.,-1.,0.));
#9948=DIRECTION('ref_axis',(-1.,0.,0.));
#9949=DIRECTION('',(0.,0.,1.));
#9950=DIRECTION('center_axis',(0.,0.,-1.));
#9951=DIRECTION('ref_axis',(-1.,0.,0.));
#9952=DIRECTION('center_axis',(0.,0.,-1.));
#9953=DIRECTION('ref_axis',(-1.,1.22464679914735E-16,0.));
#9954=DIRECTION('',(0.,0.,1.));
#9955=DIRECTION('center_axis',(0.,0.,1.));
#9956=DIRECTION('ref_axis',(1.,0.,0.));
#9957=DIRECTION('',(0.,0.,-1.));
#9958=DIRECTION('center_axis',(-1.,-1.20430972162729E-15,0.));
#9959=DIRECTION('ref_axis',(-1.20430972162729E-15,1.,0.));
#9960=DIRECTION('',(-1.20430972162729E-15,1.,0.));
#9961=DIRECTION('',(0.,0.,1.));
#9962=DIRECTION('center_axis',(0.,0.,-1.));
#9963=DIRECTION('ref_axis',(-1.,1.22464679914735E-16,0.));
#9964=DIRECTION('',(0.,0.,1.));
#9965=DIRECTION('center_axis',(0.,0.,1.));
#9966=DIRECTION('ref_axis',(1.,0.,0.));
#9967=DIRECTION('',(0.,0.,-1.));
#9968=DIRECTION('center_axis',(-1.,-1.20430972162729E-15,0.));
#9969=DIRECTION('ref_axis',(-1.20430972162729E-15,1.,0.));
#9970=DIRECTION('',(-1.20430972162729E-15,1.,0.));
#9971=DIRECTION('',(0.,0.,1.));
#9972=DIRECTION('center_axis',(-1.,-1.20430972162729E-15,0.));
#9973=DIRECTION('ref_axis',(-1.20430972162729E-15,1.,0.));
#9974=DIRECTION('',(0.,0.,-1.));
#9975=DIRECTION('',(-1.20430972162729E-15,1.,0.));
#9976=DIRECTION('center_axis',(0.,0.,-1.));
#9977=DIRECTION('ref_axis',(-1.,-1.22464679914735E-16,0.));
#9978=DIRECTION('',(0.,0.,-1.));
#9979=DIRECTION('',(0.,0.,1.));
#9980=DIRECTION('center_axis',(0.,0.,1.));
#9981=DIRECTION('ref_axis',(1.,0.,0.));
#9982=DIRECTION('center_axis',(0.,0.,-1.));
#9983=DIRECTION('ref_axis',(1.,0.,0.));
#9984=DIRECTION('',(-1.20430972162729E-15,1.,0.));
#9985=DIRECTION('center_axis',(0.,0.,-1.));
#9986=DIRECTION('ref_axis',(-1.,6.12536841172487E-15,0.));
#9987=DIRECTION('',(1.,2.11471052309556E-16,0.));
#9988=DIRECTION('center_axis',(0.,0.,1.));
#9989=DIRECTION('ref_axis',(1.,0.,0.));
#9990=DIRECTION('',(1.,2.11471052309556E-16,0.));
#9991=DIRECTION('center_axis',(0.,0.,1.));
#9992=DIRECTION('ref_axis',(1.,0.,0.));
#9993=DIRECTION('',(1.,2.11471052309556E-16,0.));
#9994=DIRECTION('center_axis',(0.,0.,1.));
#9995=DIRECTION('ref_axis',(1.,0.,0.));
#9996=DIRECTION('',(1.,2.11471052309556E-16,0.));
#9997=DIRECTION('center_axis',(0.,0.,1.));
#9998=DIRECTION('ref_axis',(1.,0.,0.));
#9999=DIRECTION('',(1.,2.11471052309556E-16,0.));
#10000=DIRECTION('center_axis',(0.,0.,1.));
#10001=DIRECTION('ref_axis',(1.,0.,0.));
#10002=DIRECTION('',(1.,2.11471052309556E-16,0.));
#10003=DIRECTION('center_axis',(0.,0.,1.));
#10004=DIRECTION('ref_axis',(1.,0.,0.));
#10005=DIRECTION('',(1.,2.11471052309556E-16,0.));
#10006=DIRECTION('center_axis',(0.,0.,1.));
#10007=DIRECTION('ref_axis',(1.,0.,0.));
#10008=DIRECTION('',(1.,2.11471052309556E-16,0.));
#10009=DIRECTION('center_axis',(0.,0.,1.));
#10010=DIRECTION('ref_axis',(1.,0.,0.));
#10011=DIRECTION('',(1.,2.11471052309556E-16,0.));
#10012=DIRECTION('center_axis',(0.,0.,1.));
#10013=DIRECTION('ref_axis',(1.,0.,0.));
#10014=DIRECTION('',(1.,2.11471052309556E-16,0.));
#10015=DIRECTION('center_axis',(0.,0.,1.));
#10016=DIRECTION('ref_axis',(1.,0.,0.));
#10017=DIRECTION('center_axis',(0.,0.,-1.));
#10018=DIRECTION('ref_axis',(1.,0.,0.));
#10019=DIRECTION('',(-1.,-2.11471052309556E-16,0.));
#10020=DIRECTION('center_axis',(0.,0.,1.));
#10021=DIRECTION('ref_axis',(-1.,1.77635683940023E-14,0.));
#10022=DIRECTION('',(1.20430972162729E-15,-1.,0.));
#10023=DIRECTION('center_axis',(0.,0.,-1.));
#10024=DIRECTION('ref_axis',(1.,0.,0.));
#10025=DIRECTION('center_axis',(0.,0.,1.));
#10026=DIRECTION('ref_axis',(1.,0.,0.));
#10027=DIRECTION('',(-1.20430972162729E-15,1.,0.));
#10028=DIRECTION('center_axis',(0.,0.,1.));
#10029=DIRECTION('ref_axis',(1.,0.,0.));
#10030=DIRECTION('center_axis',(0.,0.,1.));
#10031=DIRECTION('ref_axis',(1.,0.,0.));
#10032=DIRECTION('',(-1.20430972162729E-15,1.,0.));
#10033=DIRECTION('center_axis',(0.,0.,1.));
#10034=DIRECTION('ref_axis',(1.,0.,0.));
#10035=DIRECTION('',(-1.20430972162729E-15,1.,0.));
#10036=DIRECTION('center_axis',(0.,0.,1.));
#10037=DIRECTION('ref_axis',(1.,0.,0.));
#10038=DIRECTION('',(-1.20430972162729E-15,1.,0.));
#10039=DIRECTION('',(-1.20430972162729E-15,1.,0.));
#10040=DIRECTION('center_axis',(0.,0.,1.));
#10041=DIRECTION('ref_axis',(1.,0.,0.));
#10042=DIRECTION('',(-1.20430972162729E-15,1.,0.));
#10043=DIRECTION('center_axis',(0.,0.,1.));
#10044=DIRECTION('ref_axis',(1.,0.,0.));
#10045=DIRECTION('center_axis',(-1.,-1.20430972162729E-15,0.));
#10046=DIRECTION('ref_axis',(-1.20430972162729E-15,1.,0.));
#10047=DIRECTION('',(0.,0.,-1.));
#10048=DIRECTION('center_axis',(-1.,-1.20430972162729E-15,0.));
#10049=DIRECTION('ref_axis',(-1.20430972162729E-15,1.,0.));
#10050=DIRECTION('',(0.,0.,1.));
#10051=DIRECTION('center_axis',(0.,0.,-1.));
#10052=DIRECTION('ref_axis',(-1.,1.22464679914735E-16,0.));
#10053=DIRECTION('',(0.,0.,-1.));
#10054=DIRECTION('center_axis',(-1.,-1.20430972162729E-15,0.));
#10055=DIRECTION('ref_axis',(-1.20430972162729E-15,1.,0.));
#10056=DIRECTION('',(0.,0.,1.));
#10057=DIRECTION('center_axis',(0.,0.,-1.));
#10058=DIRECTION('ref_axis',(-1.,1.22464679914735E-16,0.));
#10059=DIRECTION('',(0.,0.,-1.));
#10060=DIRECTION('center_axis',(-1.,-1.20430972162729E-15,0.));
#10061=DIRECTION('ref_axis',(-1.20430972162729E-15,1.,0.));
#10062=DIRECTION('',(0.,0.,1.));
#10063=DIRECTION('center_axis',(0.,0.,-1.));
#10064=DIRECTION('ref_axis',(-1.,1.22464679914735E-16,0.));
#10065=DIRECTION('',(0.,0.,-1.));
#10066=DIRECTION('center_axis',(-1.,-1.20430972162729E-15,0.));
#10067=DIRECTION('ref_axis',(-1.20430972162729E-15,1.,0.));
#10068=DIRECTION('',(0.,0.,1.));
#10069=DIRECTION('center_axis',(0.,0.,-1.));
#10070=DIRECTION('ref_axis',(-1.,1.22464679914735E-16,0.));
#10071=DIRECTION('',(0.,0.,1.));
#10072=DIRECTION('center_axis',(-1.,-1.20430972162729E-15,0.));
#10073=DIRECTION('ref_axis',(-1.20430972162729E-15,1.,0.));
#10074=DIRECTION('',(0.,0.,-1.));
#10075=DIRECTION('center_axis',(0.,0.,-1.));
#10076=DIRECTION('ref_axis',(-1.,1.22464679914735E-16,0.));
#10077=DIRECTION('center_axis',(0.,0.,-1.));
#10078=DIRECTION('ref_axis',(-1.,1.22464679914735E-16,0.));
#10079=DIRECTION('center_axis',(0.,0.,-1.));
#10080=DIRECTION('ref_axis',(-0.743660442581257,-0.668557511467674,0.));
#10081=DIRECTION('',(0.,0.,-1.));
#10082=DIRECTION('center_axis',(0.,0.,-1.));
#10083=DIRECTION('ref_axis',(1.,0.,0.));
#10084=DIRECTION('center_axis',(0.,0.,-1.));
#10085=DIRECTION('ref_axis',(1.,0.,0.));
#10086=DIRECTION('',(0.,0.,1.));
#10087=DIRECTION('',(0.,0.,-1.));
#10088=DIRECTION('center_axis',(-2.11471052309556E-16,1.,0.));
#10089=DIRECTION('ref_axis',(1.,2.11471052309556E-16,0.));
#10090=DIRECTION('',(0.,0.,-1.));
#10091=DIRECTION('center_axis',(0.,0.,-1.));
#10092=DIRECTION('ref_axis',(1.,0.,0.));
#10093=DIRECTION('',(0.,0.,1.));
#10094=DIRECTION('',(0.,0.,-1.));
#10095=DIRECTION('center_axis',(-2.11471052309556E-16,1.,0.));
#10096=DIRECTION('ref_axis',(1.,2.11471052309556E-16,0.));
#10097=DIRECTION('',(0.,0.,1.));
#10098=DIRECTION('center_axis',(0.,0.,-1.));
#10099=DIRECTION('ref_axis',(1.,0.,0.));
#10100=DIRECTION('',(0.,0.,1.));
#10101=DIRECTION('',(0.,0.,-1.));
#10102=DIRECTION('center_axis',(-2.11471052309556E-16,1.,0.));
#10103=DIRECTION('ref_axis',(1.,2.11471052309556E-16,0.));
#10104=DIRECTION('',(0.,0.,1.));
#10105=DIRECTION('center_axis',(0.,0.,-1.));
#10106=DIRECTION('ref_axis',(1.,0.,0.));
#10107=DIRECTION('',(0.,0.,-1.));
#10108=DIRECTION('center_axis',(-2.11471052309556E-16,1.,0.));
#10109=DIRECTION('ref_axis',(1.,2.11471052309556E-16,0.));
#10110=DIRECTION('',(0.,0.,-1.));
#10111=DIRECTION('center_axis',(0.,0.,-1.));
#10112=DIRECTION('ref_axis',(1.,0.,0.));
#10113=DIRECTION('',(0.,0.,-1.));
#10114=DIRECTION('center_axis',(-2.11471052309556E-16,1.,0.));
#10115=DIRECTION('ref_axis',(1.,2.11471052309556E-16,0.));
#10116=DIRECTION('',(0.,0.,-1.));
#10117=DIRECTION('center_axis',(0.,0.,-1.));
#10118=DIRECTION('ref_axis',(1.,0.,0.));
#10119=DIRECTION('',(0.,0.,-1.));
#10120=DIRECTION('',(0.,0.,1.));
#10121=DIRECTION('center_axis',(-2.11471052309556E-16,1.,0.));
#10122=DIRECTION('ref_axis',(1.,2.11471052309556E-16,0.));
#10123=DIRECTION('',(0.,0.,-1.));
#10124=DIRECTION('center_axis',(0.,0.,-1.));
#10125=DIRECTION('ref_axis',(1.,0.,0.));
#10126=DIRECTION('',(0.,0.,1.));
#10127=DIRECTION('center_axis',(-2.11471052309556E-16,1.,0.));
#10128=DIRECTION('ref_axis',(1.,2.11471052309556E-16,0.));
#10129=DIRECTION('',(0.,0.,-1.));
#10130=DIRECTION('center_axis',(0.,0.,-1.));
#10131=DIRECTION('ref_axis',(1.,0.,0.));
#10132=DIRECTION('',(0.,0.,1.));
#10133=DIRECTION('center_axis',(-2.11471052309556E-16,1.,0.));
#10134=DIRECTION('ref_axis',(1.,2.11471052309556E-16,0.));
#10135=DIRECTION('',(0.,0.,1.));
#10136=DIRECTION('center_axis',(0.,0.,-1.));
#10137=DIRECTION('ref_axis',(1.,0.,0.));
#10138=DIRECTION('center_axis',(-2.11471052309556E-16,1.,0.));
#10139=DIRECTION('ref_axis',(1.,2.11471052309556E-16,0.));
#10140=DIRECTION('',(0.,0.,1.));
#10141=DIRECTION('center_axis',(0.,0.,-1.));
#10142=DIRECTION('ref_axis',(1.,0.,0.));
#10143=DIRECTION('center_axis',(0.,0.,1.));
#10144=DIRECTION('ref_axis',(-1.,1.22464679914735E-16,0.));
#10145=DIRECTION('',(0.,0.,1.));
#10146=DIRECTION('center_axis',(0.,0.,-1.));
#10147=DIRECTION('ref_axis',(1.,0.,0.));
#10148=DIRECTION('',(0.,0.,-1.));
#10149=DIRECTION('center_axis',(-1.,-1.20430972162729E-15,0.));
#10150=DIRECTION('ref_axis',(-1.20430972162729E-15,1.,0.));
#10151=DIRECTION('',(-1.20430972162729E-15,1.,0.));
#10152=DIRECTION('',(0.,0.,-1.));
#10153=DIRECTION('center_axis',(-1.,-1.20430972162729E-15,0.));
#10154=DIRECTION('ref_axis',(-1.20430972162729E-15,1.,0.));
#10155=DIRECTION('',(0.,0.,-1.));
#10156=DIRECTION('',(-1.20430972162729E-15,1.,0.));
#10157=DIRECTION('center_axis',(0.,0.,1.));
#10158=DIRECTION('ref_axis',(-1.,1.22464679914735E-16,0.));
#10159=DIRECTION('',(0.,0.,1.));
#10160=DIRECTION('center_axis',(0.,0.,-1.));
#10161=DIRECTION('ref_axis',(1.,0.,0.));
#10162=DIRECTION('',(0.,0.,-1.));
#10163=DIRECTION('center_axis',(-1.,-1.20430972162729E-15,0.));
#10164=DIRECTION('ref_axis',(-1.20430972162729E-15,1.,0.));
#10165=DIRECTION('',(-1.20430972162729E-15,1.,0.));
#10166=DIRECTION('',(0.,0.,1.));
#10167=DIRECTION('center_axis',(-1.,-1.20430972162729E-15,0.));
#10168=DIRECTION('ref_axis',(-1.20430972162729E-15,1.,0.));
#10169=DIRECTION('',(0.,0.,-1.));
#10170=DIRECTION('',(-1.20430972162729E-15,1.,0.));
#10171=DIRECTION('center_axis',(0.,0.,1.));
#10172=DIRECTION('ref_axis',(-1.,1.22464679914735E-16,0.));
#10173=DIRECTION('',(0.,0.,1.));
#10174=DIRECTION('center_axis',(0.,0.,-1.));
#10175=DIRECTION('ref_axis',(1.,0.,0.));
#10176=DIRECTION('',(0.,0.,-1.));
#10177=DIRECTION('center_axis',(-1.,-1.20430972162729E-15,0.));
#10178=DIRECTION('ref_axis',(-1.20430972162729E-15,1.,0.));
#10179=DIRECTION('',(-1.20430972162729E-15,1.,0.));
#10180=DIRECTION('',(0.,0.,1.));
#10181=DIRECTION('center_axis',(0.,0.,1.));
#10182=DIRECTION('ref_axis',(-1.,1.22464679914735E-16,0.));
#10183=DIRECTION('',(0.,0.,1.));
#10184=DIRECTION('center_axis',(0.,0.,-1.));
#10185=DIRECTION('ref_axis',(1.,0.,0.));
#10186=DIRECTION('',(0.,0.,-1.));
#10187=DIRECTION('center_axis',(-1.,-1.20430972162729E-15,0.));
#10188=DIRECTION('ref_axis',(-1.20430972162729E-15,1.,0.));
#10189=DIRECTION('',(-1.20430972162729E-15,1.,0.));
#10190=DIRECTION('center_axis',(-1.,-1.20430972162729E-15,0.));
#10191=DIRECTION('ref_axis',(-1.20430972162729E-15,1.,0.));
#10192=DIRECTION('',(0.,0.,-1.));
#10193=DIRECTION('',(-1.20430972162729E-15,1.,0.));
#10194=DIRECTION('center_axis',(0.,0.,1.));
#10195=DIRECTION('ref_axis',(-1.,1.22464679914735E-16,0.));
#10196=DIRECTION('',(0.,0.,1.));
#10197=DIRECTION('center_axis',(0.,0.,-1.));
#10198=DIRECTION('ref_axis',(1.,0.,0.));
#10199=DIRECTION('center_axis',(0.,0.,1.));
#10200=DIRECTION('ref_axis',(-1.,1.22464679914735E-16,0.));
#10201=DIRECTION('',(0.,0.,1.));
#10202=DIRECTION('center_axis',(0.,0.,-1.));
#10203=DIRECTION('ref_axis',(1.,0.,0.));
#10204=DIRECTION('center_axis',(-1.,-1.20430972162729E-15,0.));
#10205=DIRECTION('ref_axis',(-1.20430972162729E-15,1.,0.));
#10206=DIRECTION('',(0.,0.,-1.));
#10207=DIRECTION('',(-1.20430972162729E-15,1.,0.));
#10208=DIRECTION('center_axis',(0.,0.,1.));
#10209=DIRECTION('ref_axis',(-1.,1.22464679914735E-16,0.));
#10210=DIRECTION('center_axis',(0.,0.,-1.));
#10211=DIRECTION('ref_axis',(1.,0.,0.));
#10212=DIRECTION('',(0.,0.,-1.));
#10213=DIRECTION('center_axis',(-1.,-1.20430972162729E-15,0.));
#10214=DIRECTION('ref_axis',(-1.20430972162729E-15,1.,0.));
#10215=DIRECTION('',(-1.20430972162729E-15,1.,0.));
#10216=DIRECTION('',(0.,0.,1.));
#10217=DIRECTION('center_axis',(0.,0.,1.));
#10218=DIRECTION('ref_axis',(-1.,1.22464679914735E-16,0.));
#10219=DIRECTION('center_axis',(0.,0.,-1.));
#10220=DIRECTION('ref_axis',(1.,0.,0.));
#10221=DIRECTION('center_axis',(0.,0.,1.));
#10222=DIRECTION('ref_axis',(-1.,1.22464679914735E-16,0.));
#10223=DIRECTION('center_axis',(0.,0.,-1.));
#10224=DIRECTION('ref_axis',(1.,0.,0.));
#10225=DIRECTION('center_axis',(0.,0.,1.));
#10226=DIRECTION('ref_axis',(-0.74366044258137,0.668557511467548,0.));
#10227=DIRECTION('',(0.,0.,1.));
#10228=DIRECTION('center_axis',(0.,0.,-1.));
#10229=DIRECTION('ref_axis',(1.,0.,0.));
#10230=DIRECTION('',(0.,0.,-1.));
#10231=DIRECTION('center_axis',(0.,0.,-1.));
#10232=DIRECTION('ref_axis',(1.,0.,0.));
#10233=DIRECTION('center_axis',(0.,0.,-1.));
#10234=DIRECTION('ref_axis',(1.,0.,0.));
#10235=DIRECTION('center_axis',(0.,0.,1.));
#10236=DIRECTION('ref_axis',(1.,0.,0.));
#10237=DIRECTION('',(0.,0.,-1.));
#10238=DIRECTION('',(0.,0.,1.));
#10239=DIRECTION('center_axis',(0.,0.,-1.));
#10240=DIRECTION('ref_axis',(1.,0.,0.));
#10241=DIRECTION('center_axis',(0.,0.,-1.));
#10242=DIRECTION('ref_axis',(1.,0.,0.));
#10243=DIRECTION('',(-1.20430972162729E-15,1.,0.));
#10244=DIRECTION('',(1.20430972162729E-15,-1.,0.));
#10245=DIRECTION('center_axis',(0.,0.,1.));
#10246=DIRECTION('ref_axis',(-7.1054273576004E-14,-1.,0.));
#10247=DIRECTION('',(1.,0.,0.));
#10248=DIRECTION('center_axis',(0.,0.,-1.));
#10249=DIRECTION('ref_axis',(1.,0.,0.));
#10250=DIRECTION('center_axis',(0.,0.,-1.));
#10251=DIRECTION('ref_axis',(1.,0.,0.));
#10252=DIRECTION('',(-1.,0.,0.));
#10253=DIRECTION('center_axis',(0.,0.,-1.));
#10254=DIRECTION('ref_axis',(1.,0.,0.));
#10255=DIRECTION('',(-1.,0.,0.));
#10256=DIRECTION('center_axis',(0.,0.,-1.));
#10257=DIRECTION('ref_axis',(1.,0.,0.));
#10258=DIRECTION('',(-1.,0.,0.));
#10259=DIRECTION('center_axis',(0.,0.,-1.));
#10260=DIRECTION('ref_axis',(1.,0.,0.));
#10261=DIRECTION('',(-1.,0.,0.));
#10262=DIRECTION('center_axis',(0.,0.,-1.));
#10263=DIRECTION('ref_axis',(1.,0.,0.));
#10264=DIRECTION('',(-1.,0.,0.));
#10265=DIRECTION('center_axis',(0.,0.,-1.));
#10266=DIRECTION('ref_axis',(1.,0.,0.));
#10267=DIRECTION('',(-1.,0.,0.));
#10268=DIRECTION('center_axis',(0.,0.,-1.));
#10269=DIRECTION('ref_axis',(1.,0.,0.));
#10270=DIRECTION('',(-1.,0.,0.));
#10271=DIRECTION('center_axis',(0.,0.,-1.));
#10272=DIRECTION('ref_axis',(1.,0.,0.));
#10273=DIRECTION('',(-1.,0.,0.));
#10274=DIRECTION('center_axis',(0.,0.,-1.));
#10275=DIRECTION('ref_axis',(1.,0.,0.));
#10276=DIRECTION('',(-1.,0.,0.));
#10277=DIRECTION('',(-1.,0.,0.));
#10278=DIRECTION('center_axis',(0.,0.,-1.));
#10279=DIRECTION('ref_axis',(-2.45014736468992E-14,-1.,0.));
#10280=DIRECTION('center_axis',(0.,-1.,0.));
#10281=DIRECTION('ref_axis',(-1.,0.,0.));
#10282=DIRECTION('',(0.,0.,-1.));
#10283=DIRECTION('center_axis',(0.,0.,1.));
#10284=DIRECTION('ref_axis',(1.,0.,0.));
#10285=DIRECTION('',(0.,0.,-1.));
#10286=DIRECTION('',(0.,0.,1.));
#10287=DIRECTION('center_axis',(0.,-1.,0.));
#10288=DIRECTION('ref_axis',(-1.,0.,0.));
#10289=DIRECTION('',(0.,0.,-1.));
#10290=DIRECTION('center_axis',(0.,0.,1.));
#10291=DIRECTION('ref_axis',(1.,0.,0.));
#10292=DIRECTION('',(0.,0.,-1.));
#10293=DIRECTION('',(0.,0.,1.));
#10294=DIRECTION('center_axis',(0.,-1.,0.));
#10295=DIRECTION('ref_axis',(-1.,0.,0.));
#10296=DIRECTION('',(0.,0.,-1.));
#10297=DIRECTION('center_axis',(0.,0.,1.));
#10298=DIRECTION('ref_axis',(1.,0.,0.));
#10299=DIRECTION('',(0.,0.,1.));
#10300=DIRECTION('center_axis',(0.,-1.,0.));
#10301=DIRECTION('ref_axis',(-1.,0.,0.));
#10302=DIRECTION('',(0.,0.,1.));
#10303=DIRECTION('center_axis',(0.,0.,1.));
#10304=DIRECTION('ref_axis',(1.,0.,0.));
#10305=DIRECTION('',(0.,0.,1.));
#10306=DIRECTION('center_axis',(0.,-1.,0.));
#10307=DIRECTION('ref_axis',(-1.,0.,0.));
#10308=DIRECTION('',(0.,0.,1.));
#10309=DIRECTION('center_axis',(0.,0.,1.));
#10310=DIRECTION('ref_axis',(1.,0.,0.));
#10311=DIRECTION('',(0.,0.,1.));
#10312=DIRECTION('',(0.,0.,-1.));
#10313=DIRECTION('center_axis',(0.,-1.,0.));
#10314=DIRECTION('ref_axis',(-1.,0.,0.));
#10315=DIRECTION('',(0.,0.,1.));
#10316=DIRECTION('center_axis',(0.,0.,1.));
#10317=DIRECTION('ref_axis',(1.,0.,0.));
#10318=DIRECTION('',(0.,0.,-1.));
#10319=DIRECTION('center_axis',(0.,-1.,0.));
#10320=DIRECTION('ref_axis',(-1.,0.,0.));
#10321=DIRECTION('',(0.,0.,1.));
#10322=DIRECTION('center_axis',(0.,0.,1.));
#10323=DIRECTION('ref_axis',(1.,0.,0.));
#10324=DIRECTION('',(0.,0.,-1.));
#10325=DIRECTION('center_axis',(0.,-1.,0.));
#10326=DIRECTION('ref_axis',(-1.,0.,0.));
#10327=DIRECTION('',(0.,0.,-1.));
#10328=DIRECTION('center_axis',(0.,0.,1.));
#10329=DIRECTION('ref_axis',(1.,0.,0.));
#10330=DIRECTION('center_axis',(0.,-1.,0.));
#10331=DIRECTION('ref_axis',(-1.,0.,0.));
#10332=DIRECTION('',(0.,0.,-1.));
#10333=DIRECTION('center_axis',(0.,0.,1.));
#10334=DIRECTION('ref_axis',(1.,0.,0.));
#10335=DIRECTION('center_axis',(0.,-1.,0.));
#10336=DIRECTION('ref_axis',(-1.,0.,0.));
#10337=DIRECTION('center_axis',(0.768221279597376,0.64018439966448,-7.58130624547562E-15));
#10338=DIRECTION('ref_axis',(-0.64018439966448,0.768221279597376,0.));
#10339=DIRECTION('center_axis',(-0.640184399664474,-0.76822127959738,0.));
#10340=DIRECTION('ref_axis',(-0.76822127959738,0.640184399664474,0.));
#10341=DIRECTION('center_axis',(-1.20430972162729E-15,1.,0.));
#10342=DIRECTION('ref_axis',(-0.707106781186544,0.,0.707106781186551));
#10343=DIRECTION('center_axis',(1.,2.11471052309556E-16,0.));
#10344=DIRECTION('ref_axis',(0.,0.707106781186548,0.707106781186547));
#10345=DIRECTION('center_axis',(0.640184399664474,-0.768221279597381,0.));
#10346=DIRECTION('ref_axis',(0.768221279597381,0.640184399664474,0.));
#10347=DIRECTION('center_axis',(-0.76822127959738,0.640184399664475,0.));
#10348=DIRECTION('ref_axis',(0.640184399664475,0.76822127959738,0.));
#10349=DIRECTION('center_axis',(1.,2.11471052309556E-16,0.));
#10350=DIRECTION('ref_axis',(0.,0.707106781186546,0.707106781186549));
#10351=DIRECTION('center_axis',(6.02154860813644E-16,-1.,0.));
#10352=DIRECTION('ref_axis',(0.707106781186544,0.,0.707106781186551));
#10353=DIRECTION('center_axis',(-0.768221279597372,-0.640184399664484,-3.79065312273783E-15));
#10354=DIRECTION('ref_axis',(0.640184399664484,-0.768221279597372,0.));
#10355=DIRECTION('center_axis',(0.640184399664484,0.768221279597372,0.));
#10356=DIRECTION('ref_axis',(0.768221279597372,-0.640184399664484,0.));
#10357=DIRECTION('center_axis',(6.02154860813644E-16,-1.,0.));
#10358=DIRECTION('ref_axis',(0.707106781186553,0.,0.707106781186543));
#10359=DIRECTION('center_axis',(-1.,0.,0.));
#10360=DIRECTION('ref_axis',(0.,-0.707106781186548,0.707106781186547));
#10361=DIRECTION('center_axis',(-0.640184399664474,0.768221279597381,0.));
#10362=DIRECTION('ref_axis',(-0.768221279597381,-0.640184399664474,0.));
#10363=DIRECTION('center_axis',(0.768221279597381,-0.640184399664474,0.));
#10364=DIRECTION('ref_axis',(-0.640184399664474,-0.768221279597381,0.));
#10365=DIRECTION('center_axis',(-1.,0.,0.));
#10366=DIRECTION('ref_axis',(0.,-0.707106781186548,0.707106781186547));
#10367=DIRECTION('center_axis',(-1.20430972162729E-15,1.,0.));
#10368=DIRECTION('ref_axis',(-0.707106781186544,0.,0.707106781186551));
#10369=DIRECTION('center_axis',(0.,0.,-1.));
#10370=DIRECTION('ref_axis',(1.,0.,0.));
#10371=DIRECTION('center_axis',(-2.11471052309556E-16,1.,0.));
#10372=DIRECTION('ref_axis',(1.,2.11471052309556E-16,0.));
#10373=DIRECTION('center_axis',(0.,0.,-1.));
#10374=DIRECTION('ref_axis',(-1.,6.12536841172487E-15,0.));
#10375=DIRECTION('',(0.,0.,-1.));
#10376=DIRECTION('center_axis',(-1.,-1.20430972162729E-15,0.));
#10377=DIRECTION('ref_axis',(-1.20430972162729E-15,1.,0.));
#10378=DIRECTION('center_axis',(-1.,-1.20430972162729E-15,0.));
#10379=DIRECTION('ref_axis',(-1.20430972162729E-15,1.,0.));
#10380=DIRECTION('center_axis',(0.,0.,-1.));
#10381=DIRECTION('ref_axis',(-2.45014736468992E-14,-1.,0.));
#10382=DIRECTION('center_axis',(0.,0.,-1.));
#10383=DIRECTION('ref_axis',(1.,0.,0.));
#10384=DIRECTION('center_axis',(1.,6.02154860813644E-16,0.));
#10385=DIRECTION('ref_axis',(6.02154860813644E-16,-1.,0.));
#10386=DIRECTION('center_axis',(0.,0.,-1.));
#10387=DIRECTION('ref_axis',(2.45014736468995E-14,1.,0.));
#10388=DIRECTION('center_axis',(0.,0.,-1.));
#10389=DIRECTION('ref_axis',(-0.998619657943468,-0.0525240779916274,0.));
#10390=DIRECTION('center_axis',(0.,0.,-1.));
#10391=DIRECTION('ref_axis',(-0.998619657943468,0.0525240779916327,0.));
#10392=DIRECTION('center_axis',(0.,-1.,0.));
#10393=DIRECTION('ref_axis',(-1.,0.,0.));
#10394=DIRECTION('center_axis',(0.,0.,-1.));
#10395=DIRECTION('ref_axis',(1.,3.67522104703501E-14,0.));
#10396=DIRECTION('',(0.,0.,-1.));
#10397=DIRECTION('center_axis',(1.,6.02154860813644E-16,0.));
#10398=DIRECTION('ref_axis',(6.02154860813644E-16,-1.,0.));
#10399=DIRECTION('center_axis',(1.,0.,0.));
#10400=DIRECTION('ref_axis',(0.,1.,0.));
#10401=DIRECTION('',(0.,0.,1.));
#10402=DIRECTION('',(0.,1.,0.));
#10403=DIRECTION('',(0.,0.,1.));
#10404=DIRECTION('center_axis',(0.,-1.,0.));
#10405=DIRECTION('ref_axis',(1.,0.,-2.54769502016262E-17));
#10406=DIRECTION('',(0.,0.,1.));
#10407=DIRECTION('',(1.,0.,-2.54769502016262E-17));
#10408=DIRECTION('center_axis',(-1.,0.,0.));
#10409=DIRECTION('ref_axis',(0.,-1.,0.));
#10410=DIRECTION('',(0.,0.,-1.));
#10411=DIRECTION('',(0.,-1.,0.));
#10412=DIRECTION('center_axis',(0.,0.,1.));
#10413=DIRECTION('ref_axis',(1.,0.,0.));
#10414=DIRECTION('',(-1.,-3.17206578464334E-16,0.));
#10415=DIRECTION('center_axis',(1.,0.,0.));
#10416=DIRECTION('ref_axis',(0.,-1.,7.40148683083445E-16));
#10417=DIRECTION('',(0.,0.,-1.));
#10418=DIRECTION('',(0.,-1.,7.40148683083445E-16));
#10419=DIRECTION('',(0.,0.,-1.));
#10420=DIRECTION('center_axis',(0.,1.,0.));
#10421=DIRECTION('ref_axis',(1.,0.,0.));
#10422=DIRECTION('',(1.,0.,0.));
#10423=DIRECTION('',(0.,0.,-1.));
#10424=DIRECTION('center_axis',(-1.,0.,0.));
#10425=DIRECTION('ref_axis',(0.,1.,-7.40148683083445E-16));
#10426=DIRECTION('',(0.,1.,-7.40148683083445E-16));
#10427=DIRECTION('',(0.,0.,-1.));
#10428=DIRECTION('center_axis',(0.,0.,-1.));
#10429=DIRECTION('ref_axis',(-1.,0.,0.));
#10430=DIRECTION('',(-1.,0.,0.));
#10431=DIRECTION('center_axis',(1.,0.,0.));
#10432=DIRECTION('ref_axis',(0.,-1.,0.));
#10433=DIRECTION('',(0.,0.,-1.));
#10434=DIRECTION('',(0.,-1.,0.));
#10435=DIRECTION('',(0.,0.,-1.));
#10436=DIRECTION('center_axis',(0.,1.,0.));
#10437=DIRECTION('ref_axis',(1.,0.,0.));
#10438=DIRECTION('',(1.,0.,0.));
#10439=DIRECTION('',(0.,0.,-1.));
#10440=DIRECTION('center_axis',(-1.,0.,0.));
#10441=DIRECTION('ref_axis',(0.,1.,0.));
#10442=DIRECTION('',(0.,1.,0.));
#10443=DIRECTION('',(0.,0.,-1.));
#10444=DIRECTION('center_axis',(0.,-1.,0.));
#10445=DIRECTION('ref_axis',(-1.,0.,0.));
#10446=DIRECTION('',(-1.,0.,0.));
#10447=DIRECTION('center_axis',(0.,0.,1.));
#10448=DIRECTION('ref_axis',(-1.,-1.18423789293347E-14,0.));
#10449=DIRECTION('',(0.,0.,1.));
#10450=DIRECTION('center_axis',(0.,0.,1.));
#10451=DIRECTION('ref_axis',(-1.,-1.18423789293347E-14,0.));
#10452=DIRECTION('',(0.,0.,1.));
#10453=DIRECTION('center_axis',(-1.,-6.02154860813644E-16,0.));
#10454=DIRECTION('ref_axis',(6.02154860813644E-16,-1.,0.));
#10455=DIRECTION('',(6.02154860813644E-16,-1.,0.));
#10456=DIRECTION('',(0.,0.,1.));
#10457=DIRECTION('center_axis',(0.,0.,1.));
#10458=DIRECTION('ref_axis',(1.1842378929335E-14,1.,0.));
#10459=DIRECTION('center_axis',(0.,0.,1.));
#10460=DIRECTION('ref_axis',(1.1842378929335E-14,1.,0.));
#10461=DIRECTION('',(0.,0.,1.));
#10462=DIRECTION('center_axis',(-3.17206578464334E-16,1.,0.));
#10463=DIRECTION('ref_axis',(-1.,-3.17206578464334E-16,0.));
#10464=DIRECTION('',(-1.,-3.17206578464334E-16,0.));
#10465=DIRECTION('',(0.,0.,1.));
#10466=DIRECTION('center_axis',(0.,0.,1.));
#10467=DIRECTION('ref_axis',(1.,5.92118946466735E-15,0.));
#10468=DIRECTION('center_axis',(0.,0.,1.));
#10469=DIRECTION('ref_axis',(1.,5.92118946466735E-15,0.));
#10470=DIRECTION('',(0.,0.,1.));
#10471=DIRECTION('center_axis',(1.,0.,0.));
#10472=DIRECTION('ref_axis',(0.,1.,0.));
#10473=DIRECTION('',(0.,1.,0.));
#10474=DIRECTION('',(0.,0.,1.));
#10475=DIRECTION('center_axis',(0.,0.,1.));
#10476=DIRECTION('ref_axis',(0.,-1.,0.));
#10477=DIRECTION('center_axis',(0.,0.,1.));
#10478=DIRECTION('ref_axis',(0.,-1.,0.));
#10479=DIRECTION('',(0.,0.,1.));
#10480=DIRECTION('center_axis',(0.,-1.,0.));
#10481=DIRECTION('ref_axis',(1.,0.,0.));
#10482=DIRECTION('',(1.,0.,0.));
#10483=DIRECTION('center_axis',(0.,0.,1.));
#10484=DIRECTION('ref_axis',(-1.,0.,0.));
#10485=DIRECTION('center_axis',(-1.,0.,0.));
#10486=DIRECTION('ref_axis',(0.,-1.,0.));
#10487=DIRECTION('',(0.,0.,1.));
#10488=DIRECTION('',(0.,0.685364699004992,-0.728199992692802));
#10489=DIRECTION('center_axis',(-1.,0.,0.));
#10490=DIRECTION('ref_axis',(0.,-1.,0.));
#10491=DIRECTION('center_axis',(0.,0.728199992692802,0.685364699004992));
#10492=DIRECTION('ref_axis',(0.,-0.685364699004992,0.728199992692802));
#10493=DIRECTION('',(1.,0.,0.));
#10494=DIRECTION('',(-1.,0.,0.));
#10495=DIRECTION('',(0.,-0.685364699004992,0.728199992692802));
#10496=DIRECTION('center_axis',(-1.,0.,0.));
#10497=DIRECTION('ref_axis',(0.,-1.,0.));
#10498=DIRECTION('',(0.,0.,-1.));
#10499=DIRECTION('center_axis',(1.,0.,0.));
#10500=DIRECTION('ref_axis',(0.,-1.,0.));
#10501=DIRECTION('center_axis',(-1.,0.,0.));
#10502=DIRECTION('ref_axis',(0.,-1.,0.));
#10503=DIRECTION('',(0.,0.,1.));
#10504=DIRECTION('center_axis',(-1.,0.,0.));
#10505=DIRECTION('ref_axis',(0.,-1.,0.));
#10506=DIRECTION('',(0.,0.,-1.));
#10507=DIRECTION('',(0.,-0.304775727103786,-0.952424147199324));
#10508=DIRECTION('center_axis',(0.,0.952424147199324,-0.304775727103786));
#10509=DIRECTION('ref_axis',(0.,0.304775727103786,0.952424147199324));
#10510=DIRECTION('',(1.,0.,0.));
#10511=DIRECTION('',(1.,0.,0.));
#10512=DIRECTION('',(0.,0.304775727103786,0.952424147199324));
#10513=DIRECTION('center_axis',(0.,1.,0.));
#10514=DIRECTION('ref_axis',(0.,0.,1.));
#10515=DIRECTION('',(1.,0.,0.));
#10516=DIRECTION('',(0.,0.,1.));
#10517=DIRECTION('center_axis',(-1.,0.,0.));
#10518=DIRECTION('ref_axis',(0.,0.992029696267325,-0.126004292481485));
#10519=DIRECTION('center_axis',(1.,0.,0.));
#10520=DIRECTION('ref_axis',(0.,-1.,0.));
#10521=DIRECTION('center_axis',(-1.,0.,0.));
#10522=DIRECTION('ref_axis',(0.,-1.,0.));
#10523=DIRECTION('',(0.,0.,-1.));
#10524=DIRECTION('center_axis',(1.,0.,0.));
#10525=DIRECTION('ref_axis',(0.,1.,0.));
#10526=DIRECTION('',(0.,0.,-1.));
#10527=DIRECTION('center_axis',(1.,0.,0.));
#10528=DIRECTION('ref_axis',(0.,1.,0.));
#10529=DIRECTION('',(0.,-0.685364699004992,-0.728199992692802));
#10530=DIRECTION('center_axis',(1.,0.,0.));
#10531=DIRECTION('ref_axis',(0.,-0.992029696267325,-0.126004292481485));
#10532=DIRECTION('center_axis',(-1.,0.,0.));
#10533=DIRECTION('ref_axis',(0.,1.,0.));
#10534=DIRECTION('',(1.,0.,0.));
#10535=DIRECTION('center_axis',(1.,0.,0.));
#10536=DIRECTION('ref_axis',(0.,1.,0.));
#10537=DIRECTION('',(1.,0.,0.));
#10538=DIRECTION('center_axis',(-1.,0.,0.));
#10539=DIRECTION('ref_axis',(0.,1.,0.));
#10540=DIRECTION('center_axis',(0.,0.728199992692802,-0.685364699004992));
#10541=DIRECTION('ref_axis',(0.,0.685364699004992,0.728199992692802));
#10542=DIRECTION('',(0.,0.685364699004992,0.728199992692802));
#10543=DIRECTION('',(1.,0.,0.));
#10544=DIRECTION('center_axis',(1.,0.,0.));
#10545=DIRECTION('ref_axis',(0.,1.,0.));
#10546=DIRECTION('',(0.,0.,1.));
#10547=DIRECTION('center_axis',(1.,0.,0.));
#10548=DIRECTION('ref_axis',(0.,1.,0.));
#10549=DIRECTION('',(0.,0.,-1.));
#10550=DIRECTION('',(0.,0.304775727103786,-0.952424147199324));
#10551=DIRECTION('',(0.,0.,-1.));
#10552=DIRECTION('center_axis',(0.,0.952424147199324,0.304775727103786));
#10553=DIRECTION('ref_axis',(0.,-0.304775727103786,0.952424147199324));
#10554=DIRECTION('',(-1.,0.,0.));
#10555=DIRECTION('',(0.,-0.304775727103786,0.952424147199324));
#10556=DIRECTION('',(1.,0.,0.));
#10557=DIRECTION('center_axis',(0.,1.,0.));
#10558=DIRECTION('ref_axis',(0.,0.,1.));
#10559=DIRECTION('',(0.,0.,1.));
#10560=DIRECTION('center_axis',(1.,0.,0.));
#10561=DIRECTION('ref_axis',(0.,1.,0.));
#10562=DIRECTION('',(0.,0.,1.));
#10563=DIRECTION('center_axis',(1.,0.,1.97372982155583E-14));
#10564=DIRECTION('ref_axis',(-1.97372982155583E-14,0.,1.));
#10565=DIRECTION('',(1.97372982155583E-14,0.,-1.));
#10566=DIRECTION('',(0.,-1.,0.));
#10567=DIRECTION('',(-1.97372982155583E-14,0.,1.));
#10568=DIRECTION('',(0.,-1.,0.));
#10569=DIRECTION('center_axis',(0.,0.,-1.));
#10570=DIRECTION('ref_axis',(1.,0.,0.));
#10571=DIRECTION('',(-1.,0.,0.));
#10572=DIRECTION('',(1.,0.,0.));
#10573=DIRECTION('',(0.,-1.,0.));
#10574=DIRECTION('center_axis',(-1.,0.,0.));
#10575=DIRECTION('ref_axis',(0.,0.,-1.));
#10576=DIRECTION('',(0.,0.,1.));
#10577=DIRECTION('',(0.,0.,-1.));
#10578=DIRECTION('',(0.,1.,0.));
#10579=DIRECTION('center_axis',(0.,1.,0.));
#10580=DIRECTION('ref_axis',(1.,0.,0.));
#10581=DIRECTION('',(-1.,0.,0.));
#10582=DIRECTION('',(0.,0.,1.));
#10583=DIRECTION('',(0.,0.,1.));
#10584=DIRECTION('',(1.,0.,0.));
#10585=DIRECTION('',(0.,0.,-1.));
#10586=DIRECTION('',(-1.,0.,0.));
#10587=DIRECTION('',(0.,0.,-1.));
#10588=DIRECTION('',(1.,0.,0.));
#10589=DIRECTION('',(0.,0.,1.));
#10590=DIRECTION('',(-1.,0.,0.));
#10591=DIRECTION('',(0.,0.,-1.));
#10592=DIRECTION('',(1.,0.,0.));
#10593=DIRECTION('',(0.,0.,-1.));
#10594=DIRECTION('',(-1.,0.,0.));
#10595=DIRECTION('',(0.,0.,-1.));
#10596=DIRECTION('',(1.,0.,0.));
#10597=DIRECTION('',(0.,0.,-1.));
#10598=DIRECTION('',(1.,0.,0.));
#10599=DIRECTION('',(0.,0.,1.));
#10600=DIRECTION('',(-1.,0.,0.));
#10601=DIRECTION('',(0.,0.,-1.));
#10602=DIRECTION('',(1.,0.,0.));
#10603=DIRECTION('',(0.,0.,-1.));
#10604=DIRECTION('',(-1.,0.,0.));
#10605=DIRECTION('',(0.,0.,-1.));
#10606=DIRECTION('',(1.,0.,0.));
#10607=DIRECTION('',(0.,0.,-1.));
#10608=DIRECTION('',(1.,0.,0.));
#10609=DIRECTION('',(0.,0.,1.));
#10610=DIRECTION('',(-1.,0.,0.));
#10611=DIRECTION('',(-0.522541432130502,0.,-0.852613893686353));
#10612=DIRECTION('',(0.,0.,1.));
#10613=DIRECTION('',(-1.,0.,0.));
#10614=DIRECTION('',(0.,0.,-1.));
#10615=DIRECTION('',(1.,0.,0.));
#10616=DIRECTION('',(0.525833657195251,0.,0.850587423467257));
#10617=DIRECTION('center_axis',(-1.,0.,0.));
#10618=DIRECTION('ref_axis',(0.,0.,-1.));
#10619=DIRECTION('',(0.,-1.,0.));
#10620=DIRECTION('',(0.,0.,-1.));
#10621=DIRECTION('',(0.,-1.,0.));
#10622=DIRECTION('center_axis',(0.,0.,-1.));
#10623=DIRECTION('ref_axis',(1.,0.,0.));
#10624=DIRECTION('',(0.,-1.,0.));
#10625=DIRECTION('',(1.,0.,0.));
#10626=DIRECTION('center_axis',(-1.,0.,0.));
#10627=DIRECTION('ref_axis',(0.,0.,-1.));
#10628=DIRECTION('',(0.,-1.,0.));
#10629=DIRECTION('',(0.,0.,-1.));
#10630=DIRECTION('center_axis',(0.,0.,1.));
#10631=DIRECTION('ref_axis',(-1.,0.,0.));
#10632=DIRECTION('',(0.,-1.,0.));
#10633=DIRECTION('',(-1.,0.,0.));
#10634=DIRECTION('center_axis',(-1.,0.,0.));
#10635=DIRECTION('ref_axis',(0.,0.,-1.));
#10636=DIRECTION('',(0.,-1.,0.));
#10637=DIRECTION('',(0.,0.,-1.));
#10638=DIRECTION('center_axis',(0.,0.,-1.));
#10639=DIRECTION('ref_axis',(1.,0.,0.));
#10640=DIRECTION('',(0.,-1.,0.));
#10641=DIRECTION('',(1.,0.,0.));
#10642=DIRECTION('center_axis',(-1.,0.,0.));
#10643=DIRECTION('ref_axis',(0.,0.,-1.));
#10644=DIRECTION('',(0.,-1.,0.));
#10645=DIRECTION('',(0.,0.,-1.));
#10646=DIRECTION('center_axis',(0.,0.,1.));
#10647=DIRECTION('ref_axis',(-1.,0.,0.));
#10648=DIRECTION('',(0.,-1.,0.));
#10649=DIRECTION('',(-1.,0.,0.));
#10650=DIRECTION('center_axis',(1.,0.,0.));
#10651=DIRECTION('ref_axis',(0.,0.,1.));
#10652=DIRECTION('',(0.,-1.,0.));
#10653=DIRECTION('',(0.,0.,1.));
#10654=DIRECTION('center_axis',(0.,0.,-1.));
#10655=DIRECTION('ref_axis',(1.,0.,0.));
#10656=DIRECTION('',(1.,0.,0.));
#10657=DIRECTION('center_axis',(0.,-1.,0.));
#10658=DIRECTION('ref_axis',(0.,0.,-1.));
#10659=DIRECTION('center_axis',(-1.,0.,0.));
#10660=DIRECTION('ref_axis',(0.,0.,-1.));
#10661=DIRECTION('',(0.,-1.,0.));
#10662=DIRECTION('',(0.,0.,-1.));
#10663=DIRECTION('',(0.,-1.,0.));
#10664=DIRECTION('center_axis',(0.,0.,-1.));
#10665=DIRECTION('ref_axis',(1.,0.,0.));
#10666=DIRECTION('',(0.,-1.,0.));
#10667=DIRECTION('',(1.,0.,0.));
#10668=DIRECTION('center_axis',(-1.,0.,0.));
#10669=DIRECTION('ref_axis',(0.,0.,-1.));
#10670=DIRECTION('',(0.,-1.,0.));
#10671=DIRECTION('',(0.,0.,-1.));
#10672=DIRECTION('center_axis',(0.,0.,1.));
#10673=DIRECTION('ref_axis',(-1.,0.,0.));
#10674=DIRECTION('',(0.,-1.,0.));
#10675=DIRECTION('',(-1.,0.,0.));
#10676=DIRECTION('center_axis',(-1.,0.,0.));
#10677=DIRECTION('ref_axis',(0.,0.,-1.));
#10678=DIRECTION('',(0.,-1.,0.));
#10679=DIRECTION('',(0.,0.,-1.));
#10680=DIRECTION('center_axis',(0.,0.,-1.));
#10681=DIRECTION('ref_axis',(1.,0.,0.));
#10682=DIRECTION('',(0.,-1.,0.));
#10683=DIRECTION('',(1.,0.,0.));
#10684=DIRECTION('center_axis',(-1.,0.,0.));
#10685=DIRECTION('ref_axis',(0.,0.,-1.));
#10686=DIRECTION('',(0.,-1.,0.));
#10687=DIRECTION('',(0.,0.,-1.));
#10688=DIRECTION('center_axis',(0.,0.,1.));
#10689=DIRECTION('ref_axis',(-1.,0.,0.));
#10690=DIRECTION('',(0.,-1.,0.));
#10691=DIRECTION('',(-1.,0.,0.));
#10692=DIRECTION('center_axis',(1.,0.,0.));
#10693=DIRECTION('ref_axis',(0.,0.,1.));
#10694=DIRECTION('',(0.,-1.,0.));
#10695=DIRECTION('',(0.,0.,1.));
#10696=DIRECTION('center_axis',(0.,0.,-1.));
#10697=DIRECTION('ref_axis',(1.,0.,0.));
#10698=DIRECTION('',(1.,0.,0.));
#10699=DIRECTION('center_axis',(0.,-1.,0.));
#10700=DIRECTION('ref_axis',(0.,0.,-1.));
#10701=DIRECTION('',(0.,-1.,0.));
#10702=DIRECTION('',(0.,-1.,0.));
#10703=DIRECTION('',(0.,-1.,0.));
#10704=DIRECTION('',(0.,-1.,0.));
#10705=DIRECTION('',(0.,-1.,0.));
#10706=DIRECTION('',(0.,-1.,0.));
#10707=DIRECTION('',(0.,-1.,0.));
#10708=DIRECTION('',(0.,-1.,0.));
#10709=DIRECTION('',(0.,-1.,0.));
#10710=DIRECTION('',(0.,-1.,0.));
#10711=DIRECTION('',(0.,-1.,0.));
#10712=DIRECTION('',(0.,-1.,0.));
#10713=DIRECTION('',(0.,-1.,0.));
#10714=DIRECTION('',(0.,-1.,0.));
#10715=DIRECTION('',(0.,-1.,0.));
#10716=DIRECTION('',(0.,-1.,0.));
#10717=DIRECTION('',(0.,-1.,0.));
#10718=DIRECTION('',(0.,-1.,0.));
#10719=DIRECTION('center_axis',(0.,1.,0.));
#10720=DIRECTION('ref_axis',(-1.,0.,0.));
#10721=DIRECTION('center_axis',(-1.,0.,0.));
#10722=DIRECTION('ref_axis',(0.,0.,-1.));
#10723=DIRECTION('',(0.,-1.,0.));
#10724=DIRECTION('',(0.,0.,-1.));
#10725=DIRECTION('',(0.,-1.,0.));
#10726=DIRECTION('center_axis',(0.850587423467257,0.,-0.525833657195251));
#10727=DIRECTION('ref_axis',(0.525833657195251,0.,0.850587423467257));
#10728=DIRECTION('',(0.,-1.,0.));
#10729=DIRECTION('',(0.525833657195251,0.,0.850587423467257));
#10730=DIRECTION('center_axis',(0.,0.,-1.));
#10731=DIRECTION('ref_axis',(1.,0.,0.));
#10732=DIRECTION('',(0.,-1.,0.));
#10733=DIRECTION('',(1.,0.,0.));
#10734=DIRECTION('center_axis',(-1.,0.,0.));
#10735=DIRECTION('ref_axis',(0.,0.,-1.));
#10736=DIRECTION('',(0.,-1.,0.));
#10737=DIRECTION('',(0.,0.,-1.));
#10738=DIRECTION('center_axis',(0.,0.,1.));
#10739=DIRECTION('ref_axis',(-1.,0.,0.));
#10740=DIRECTION('',(0.,-1.,0.));
#10741=DIRECTION('',(-1.,0.,0.));
#10742=DIRECTION('center_axis',(1.,0.,0.));
#10743=DIRECTION('ref_axis',(0.,0.,1.));
#10744=DIRECTION('',(0.,-1.,0.));
#10745=DIRECTION('',(0.,0.,1.));
#10746=DIRECTION('center_axis',(-0.852613893686353,0.,0.522541432130502));
#10747=DIRECTION('ref_axis',(-0.522541432130502,0.,-0.852613893686353));
#10748=DIRECTION('',(0.,-1.,0.));
#10749=DIRECTION('',(-0.522541432130502,0.,-0.852613893686353));
#10750=DIRECTION('center_axis',(0.,0.,1.));
#10751=DIRECTION('ref_axis',(-1.,0.,0.));
#10752=DIRECTION('',(0.,-1.,0.));
#10753=DIRECTION('',(-1.,0.,0.));
#10754=DIRECTION('center_axis',(1.,0.,0.));
#10755=DIRECTION('ref_axis',(0.,0.,1.));
#10756=DIRECTION('',(0.,-1.,0.));
#10757=DIRECTION('',(0.,0.,1.));
#10758=DIRECTION('center_axis',(0.,0.,-1.));
#10759=DIRECTION('ref_axis',(1.,0.,0.));
#10760=DIRECTION('',(1.,0.,0.));
#10761=DIRECTION('center_axis',(0.,-1.,0.));
#10762=DIRECTION('ref_axis',(0.,0.,-1.));
#10763=DIRECTION('',(0.,-1.,0.));
#10764=DIRECTION('',(0.,-1.,0.));
#10765=DIRECTION('',(0.,-1.,0.));
#10766=DIRECTION('',(0.,-1.,0.));
#10767=DIRECTION('',(0.,-1.,0.));
#10768=DIRECTION('',(0.,-1.,0.));
#10769=DIRECTION('',(0.,-1.,0.));
#10770=DIRECTION('',(0.,-1.,0.));
#10771=DIRECTION('',(0.,-1.,0.));
#10772=DIRECTION('',(0.,-1.,0.));
#10773=DIRECTION('',(0.,-1.,0.));
#10774=DIRECTION('',(0.,-1.,0.));
#10775=DIRECTION('',(0.,-1.,0.));
#10776=DIRECTION('',(0.,-1.,0.));
#10777=DIRECTION('',(0.,-1.,0.));
#10778=DIRECTION('',(0.,-1.,0.));
#10779=DIRECTION('',(0.,-1.,0.));
#10780=DIRECTION('',(0.,-1.,0.));
#10781=DIRECTION('center_axis',(0.,1.,0.));
#10782=DIRECTION('ref_axis',(-1.,0.,0.));
#10783=DIRECTION('center_axis',(0.,0.,1.));
#10784=DIRECTION('ref_axis',(0.707106781186554,0.707106781186541,0.));
#10785=DIRECTION('center_axis',(0.,0.,-1.));
#10786=DIRECTION('ref_axis',(0.707106781186554,0.707106781186541,0.));
#10787=DIRECTION('',(0.,0.,-1.));
#10788=DIRECTION('center_axis',(0.,0.,1.));
#10789=DIRECTION('ref_axis',(0.707106781186554,0.707106781186541,0.));
#10790=DIRECTION('center_axis',(0.,1.,0.));
#10791=DIRECTION('ref_axis',(1.,0.,0.));
#10792=DIRECTION('center_axis',(1.,0.,0.));
#10793=DIRECTION('ref_axis',(0.,0.998044963916957,0.0625000000000002));
#10794=DIRECTION('center_axis',(-0.707106781186549,0.707106781186546,0.));
#10795=DIRECTION('ref_axis',(0.707106781186546,0.707106781186549,-6.13317366673352E-18));
#10796=DIRECTION('',(-1.,0.,0.));
#10797=DIRECTION('center_axis',(-1.,0.,0.));
#10798=DIRECTION('ref_axis',(0.,0.998044963916957,0.0625000000000002));
#10799=DIRECTION('',(-1.,0.,0.));
#10800=DIRECTION('center_axis',(-0.707106781186549,0.707106781186546,0.));
#10801=DIRECTION('ref_axis',(0.707106781186546,0.707106781186549,-6.13317366673352E-18));
#10802=DIRECTION('center_axis',(0.,0.,-1.));
#10803=DIRECTION('ref_axis',(1.,0.,0.));
#10804=DIRECTION('',(0.,1.,0.));
#10805=DIRECTION('center_axis',(0.,0.,1.));
#10806=DIRECTION('ref_axis',(-0.521739130434783,-0.853105081319503,0.));
#10807=DIRECTION('',(0.,-1.,0.));
#10808=DIRECTION('center_axis',(0.,-1.,0.));
#10809=DIRECTION('ref_axis',(0.998044963916957,0.,0.0625000000000002));
#10810=DIRECTION('center_axis',(-8.3429835185076E-15,1.,-8.88178419700125E-15));
#10811=DIRECTION('ref_axis',(0.,8.88178419700125E-15,1.));
#10812=DIRECTION('',(0.,1.,0.));
#10813=DIRECTION('center_axis',(0.,-1.,0.));
#10814=DIRECTION('ref_axis',(0.998044963916957,0.,0.0625000000000002));
#10815=DIRECTION('center_axis',(-1.,0.,0.));
#10816=DIRECTION('ref_axis',(0.,0.998044963916957,-0.0625000000000002));
#10817=DIRECTION('center_axis',(-1.,0.,0.));
#10818=DIRECTION('ref_axis',(0.,0.998044963916957,-0.0625000000000002));
#10819=DIRECTION('',(1.,0.,0.));
#10820=DIRECTION('center_axis',(-0.707106781186549,0.707106781186546,0.));
#10821=DIRECTION('ref_axis',(0.707106781186546,0.707106781186549,6.13317366673352E-18));
#10822=DIRECTION('center_axis',(-0.707106781186549,0.707106781186546,0.));
#10823=DIRECTION('ref_axis',(0.707106781186546,0.707106781186549,6.13317366673352E-18));
#10824=DIRECTION('',(1.,0.,0.));
#10825=DIRECTION('center_axis',(0.,0.,1.));
#10826=DIRECTION('ref_axis',(0.707106781186541,0.707106781186554,0.));
#10827=DIRECTION('center_axis',(0.,0.,1.));
#10828=DIRECTION('ref_axis',(0.707106781186541,0.707106781186554,0.));
#10829=DIRECTION('center_axis',(0.,1.,0.));
#10830=DIRECTION('ref_axis',(0.998044963916957,0.,-0.0625000000000002));
#10831=DIRECTION('center_axis',(-8.3429835185076E-15,1.,8.88178419700125E-15));
#10832=DIRECTION('ref_axis',(0.998044963916957,8.88178419700127E-15,-0.0625000000000002));
#10833=DIRECTION('center_axis',(0.,1.,0.));
#10834=DIRECTION('ref_axis',(0.998044963916957,0.,-0.0625000000000002));
#10835=DIRECTION('',(0.,-1.,0.));
#10836=DIRECTION('',(0.,-1.,0.));
#10837=DIRECTION('center_axis',(-1.,0.,0.));
#10838=DIRECTION('ref_axis',(0.,1.,0.));
#10839=DIRECTION('',(0.,0.,-1.));
#10840=DIRECTION('',(0.,1.,0.));
#10841=DIRECTION('',(0.,0.,-1.));
#10842=DIRECTION('',(0.,-1.,0.));
#10843=DIRECTION('center_axis',(0.,0.,-1.));
#10844=DIRECTION('ref_axis',(-0.521739130434783,-0.853105081319503,0.));
#10845=DIRECTION('center_axis',(0.,0.,-1.));
#10846=DIRECTION('ref_axis',(-0.521739130434783,-0.853105081319503,0.));
#10847=DIRECTION('',(0.,0.,-1.));
#10848=DIRECTION('center_axis',(-1.,0.,0.));
#10849=DIRECTION('ref_axis',(0.,0.,-1.));
#10850=DIRECTION('',(0.,-1.,0.));
#10851=DIRECTION('',(0.,0.,1.));
#10852=DIRECTION('center_axis',(0.,0.,1.));
#10853=DIRECTION('ref_axis',(-1.,0.,0.));
#10854=DIRECTION('center_axis',(0.,0.,1.));
#10855=DIRECTION('ref_axis',(-0.707106781186541,0.707106781186554,0.));
#10856=DIRECTION('center_axis',(0.,0.,-1.));
#10857=DIRECTION('ref_axis',(-0.707106781186541,0.707106781186554,0.));
#10858=DIRECTION('',(0.,0.,1.));
#10859=DIRECTION('center_axis',(0.,0.,1.));
#10860=DIRECTION('ref_axis',(-0.707106781186541,0.707106781186554,0.));
#10861=DIRECTION('',(0.,0.,-1.));
#10862=DIRECTION('center_axis',(0.,-1.,0.));
#10863=DIRECTION('ref_axis',(-1.,0.,0.));
#10864=DIRECTION('',(-1.,0.,0.));
#10865=DIRECTION('',(0.,0.,-1.));
#10866=DIRECTION('',(1.,0.,0.));
#10867=DIRECTION('center_axis',(0.,0.,1.));
#10868=DIRECTION('ref_axis',(0.707106781186541,-0.707106781186554,0.));
#10869=DIRECTION('center_axis',(0.,0.,-1.));
#10870=DIRECTION('ref_axis',(0.707106781186541,-0.707106781186554,0.));
#10871=DIRECTION('',(0.,0.,-1.));
#10872=DIRECTION('center_axis',(0.,0.,1.));
#10873=DIRECTION('ref_axis',(0.707106781186541,-0.707106781186554,0.));
#10874=DIRECTION('',(0.,0.,1.));
#10875=DIRECTION('center_axis',(0.,-1.,0.));
#10876=DIRECTION('ref_axis',(-1.,0.,0.));
#10877=DIRECTION('',(1.,0.,0.));
#10878=DIRECTION('',(0.,0.,1.));
#10879=DIRECTION('',(-1.,0.,0.));
#10880=DIRECTION('center_axis',(0.,0.,1.));
#10881=DIRECTION('ref_axis',(1.,0.,0.));
#10882=DIRECTION('center_axis',(0.,0.,-1.));
#10883=DIRECTION('ref_axis',(-0.707106781186554,0.707106781186541,0.));
#10884=DIRECTION('',(0.,-1.,0.));
#10885=DIRECTION('center_axis',(0.,0.,-1.));
#10886=DIRECTION('ref_axis',(-0.707106781186552,-0.707106781186543,0.));
#10887=DIRECTION('center_axis',(0.,0.,-1.));
#10888=DIRECTION('ref_axis',(-0.707106781186541,-0.707106781186554,0.));
#10889=DIRECTION('',(0.,1.,0.));
#10890=DIRECTION('center_axis',(0.,0.,-1.));
#10891=DIRECTION('ref_axis',(0.707106781186552,-0.707106781186543,0.));
#10892=DIRECTION('',(0.,1.,0.));
#10893=DIRECTION('',(1.,0.,0.));
#10894=DIRECTION('center_axis',(0.,0.,1.));
#10895=DIRECTION('ref_axis',(0.707106781186554,0.707106781186541,0.));
#10896=DIRECTION('',(0.,-1.,0.));
#10897=DIRECTION('center_axis',(0.,0.,1.));
#10898=DIRECTION('ref_axis',(0.707106781186554,-0.707106781186541,0.));
#10899=DIRECTION('',(-1.,0.,0.));
#10900=DIRECTION('',(0.,-1.,0.));
#10901=DIRECTION('center_axis',(0.,0.,-1.));
#10902=DIRECTION('ref_axis',(1.,0.,0.));
#10903=DIRECTION('',(-1.,0.,0.));
#10904=DIRECTION('center_axis',(0.,0.,-1.));
#10905=DIRECTION('ref_axis',(1.,0.,0.));
#10906=DIRECTION('',(-1.,0.,0.));
#10907=DIRECTION('center_axis',(0.,0.,-1.));
#10908=DIRECTION('ref_axis',(1.,0.,0.));
#10909=DIRECTION('',(-1.,0.,0.));
#10910=DIRECTION('center_axis',(0.,0.,-1.));
#10911=DIRECTION('ref_axis',(1.,0.,0.));
#10912=DIRECTION('',(-1.,0.,0.));
#10913=DIRECTION('center_axis',(0.,0.,-1.));
#10914=DIRECTION('ref_axis',(1.,0.,0.));
#10915=DIRECTION('',(-1.,0.,0.));
#10916=DIRECTION('center_axis',(0.,0.,-1.));
#10917=DIRECTION('ref_axis',(1.,0.,0.));
#10918=DIRECTION('',(-1.,0.,0.));
#10919=DIRECTION('center_axis',(0.,0.,-1.));
#10920=DIRECTION('ref_axis',(1.,0.,0.));
#10921=DIRECTION('',(-1.,0.,0.));
#10922=DIRECTION('center_axis',(0.,0.,-1.));
#10923=DIRECTION('ref_axis',(1.,0.,0.));
#10924=DIRECTION('',(-1.,0.,0.));
#10925=DIRECTION('center_axis',(0.,0.,-1.));
#10926=DIRECTION('ref_axis',(1.,0.,0.));
#10927=DIRECTION('',(-1.,0.,0.));
#10928=DIRECTION('center_axis',(0.,0.,-1.));
#10929=DIRECTION('ref_axis',(1.,0.,0.));
#10930=DIRECTION('',(-1.,0.,0.));
#10931=DIRECTION('center_axis',(0.,0.,-1.));
#10932=DIRECTION('ref_axis',(1.,0.,0.));
#10933=DIRECTION('',(-1.,0.,0.));
#10934=DIRECTION('center_axis',(0.,0.,-1.));
#10935=DIRECTION('ref_axis',(1.,0.,0.));
#10936=DIRECTION('',(-1.,0.,0.));
#10937=DIRECTION('center_axis',(0.,0.,-1.));
#10938=DIRECTION('ref_axis',(1.,0.,0.));
#10939=DIRECTION('',(-1.,0.,0.));
#10940=DIRECTION('center_axis',(0.,0.,-1.));
#10941=DIRECTION('ref_axis',(1.,0.,0.));
#10942=DIRECTION('',(-1.,0.,0.));
#10943=DIRECTION('center_axis',(0.,0.,-1.));
#10944=DIRECTION('ref_axis',(1.,0.,0.));
#10945=DIRECTION('',(-1.,0.,0.));
#10946=DIRECTION('center_axis',(0.,0.,-1.));
#10947=DIRECTION('ref_axis',(1.,0.,0.));
#10948=DIRECTION('',(-1.,0.,0.));
#10949=DIRECTION('center_axis',(0.,0.,-1.));
#10950=DIRECTION('ref_axis',(1.,0.,0.));
#10951=DIRECTION('',(-1.,0.,0.));
#10952=DIRECTION('center_axis',(0.,0.,-1.));
#10953=DIRECTION('ref_axis',(1.,0.,0.));
#10954=DIRECTION('',(-1.,0.,0.));
#10955=DIRECTION('center_axis',(0.,0.,-1.));
#10956=DIRECTION('ref_axis',(1.,0.,0.));
#10957=DIRECTION('',(-1.,0.,0.));
#10958=DIRECTION('center_axis',(0.,0.,-1.));
#10959=DIRECTION('ref_axis',(1.,0.,0.));
#10960=DIRECTION('',(-1.,0.,0.));
#10961=DIRECTION('center_axis',(0.,0.,-1.));
#10962=DIRECTION('ref_axis',(1.,0.,0.));
#10963=DIRECTION('',(-1.,0.,0.));
#10964=DIRECTION('center_axis',(0.,0.,-1.));
#10965=DIRECTION('ref_axis',(1.,0.,0.));
#10966=DIRECTION('',(-1.,0.,0.));
#10967=DIRECTION('center_axis',(0.,0.,-1.));
#10968=DIRECTION('ref_axis',(1.,0.,0.));
#10969=DIRECTION('',(-1.,0.,0.));
#10970=DIRECTION('center_axis',(0.,0.,-1.));
#10971=DIRECTION('ref_axis',(1.,0.,0.));
#10972=DIRECTION('',(-1.,0.,0.));
#10973=DIRECTION('center_axis',(0.,0.,-1.));
#10974=DIRECTION('ref_axis',(1.,0.,0.));
#10975=DIRECTION('',(0.,1.,0.));
#10976=DIRECTION('',(1.,0.,0.));
#10977=DIRECTION('',(0.,1.,0.));
#10978=DIRECTION('',(-1.,0.,0.));
#10979=DIRECTION('center_axis',(0.,0.,1.));
#10980=DIRECTION('ref_axis',(-0.707106781186554,-0.707106781186541,0.));
#10981=DIRECTION('',(0.,1.,0.));
#10982=DIRECTION('center_axis',(0.,0.,1.));
#10983=DIRECTION('ref_axis',(-0.707106781186551,0.707106781186544,0.));
#10984=DIRECTION('',(1.,0.,0.));
#10985=DIRECTION('center_axis',(0.,0.,-1.));
#10986=DIRECTION('ref_axis',(-0.707106781186541,-0.707106781186554,0.));
#10987=DIRECTION('center_axis',(0.,0.,1.));
#10988=DIRECTION('ref_axis',(-0.707106781186541,-0.707106781186554,0.));
#10989=DIRECTION('center_axis',(0.,0.,-1.));
#10990=DIRECTION('ref_axis',(-1.,0.,0.));
#10991=DIRECTION('center_axis',(0.,0.,-1.));
#10992=DIRECTION('ref_axis',(0.707106781186541,0.707106781186554,0.));
#10993=DIRECTION('center_axis',(0.,0.,1.));
#10994=DIRECTION('ref_axis',(-0.707106781186552,-0.707106781186543,0.));
#10995=DIRECTION('',(0.,1.,0.));
#10996=DIRECTION('center_axis',(0.,0.,1.));
#10997=DIRECTION('ref_axis',(-0.707106781186554,0.707106781186541,0.));
#10998=DIRECTION('',(0.,-1.,0.));
#10999=DIRECTION('center_axis',(0.,0.,1.));
#11000=DIRECTION('ref_axis',(0.707106781186552,-0.707106781186543,0.));
#11001=DIRECTION('',(0.,-1.,0.));
#11002=DIRECTION('',(0.,1.,0.));
#11003=DIRECTION('',(-1.,0.,0.));
#11004=DIRECTION('',(0.,-1.,0.));
#11005=DIRECTION('center_axis',(0.,0.,1.));
#11006=DIRECTION('ref_axis',(1.,0.,0.));
#11007=DIRECTION('',(1.,0.,0.));
#11008=DIRECTION('center_axis',(0.,0.,1.));
#11009=DIRECTION('ref_axis',(1.,0.,0.));
#11010=DIRECTION('',(1.,0.,0.));
#11011=DIRECTION('center_axis',(0.,0.,1.));
#11012=DIRECTION('ref_axis',(1.,0.,0.));
#11013=DIRECTION('',(1.,0.,0.));
#11014=DIRECTION('center_axis',(0.,0.,1.));
#11015=DIRECTION('ref_axis',(1.,0.,0.));
#11016=DIRECTION('',(1.,0.,0.));
#11017=DIRECTION('center_axis',(0.,0.,1.));
#11018=DIRECTION('ref_axis',(1.,0.,0.));
#11019=DIRECTION('',(1.,0.,0.));
#11020=DIRECTION('center_axis',(0.,0.,1.));
#11021=DIRECTION('ref_axis',(1.,0.,0.));
#11022=DIRECTION('',(1.,0.,0.));
#11023=DIRECTION('center_axis',(0.,0.,1.));
#11024=DIRECTION('ref_axis',(1.,0.,0.));
#11025=DIRECTION('',(1.,0.,0.));
#11026=DIRECTION('center_axis',(0.,0.,1.));
#11027=DIRECTION('ref_axis',(1.,0.,0.));
#11028=DIRECTION('',(1.,0.,0.));
#11029=DIRECTION('center_axis',(0.,0.,1.));
#11030=DIRECTION('ref_axis',(1.,0.,0.));
#11031=DIRECTION('',(1.,0.,0.));
#11032=DIRECTION('center_axis',(0.,0.,1.));
#11033=DIRECTION('ref_axis',(1.,0.,0.));
#11034=DIRECTION('',(1.,0.,0.));
#11035=DIRECTION('center_axis',(0.,0.,1.));
#11036=DIRECTION('ref_axis',(1.,0.,0.));
#11037=DIRECTION('',(1.,0.,0.));
#11038=DIRECTION('center_axis',(0.,0.,1.));
#11039=DIRECTION('ref_axis',(1.,0.,0.));
#11040=DIRECTION('',(1.,0.,0.));
#11041=DIRECTION('center_axis',(0.,0.,1.));
#11042=DIRECTION('ref_axis',(1.,0.,0.));
#11043=DIRECTION('',(1.,0.,0.));
#11044=DIRECTION('center_axis',(0.,0.,1.));
#11045=DIRECTION('ref_axis',(1.,0.,0.));
#11046=DIRECTION('',(1.,0.,0.));
#11047=DIRECTION('center_axis',(0.,0.,1.));
#11048=DIRECTION('ref_axis',(1.,0.,0.));
#11049=DIRECTION('',(1.,0.,0.));
#11050=DIRECTION('center_axis',(0.,0.,1.));
#11051=DIRECTION('ref_axis',(1.,0.,0.));
#11052=DIRECTION('',(1.,0.,0.));
#11053=DIRECTION('center_axis',(0.,0.,1.));
#11054=DIRECTION('ref_axis',(1.,0.,0.));
#11055=DIRECTION('',(1.,0.,0.));
#11056=DIRECTION('center_axis',(0.,0.,1.));
#11057=DIRECTION('ref_axis',(1.,0.,0.));
#11058=DIRECTION('',(1.,0.,0.));
#11059=DIRECTION('center_axis',(0.,0.,1.));
#11060=DIRECTION('ref_axis',(1.,0.,0.));
#11061=DIRECTION('',(1.,0.,0.));
#11062=DIRECTION('center_axis',(0.,0.,1.));
#11063=DIRECTION('ref_axis',(1.,0.,0.));
#11064=DIRECTION('',(1.,0.,0.));
#11065=DIRECTION('center_axis',(0.,0.,1.));
#11066=DIRECTION('ref_axis',(1.,0.,0.));
#11067=DIRECTION('',(1.,0.,0.));
#11068=DIRECTION('center_axis',(0.,0.,1.));
#11069=DIRECTION('ref_axis',(1.,0.,0.));
#11070=DIRECTION('',(1.,0.,0.));
#11071=DIRECTION('center_axis',(0.,0.,1.));
#11072=DIRECTION('ref_axis',(1.,0.,0.));
#11073=DIRECTION('',(1.,0.,0.));
#11074=DIRECTION('center_axis',(0.,0.,1.));
#11075=DIRECTION('ref_axis',(1.,0.,0.));
#11076=DIRECTION('',(1.,0.,0.));
#11077=DIRECTION('center_axis',(0.,0.,1.));
#11078=DIRECTION('ref_axis',(1.,0.,0.));
#11079=DIRECTION('center_axis',(0.,0.,1.));
#11080=DIRECTION('ref_axis',(0.707106781186541,0.707106781186554,0.));
#11081=DIRECTION('center_axis',(0.,0.,1.));
#11082=DIRECTION('ref_axis',(1.,0.,0.));
#11083=DIRECTION('',(-1.,0.,0.));
#11084=DIRECTION('center_axis',(0.,0.,-1.));
#11085=DIRECTION('ref_axis',(1.,0.,0.));
#11086=DIRECTION('',(0.,1.,0.));
#11087=DIRECTION('',(0.0140175362727418,0.999901749511842,0.));
#11088=DIRECTION('center_axis',(0.,0.,-1.));
#11089=DIRECTION('ref_axis',(1.,0.,0.));
#11090=DIRECTION('',(0.,-1.,0.));
#11091=DIRECTION('center_axis',(0.,0.,-1.));
#11092=DIRECTION('ref_axis',(1.,0.,0.));
#11093=DIRECTION('',(0.,1.,0.));
#11094=DIRECTION('',(0.0140175362727418,0.999901749511842,0.));
#11095=DIRECTION('center_axis',(0.,0.,-1.));
#11096=DIRECTION('ref_axis',(1.,0.,0.));
#11097=DIRECTION('',(1.,0.,0.));
#11098=DIRECTION('center_axis',(0.,0.,-1.));
#11099=DIRECTION('ref_axis',(1.,0.,0.));
#11100=DIRECTION('',(0.,1.,0.));
#11101=DIRECTION('center_axis',(0.,0.,-1.));
#11102=DIRECTION('ref_axis',(1.,0.,0.));
#11103=DIRECTION('',(-1.,0.,0.));
#11104=DIRECTION('center_axis',(0.,1.,0.));
#11105=DIRECTION('ref_axis',(-0.70710678118654,0.,-0.707106781186555));
#11106=DIRECTION('center_axis',(-0.707106781186548,0.707106781186548,0.));
#11107=DIRECTION('ref_axis',(-0.707106781186548,-0.707106781186548,4.9065389333868E-17));
#11108=DIRECTION('',(0.,-1.,0.));
#11109=DIRECTION('center_axis',(0.,-1.,0.));
#11110=DIRECTION('ref_axis',(-0.70710678118654,0.,-0.707106781186555));
#11111=DIRECTION('',(0.,1.,0.));
#11112=DIRECTION('center_axis',(0.707106781186548,0.707106781186548,0.));
#11113=DIRECTION('ref_axis',(0.707106781186548,-0.707106781186548,4.9065389333868E-17));
#11114=DIRECTION('center_axis',(-1.,0.,0.));
#11115=DIRECTION('ref_axis',(0.,1.,0.));
#11116=DIRECTION('',(0.,0.,-1.));
#11117=DIRECTION('',(0.,0.,1.));
#11118=DIRECTION('center_axis',(0.,0.,1.));
#11119=DIRECTION('ref_axis',(1.,0.,0.));
#11120=DIRECTION('center_axis',(-1.,0.,0.));
#11121=DIRECTION('ref_axis',(0.,-0.707106781186546,-0.707106781186549));
#11122=DIRECTION('center_axis',(0.,0.,1.));
#11123=DIRECTION('ref_axis',(0.,-1.,0.));
#11124=DIRECTION('center_axis',(0.,1.,0.));
#11125=DIRECTION('ref_axis',(0.707106781186549,0.,-0.707106781186546));
#11126=DIRECTION('center_axis',(0.,0.,1.));
#11127=DIRECTION('ref_axis',(0.707106781186554,-0.707106781186541,0.));
#11128=DIRECTION('',(0.,0.,1.));
#11129=DIRECTION('',(0.,0.,-1.));
#11130=DIRECTION('center_axis',(0.,1.,0.));
#11131=DIRECTION('ref_axis',(-1.,0.,0.));
#11132=DIRECTION('',(1.,0.,0.));
#11133=DIRECTION('',(0.,0.,1.));
#11134=DIRECTION('center_axis',(1.,0.,0.));
#11135=DIRECTION('ref_axis',(0.,-0.707106781186546,-0.707106781186549));
#11136=DIRECTION('center_axis',(0.,0.,1.));
#11137=DIRECTION('ref_axis',(1.,0.,0.));
#11138=DIRECTION('center_axis',(0.,-1.,0.));
#11139=DIRECTION('ref_axis',(0.707106781186549,0.,-0.707106781186546));
#11140=DIRECTION('center_axis',(0.,0.,1.));
#11141=DIRECTION('ref_axis',(1.,0.,0.));
#11142=DIRECTION('center_axis',(-1.,0.,0.));
#11143=DIRECTION('ref_axis',(0.,0.70710678118655,-0.707106781186545));
#11144=DIRECTION('center_axis',(0.,0.,1.));
#11145=DIRECTION('ref_axis',(0.707106781186554,0.707106781186541,0.));
#11146=DIRECTION('',(0.,0.,1.));
#11147=DIRECTION('',(0.,0.,-1.));
#11148=DIRECTION('center_axis',(-1.,0.,0.));
#11149=DIRECTION('ref_axis',(0.,-1.,0.));
#11150=DIRECTION('',(0.,1.,0.));
#11151=DIRECTION('center_axis',(0.,1.,0.));
#11152=DIRECTION('ref_axis',(0.707106781186553,0.,-0.707106781186543));
#11153=DIRECTION('center_axis',(0.,0.,1.));
#11154=DIRECTION('ref_axis',(-0.707106781180568,0.707106781192527,0.));
#11155=DIRECTION('center_axis',(1.,0.,0.));
#11156=DIRECTION('ref_axis',(0.,0.70710678118655,-0.707106781186545));
#11157=DIRECTION('center_axis',(0.,0.,1.));
#11158=DIRECTION('ref_axis',(0.,1.,0.));
#11159=DIRECTION('center_axis',(0.,-1.,0.));
#11160=DIRECTION('ref_axis',(-0.707106781186549,0.,-0.707106781186546));
#11161=DIRECTION('center_axis',(0.,0.,1.));
#11162=DIRECTION('ref_axis',(-0.707106781186551,0.707106781186544,0.));
#11163=DIRECTION('',(0.,0.,1.));
#11164=DIRECTION('',(0.,0.,-1.));
#11165=DIRECTION('center_axis',(0.,-1.,0.));
#11166=DIRECTION('ref_axis',(1.,0.,0.));
#11167=DIRECTION('',(-1.,0.,0.));
#11168=DIRECTION('center_axis',(-1.,0.,0.));
#11169=DIRECTION('ref_axis',(0.,0.707106781186549,-0.707106781186546));
#11170=DIRECTION('center_axis',(0.,0.,1.));
#11171=DIRECTION('ref_axis',(1.,0.,0.));
#11172=DIRECTION('',(0.,0.,1.));
#11173=DIRECTION('center_axis',(0.,0.,1.));
#11174=DIRECTION('ref_axis',(1.,0.,0.));
#11175=DIRECTION('',(0.,0.,1.));
#11176=DIRECTION('center_axis',(0.,-1.,0.));
#11177=DIRECTION('ref_axis',(-0.707106781186553,0.,-0.707106781186543));
#11178=DIRECTION('',(0.,-1.,0.));
#11179=DIRECTION('center_axis',(0.,1.,0.));
#11180=DIRECTION('ref_axis',(-0.707106781186549,0.,-0.707106781186546));
#11181=DIRECTION('',(0.,1.,0.));
#11182=DIRECTION('center_axis',(0.999901749511842,-0.0140175362727418,0.));
#11183=DIRECTION('ref_axis',(-0.0140175362727418,-0.999901749511842,-9.72661969907264E-19));
#11184=DIRECTION('',(0.,1.,0.));
#11185=DIRECTION('center_axis',(0.999901749511842,-0.0140175362727418,0.));
#11186=DIRECTION('ref_axis',(-0.0140175362727418,-0.999901749511842,-9.72661969907264E-19));
#11187=DIRECTION('center_axis',(0.,0.,1.));
#11188=DIRECTION('ref_axis',(-0.707106781170948,-0.707106781202148,0.));
#11189=DIRECTION('center_axis',(0.,0.,1.));
#11190=DIRECTION('ref_axis',(-1.,0.,0.));
#11191=DIRECTION('center_axis',(1.,0.,0.));
#11192=DIRECTION('ref_axis',(0.,-0.707106781186546,-0.707106781186549));
#11193=DIRECTION('center_axis',(0.,0.,1.));
#11194=DIRECTION('ref_axis',(-0.707106781186554,-0.707106781186541,0.));
#11195=DIRECTION('',(0.,0.,1.));
#11196=DIRECTION('',(0.,0.,-1.));
#11197=DIRECTION('center_axis',(1.,0.,0.));
#11198=DIRECTION('ref_axis',(0.,1.,0.));
#11199=DIRECTION('center_axis',(0.,0.,1.));
#11200=DIRECTION('ref_axis',(1.,0.,0.));
#11201=DIRECTION('',(0.,0.,1.));
#11202=DIRECTION('center_axis',(0.,0.,1.));
#11203=DIRECTION('ref_axis',(1.,0.,0.));
#11204=DIRECTION('',(0.,0.,1.));
#11205=DIRECTION('center_axis',(1.,0.,0.));
#11206=DIRECTION('ref_axis',(0.,-0.707106781186546,-0.707106781186549));
#11207=DIRECTION('',(1.,0.,0.));
#11208=DIRECTION('center_axis',(0.,0.,1.));
#11209=DIRECTION('ref_axis',(0.707106781186552,-0.707106781186543,0.));
#11210=DIRECTION('',(0.,0.,1.));
#11211=DIRECTION('center_axis',(1.,0.,0.));
#11212=DIRECTION('ref_axis',(0.,-1.,0.));
#11213=DIRECTION('center_axis',(0.,0.,1.));
#11214=DIRECTION('ref_axis',(-0.707106781186554,0.707106781186541,0.));
#11215=DIRECTION('',(0.,0.,1.));
#11216=DIRECTION('center_axis',(-1.,0.,0.));
#11217=DIRECTION('ref_axis',(0.,1.,0.));
#11218=DIRECTION('',(0.,0.,-1.));
#11219=DIRECTION('center_axis',(0.,0.,1.));
#11220=DIRECTION('ref_axis',(-0.707106781186552,-0.707106781186543,0.));
#11221=DIRECTION('center_axis',(0.,0.,1.));
#11222=DIRECTION('ref_axis',(1.,0.,0.));
#11223=DIRECTION('',(0.,0.,1.));
#11224=DIRECTION('',(0.,0.,-1.));
#11225=DIRECTION('center_axis',(0.,1.,0.));
#11226=DIRECTION('ref_axis',(1.,0.,0.));
#11227=DIRECTION('',(0.,0.,1.));
#11228=DIRECTION('center_axis',(0.,0.,1.));
#11229=DIRECTION('ref_axis',(1.,0.,0.));
#11230=DIRECTION('',(0.,0.,-1.));
#11231=DIRECTION('center_axis',(0.,1.,0.));
#11232=DIRECTION('ref_axis',(1.,0.,0.));
#11233=DIRECTION('',(0.,0.,1.));
#11234=DIRECTION('center_axis',(0.,0.,1.));
#11235=DIRECTION('ref_axis',(1.,0.,0.));
#11236=DIRECTION('',(0.,0.,-1.));
#11237=DIRECTION('center_axis',(0.,1.,0.));
#11238=DIRECTION('ref_axis',(1.,0.,0.));
#11239=DIRECTION('',(0.,0.,1.));
#11240=DIRECTION('center_axis',(0.,0.,1.));
#11241=DIRECTION('ref_axis',(1.,0.,0.));
#11242=DIRECTION('',(0.,0.,-1.));
#11243=DIRECTION('center_axis',(0.,1.,0.));
#11244=DIRECTION('ref_axis',(1.,0.,0.));
#11245=DIRECTION('',(0.,0.,1.));
#11246=DIRECTION('center_axis',(0.,0.,1.));
#11247=DIRECTION('ref_axis',(1.,0.,0.));
#11248=DIRECTION('',(0.,0.,-1.));
#11249=DIRECTION('center_axis',(0.,1.,0.));
#11250=DIRECTION('ref_axis',(1.,0.,0.));
#11251=DIRECTION('',(0.,0.,1.));
#11252=DIRECTION('center_axis',(0.,0.,1.));
#11253=DIRECTION('ref_axis',(1.,0.,0.));
#11254=DIRECTION('',(0.,0.,-1.));
#11255=DIRECTION('center_axis',(0.,1.,0.));
#11256=DIRECTION('ref_axis',(1.,0.,0.));
#11257=DIRECTION('',(0.,0.,1.));
#11258=DIRECTION('center_axis',(0.,0.,1.));
#11259=DIRECTION('ref_axis',(1.,0.,0.));
#11260=DIRECTION('',(0.,0.,-1.));
#11261=DIRECTION('center_axis',(0.,1.,0.));
#11262=DIRECTION('ref_axis',(1.,0.,0.));
#11263=DIRECTION('',(0.,0.,1.));
#11264=DIRECTION('center_axis',(0.,0.,1.));
#11265=DIRECTION('ref_axis',(1.,0.,0.));
#11266=DIRECTION('',(0.,0.,-1.));
#11267=DIRECTION('center_axis',(0.,1.,0.));
#11268=DIRECTION('ref_axis',(1.,0.,0.));
#11269=DIRECTION('',(0.,0.,1.));
#11270=DIRECTION('center_axis',(0.,0.,1.));
#11271=DIRECTION('ref_axis',(1.,0.,0.));
#11272=DIRECTION('',(0.,0.,-1.));
#11273=DIRECTION('center_axis',(0.,1.,0.));
#11274=DIRECTION('ref_axis',(1.,0.,0.));
#11275=DIRECTION('',(0.,0.,1.));
#11276=DIRECTION('center_axis',(0.,0.,1.));
#11277=DIRECTION('ref_axis',(1.,0.,0.));
#11278=DIRECTION('',(0.,0.,-1.));
#11279=DIRECTION('center_axis',(0.,1.,0.));
#11280=DIRECTION('ref_axis',(1.,0.,0.));
#11281=DIRECTION('',(0.,0.,1.));
#11282=DIRECTION('center_axis',(0.,0.,1.));
#11283=DIRECTION('ref_axis',(1.,0.,0.));
#11284=DIRECTION('',(0.,0.,-1.));
#11285=DIRECTION('center_axis',(0.,1.,0.));
#11286=DIRECTION('ref_axis',(1.,0.,0.));
#11287=DIRECTION('',(0.,0.,1.));
#11288=DIRECTION('center_axis',(0.,0.,1.));
#11289=DIRECTION('ref_axis',(1.,0.,0.));
#11290=DIRECTION('',(0.,0.,-1.));
#11291=DIRECTION('center_axis',(0.,1.,0.));
#11292=DIRECTION('ref_axis',(1.,0.,0.));
#11293=DIRECTION('',(0.,0.,1.));
#11294=DIRECTION('center_axis',(0.,0.,1.));
#11295=DIRECTION('ref_axis',(1.,0.,0.));
#11296=DIRECTION('',(0.,0.,-1.));
#11297=DIRECTION('center_axis',(0.,1.,0.));
#11298=DIRECTION('ref_axis',(1.,0.,0.));
#11299=DIRECTION('',(0.,0.,1.));
#11300=DIRECTION('center_axis',(0.,0.,1.));
#11301=DIRECTION('ref_axis',(1.,0.,0.));
#11302=DIRECTION('',(0.,0.,-1.));
#11303=DIRECTION('center_axis',(0.,1.,0.));
#11304=DIRECTION('ref_axis',(1.,0.,0.));
#11305=DIRECTION('',(0.,0.,1.));
#11306=DIRECTION('center_axis',(0.,0.,1.));
#11307=DIRECTION('ref_axis',(1.,0.,0.));
#11308=DIRECTION('',(0.,0.,-1.));
#11309=DIRECTION('center_axis',(0.,1.,0.));
#11310=DIRECTION('ref_axis',(1.,0.,0.));
#11311=DIRECTION('',(0.,0.,1.));
#11312=DIRECTION('center_axis',(0.,0.,1.));
#11313=DIRECTION('ref_axis',(1.,0.,0.));
#11314=DIRECTION('',(0.,0.,-1.));
#11315=DIRECTION('center_axis',(0.,1.,0.));
#11316=DIRECTION('ref_axis',(1.,0.,0.));
#11317=DIRECTION('',(0.,0.,1.));
#11318=DIRECTION('center_axis',(0.,0.,1.));
#11319=DIRECTION('ref_axis',(1.,0.,0.));
#11320=DIRECTION('',(0.,0.,-1.));
#11321=DIRECTION('center_axis',(0.,1.,0.));
#11322=DIRECTION('ref_axis',(1.,0.,0.));
#11323=DIRECTION('',(0.,0.,1.));
#11324=DIRECTION('center_axis',(0.,0.,1.));
#11325=DIRECTION('ref_axis',(1.,0.,0.));
#11326=DIRECTION('',(0.,0.,-1.));
#11327=DIRECTION('center_axis',(0.,1.,0.));
#11328=DIRECTION('ref_axis',(1.,0.,0.));
#11329=DIRECTION('',(0.,0.,1.));
#11330=DIRECTION('center_axis',(0.,0.,1.));
#11331=DIRECTION('ref_axis',(1.,0.,0.));
#11332=DIRECTION('',(0.,0.,-1.));
#11333=DIRECTION('center_axis',(0.,1.,0.));
#11334=DIRECTION('ref_axis',(1.,0.,0.));
#11335=DIRECTION('',(0.,0.,1.));
#11336=DIRECTION('center_axis',(0.,0.,1.));
#11337=DIRECTION('ref_axis',(1.,0.,0.));
#11338=DIRECTION('',(0.,0.,-1.));
#11339=DIRECTION('center_axis',(0.,1.,0.));
#11340=DIRECTION('ref_axis',(1.,0.,0.));
#11341=DIRECTION('',(0.,0.,1.));
#11342=DIRECTION('center_axis',(0.,0.,1.));
#11343=DIRECTION('ref_axis',(1.,0.,0.));
#11344=DIRECTION('',(0.,0.,-1.));
#11345=DIRECTION('center_axis',(0.,1.,0.));
#11346=DIRECTION('ref_axis',(1.,0.,0.));
#11347=DIRECTION('',(0.,0.,1.));
#11348=DIRECTION('center_axis',(0.,0.,1.));
#11349=DIRECTION('ref_axis',(1.,0.,0.));
#11350=DIRECTION('',(0.,0.,-1.));
#11351=DIRECTION('center_axis',(0.,1.,0.));
#11352=DIRECTION('ref_axis',(1.,0.,0.));
#11353=DIRECTION('',(0.,0.,1.));
#11354=DIRECTION('center_axis',(0.,0.,1.));
#11355=DIRECTION('ref_axis',(1.,0.,0.));
#11356=DIRECTION('',(0.,0.,-1.));
#11357=DIRECTION('center_axis',(0.,1.,0.));
#11358=DIRECTION('ref_axis',(1.,0.,0.));
#11359=DIRECTION('',(0.,0.,1.));
#11360=DIRECTION('center_axis',(0.,0.,1.));
#11361=DIRECTION('ref_axis',(1.,0.,0.));
#11362=DIRECTION('',(0.,0.,-1.));
#11363=DIRECTION('center_axis',(0.,1.,0.));
#11364=DIRECTION('ref_axis',(1.,0.,0.));
#11365=DIRECTION('',(0.,0.,1.));
#11366=DIRECTION('center_axis',(0.,0.,1.));
#11367=DIRECTION('ref_axis',(1.,0.,0.));
#11368=DIRECTION('',(0.,0.,-1.));
#11369=DIRECTION('center_axis',(0.,-1.,0.));
#11370=DIRECTION('ref_axis',(-1.,0.,0.));
#11371=DIRECTION('',(0.,0.,-1.));
#11372=DIRECTION('',(0.,0.,1.));
#11373=DIRECTION('center_axis',(-1.,0.,0.));
#11374=DIRECTION('ref_axis',(0.,-1.,0.));
#11375=DIRECTION('',(0.,0.,1.));
#11376=DIRECTION('',(0.,-1.,0.));
#11377=DIRECTION('',(0.,0.,1.));
#11378=DIRECTION('center_axis',(-0.999901749511842,0.0140175362727418,0.));
#11379=DIRECTION('ref_axis',(-0.0140175362727418,-0.999901749511842,0.));
#11380=DIRECTION('',(-0.0140175362727418,-0.999901749511842,0.));
#11381=DIRECTION('',(0.,0.,1.));
#11382=DIRECTION('center_axis',(0.,0.,1.));
#11383=DIRECTION('ref_axis',(1.,0.,0.));
#11384=DIRECTION('center_axis',(0.,0.,1.));
#11385=DIRECTION('ref_axis',(1.,0.,0.));
#11386=DIRECTION('center_axis',(0.,0.,1.));
#11387=DIRECTION('ref_axis',(1.,0.,0.));
#11388=DIRECTION('center_axis',(0.,0.,1.));
#11389=DIRECTION('ref_axis',(1.,0.,0.));
#11390=DIRECTION('center_axis',(-1.,0.,0.));
#11391=DIRECTION('ref_axis',(0.,-1.,0.));
#11392=DIRECTION('',(0.,-1.,0.));
#11393=DIRECTION('',(0.,0.,1.));
#11394=DIRECTION('center_axis',(-0.999901749511842,0.0140175362727418,0.));
#11395=DIRECTION('ref_axis',(-0.0140175362727418,-0.999901749511842,0.));
#11396=DIRECTION('',(-0.0140175362727418,-0.999901749511842,0.));
#11397=DIRECTION('center_axis',(0.,0.,1.));
#11398=DIRECTION('ref_axis',(1.,0.,0.));
#11399=DIRECTION('center_axis',(0.,0.,1.));
#11400=DIRECTION('ref_axis',(1.,0.,0.));
#11401=DIRECTION('center_axis',(0.,0.,1.));
#11402=DIRECTION('ref_axis',(1.,0.,0.));
#11403=DIRECTION('',(0.,0.,1.));
#11404=DIRECTION('center_axis',(0.,0.,1.));
#11405=DIRECTION('ref_axis',(1.,0.,0.));
#11406=DIRECTION('',(0.,0.,1.));
#11407=DIRECTION('center_axis',(-1.,0.,0.));
#11408=DIRECTION('ref_axis',(0.,-1.,0.));
#11409=DIRECTION('',(0.,-1.,0.));
#11410=DIRECTION('',(0.,0.,1.));
#11411=DIRECTION('center_axis',(-0.999901749511842,0.0140175362727418,0.));
#11412=DIRECTION('ref_axis',(-0.0140175362727418,-0.999901749511842,0.));
#11413=DIRECTION('',(-0.0140175362727418,-0.999901749511842,0.));
#11414=DIRECTION('center_axis',(0.,0.,1.));
#11415=DIRECTION('ref_axis',(1.,0.,0.));
#11416=DIRECTION('center_axis',(0.,0.,1.));
#11417=DIRECTION('ref_axis',(1.,0.,0.));
#11418=DIRECTION('center_axis',(-0.999901749511842,0.0140175362727418,0.));
#11419=DIRECTION('ref_axis',(-0.0140175362727418,-0.999901749511842,0.));
#11420=DIRECTION('',(0.,0.,1.));
#11421=DIRECTION('',(-0.0140175362727418,-0.999901749511842,0.));
#11422=DIRECTION('center_axis',(-1.,0.,0.));
#11423=DIRECTION('ref_axis',(0.,-1.,0.));
#11424=DIRECTION('',(0.,-1.,0.));
#11425=DIRECTION('center_axis',(0.,0.,1.));
#11426=DIRECTION('ref_axis',(1.,0.,0.));
#11427=DIRECTION('center_axis',(0.,0.,1.));
#11428=DIRECTION('ref_axis',(1.,0.,0.));
#11429=DIRECTION('center_axis',(0.,1.,0.));
#11430=DIRECTION('ref_axis',(-1.,0.,0.));
#11431=DIRECTION('center_axis',(0.,0.,1.));
#11432=DIRECTION('ref_axis',(1.,0.,0.));
#11433=DIRECTION('center_axis',(0.,0.,1.));
#11434=DIRECTION('ref_axis',(1.,0.,0.));
#11435=DIRECTION('',(0.,0.,-1.));
#11436=DIRECTION('center_axis',(0.,0.,1.));
#11437=DIRECTION('ref_axis',(1.,0.,0.));
#11438=DIRECTION('center_axis',(0.,0.,1.));
#11439=DIRECTION('ref_axis',(1.,0.,0.));
#11440=DIRECTION('',(0.,0.,-1.));
#11441=DIRECTION('center_axis',(0.,0.,1.));
#11442=DIRECTION('ref_axis',(1.,0.,0.));
#11443=DIRECTION('center_axis',(0.,0.,1.));
#11444=DIRECTION('ref_axis',(1.,0.,0.));
#11445=DIRECTION('center_axis',(0.,0.,1.));
#11446=DIRECTION('ref_axis',(1.,0.,0.));
#11447=DIRECTION('',(0.,0.,-1.));
#11448=DIRECTION('center_axis',(0.,0.,1.));
#11449=DIRECTION('ref_axis',(1.,0.,0.));
#11450=DIRECTION('center_axis',(0.,0.,1.));
#11451=DIRECTION('ref_axis',(1.,0.,0.));
#11452=DIRECTION('center_axis',(0.,0.,1.));
#11453=DIRECTION('ref_axis',(1.,0.,0.));
#11454=DIRECTION('center_axis',(0.,0.,1.));
#11455=DIRECTION('ref_axis',(1.,0.,0.));
#11456=DIRECTION('',(0.,0.,-1.));
#11457=DIRECTION('center_axis',(0.,0.,1.));
#11458=DIRECTION('ref_axis',(1.,0.,0.));
#11459=DIRECTION('center_axis',(-1.,0.,0.));
#11460=DIRECTION('ref_axis',(0.,1.,0.));
#11461=DIRECTION('center_axis',(1.,0.,0.));
#11462=DIRECTION('ref_axis',(0.,-1.,0.));
#11463=DIRECTION('center_axis',(1.,0.,0.));
#11464=DIRECTION('ref_axis',(0.,-1.,0.));
#11465=DIRECTION('center_axis',(0.,1.,0.));
#11466=DIRECTION('ref_axis',(1.,0.,0.));
#11467=DIRECTION('',(0.,0.,1.));
#11468=DIRECTION('',(1.,0.,0.));
#11469=CARTESIAN_POINT('',(0.,0.,0.));
#11470=CARTESIAN_POINT('',(0.,0.,0.));
#11471=CARTESIAN_POINT('Origin',(238.41,-105.94,8.2));
#11472=CARTESIAN_POINT('',(248.41,-105.94,9.));
#11473=CARTESIAN_POINT('',(248.41,-106.74,8.2));
#11474=CARTESIAN_POINT('Origin',(248.41,-105.94,8.2));
#11475=CARTESIAN_POINT('',(228.41,-106.74,8.2));
#11476=CARTESIAN_POINT('',(238.41,-106.74,8.2));
#11477=CARTESIAN_POINT('',(228.41,-105.94,9.));
#11478=CARTESIAN_POINT('Origin',(228.41,-105.94,8.2));
#11479=CARTESIAN_POINT('',(238.41,-105.94,9.));
#11480=CARTESIAN_POINT('Origin',(238.41,-106.74,9.));
#11481=CARTESIAN_POINT('',(248.41,-106.74,4.46));
#11482=CARTESIAN_POINT('',(248.41,-106.74,9.));
#11483=CARTESIAN_POINT('',(228.41,-106.74,4.46));
#11484=CARTESIAN_POINT('',(238.41,-106.74,4.46));
#11485=CARTESIAN_POINT('',(228.41,-106.74,9.));
#11486=CARTESIAN_POINT('Origin',(238.41,-108.34,8.2));
#11487=CARTESIAN_POINT('',(228.41,-108.34,9.));
#11488=CARTESIAN_POINT('',(228.41,-107.54,8.2));
#11489=CARTESIAN_POINT('Origin',(228.41,-108.34,8.2));
#11490=CARTESIAN_POINT('',(248.41,-107.54,8.2));
#11491=CARTESIAN_POINT('',(238.41,-107.54,8.2));
#11492=CARTESIAN_POINT('',(248.41,-108.34,9.));
#11493=CARTESIAN_POINT('Origin',(248.41,-108.34,8.2));
#11494=CARTESIAN_POINT('',(238.41,-108.34,9.));
#11495=CARTESIAN_POINT('Origin',(238.41,-107.54,6.02562877718661));
#11496=CARTESIAN_POINT('',(228.41,-107.54,6.02562877718661));
#11497=CARTESIAN_POINT('',(228.41,-107.54,4.46));
#11498=CARTESIAN_POINT('',(248.41,-107.54,6.02562877718661));
#11499=CARTESIAN_POINT('',(238.41,-107.54,6.02562877718661));
#11500=CARTESIAN_POINT('',(248.41,-107.54,4.46));
#11501=CARTESIAN_POINT('Origin',(228.41,-107.61,6.73));
#11502=CARTESIAN_POINT('',(228.41,-92.525,9.));
#11503=CARTESIAN_POINT('',(228.41,-107.69,4.46));
#11504=CARTESIAN_POINT('',(228.41,-107.69,4.46));
#11505=CARTESIAN_POINT('Origin',(228.41,-107.69,5.25));
#11506=CARTESIAN_POINT('Origin',(238.41,-107.69,5.25));
#11507=CARTESIAN_POINT('',(248.41,-107.69,4.46));
#11508=CARTESIAN_POINT('',(238.41,-107.69,4.46));
#11509=CARTESIAN_POINT('Origin',(248.41,-107.69,5.25));
#11510=CARTESIAN_POINT('Origin',(238.41,-106.74,4.46));
#11511=CARTESIAN_POINT('',(248.41,-107.69,4.46));
#11512=CARTESIAN_POINT('Origin',(248.41,-107.61,6.73));
#11513=CARTESIAN_POINT('',(248.41,-92.525,9.));
#11514=CARTESIAN_POINT('Origin',(238.41,-48.94,8.2));
#11515=CARTESIAN_POINT('',(228.41,-48.94,9.));
#11516=CARTESIAN_POINT('',(228.41,-48.14,8.2));
#11517=CARTESIAN_POINT('Origin',(228.41,-48.94,8.2));
#11518=CARTESIAN_POINT('',(248.41,-48.14,8.2));
#11519=CARTESIAN_POINT('',(238.41,-48.14,8.2));
#11520=CARTESIAN_POINT('',(248.41,-48.94,9.));
#11521=CARTESIAN_POINT('Origin',(248.41,-48.94,8.2));
#11522=CARTESIAN_POINT('',(238.41,-48.94,9.));
#11523=CARTESIAN_POINT('Origin',(238.41,-48.14,9.));
#11524=CARTESIAN_POINT('',(228.41,-48.14,4.46));
#11525=CARTESIAN_POINT('',(228.41,-48.14,9.));
#11526=CARTESIAN_POINT('',(248.41,-48.14,4.46));
#11527=CARTESIAN_POINT('',(238.41,-48.14,4.46));
#11528=CARTESIAN_POINT('',(248.41,-48.14,9.));
#11529=CARTESIAN_POINT('Origin',(238.41,-46.54,8.2));
#11530=CARTESIAN_POINT('',(248.41,-46.54,9.));
#11531=CARTESIAN_POINT('',(248.41,-47.34,8.2));
#11532=CARTESIAN_POINT('Origin',(248.41,-46.54,8.2));
#11533=CARTESIAN_POINT('',(228.41,-47.34,8.2));
#11534=CARTESIAN_POINT('',(238.41,-47.34,8.2));
#11535=CARTESIAN_POINT('',(228.41,-46.54,9.));
#11536=CARTESIAN_POINT('Origin',(228.41,-46.54,8.2));
#11537=CARTESIAN_POINT('',(238.41,-46.54,9.));
#11538=CARTESIAN_POINT('Origin',(238.41,-47.34,6.02562877718661));
#11539=CARTESIAN_POINT('',(248.41,-47.34,6.02562877718661));
#11540=CARTESIAN_POINT('',(248.41,-47.34,4.46));
#11541=CARTESIAN_POINT('',(228.41,-47.34,6.02562877718661));
#11542=CARTESIAN_POINT('',(238.41,-47.34,6.02562877718661));
#11543=CARTESIAN_POINT('',(228.41,-47.34,4.46));
#11544=CARTESIAN_POINT('Origin',(228.41,-47.27,6.73));
#11545=CARTESIAN_POINT('',(228.41,-47.19,4.46));
#11546=CARTESIAN_POINT('Origin',(228.41,-47.19,5.25));
#11547=CARTESIAN_POINT('',(228.41,-47.19,4.46));
#11548=CARTESIAN_POINT('',(228.41,-62.355,9.));
#11549=CARTESIAN_POINT('Origin',(238.41,-47.19,5.25));
#11550=CARTESIAN_POINT('',(248.41,-47.19,4.46));
#11551=CARTESIAN_POINT('Origin',(248.41,-47.19,5.25));
#11552=CARTESIAN_POINT('',(238.41,-47.19,4.46));
#11553=CARTESIAN_POINT('Origin',(238.41,-48.14,4.46));
#11554=CARTESIAN_POINT('',(248.41,-47.19,4.46));
#11555=CARTESIAN_POINT('Origin',(248.41,-47.27,6.73));
#11556=CARTESIAN_POINT('',(248.41,-62.355,9.));
#11557=CARTESIAN_POINT('Origin',(281.859999999999,-50.7556151680052,6.));
#11558=CARTESIAN_POINT('',(281.859999999999,-51.0056151680052,6.));
#11559=CARTESIAN_POINT('',(281.859999999999,-51.0056151680052,9.));
#11560=CARTESIAN_POINT('',(281.859999999999,-51.0056151680052,6.));
#11561=CARTESIAN_POINT('',(281.859999999999,-50.5056151680052,6.));
#11562=CARTESIAN_POINT('Origin',(281.859999999999,-50.7556151680052,6.));
#11563=CARTESIAN_POINT('',(281.859999999999,-50.5056151680052,9.));
#11564=CARTESIAN_POINT('',(281.859999999999,-50.5056151680052,6.));
#11565=CARTESIAN_POINT('Origin',(281.859999999999,-50.7556151680052,9.));
#11566=CARTESIAN_POINT('Origin',(281.859999999999,-47.94,9.));
#11567=CARTESIAN_POINT('',(281.859999999999,-47.94,6.));
#11568=CARTESIAN_POINT('',(281.859999999999,-47.94,6.));
#11569=CARTESIAN_POINT('',(281.859999999999,-47.94,9.));
#11570=CARTESIAN_POINT('',(281.859999999999,-47.94,9.));
#11571=CARTESIAN_POINT('',(281.859999999999,-62.69,9.));
#11572=CARTESIAN_POINT('Origin',(281.859999999999,-47.94,9.));
#11573=CARTESIAN_POINT('',(281.859999999999,-51.5722818346719,9.));
#11574=CARTESIAN_POINT('',(281.859999999999,-62.69,9.));
#11575=CARTESIAN_POINT('',(281.859999999999,-51.5722818346719,6.));
#11576=CARTESIAN_POINT('',(281.859999999999,-51.5722818346719,6.));
#11577=CARTESIAN_POINT('',(281.859999999999,-47.94,6.));
#11578=CARTESIAN_POINT('Origin',(238.41,-77.44,9.));
#11579=CARTESIAN_POINT('',(256.6,-44.94,9.));
#11580=CARTESIAN_POINT('',(256.6,-51.64,9.));
#11581=CARTESIAN_POINT('',(256.6,-61.19,9.));
#11582=CARTESIAN_POINT('',(267.35,-51.64,9.));
#11583=CARTESIAN_POINT('',(247.505,-51.64,9.));
#11584=CARTESIAN_POINT('',(267.35,-44.94,9.));
#11585=CARTESIAN_POINT('',(267.35,-64.54,9.));
#11586=CARTESIAN_POINT('',(280.409999999999,-44.94,9.));
#11587=CARTESIAN_POINT('',(280.409999999999,-44.94,9.));
#11588=CARTESIAN_POINT('',(283.409999999999,-47.94,9.));
#11589=CARTESIAN_POINT('Origin',(280.409999999999,-47.94,9.));
#11590=CARTESIAN_POINT('',(283.409999999999,-106.94,9.));
#11591=CARTESIAN_POINT('',(283.409999999999,-106.94,9.));
#11592=CARTESIAN_POINT('',(280.409999999999,-109.94,9.));
#11593=CARTESIAN_POINT('Origin',(280.409999999999,-106.94,9.));
#11594=CARTESIAN_POINT('',(257.96,-109.94,9.));
#11595=CARTESIAN_POINT('',(196.41,-109.94,9.));
#11596=CARTESIAN_POINT('',(257.96,-108.54,9.));
#11597=CARTESIAN_POINT('',(257.96,-92.99,9.));
#11598=CARTESIAN_POINT('',(254.06,-108.54,9.));
#11599=CARTESIAN_POINT('',(246.235,-108.54,9.));
#11600=CARTESIAN_POINT('',(254.06,-109.94,9.));
#11601=CARTESIAN_POINT('',(254.06,-93.69,9.));
#11602=CARTESIAN_POINT('',(196.41,-109.94,9.));
#11603=CARTESIAN_POINT('',(196.41,-109.94,9.));
#11604=CARTESIAN_POINT('',(193.41,-106.94,9.));
#11605=CARTESIAN_POINT('Origin',(196.41,-106.94,9.));
#11606=CARTESIAN_POINT('',(193.41,-47.94,9.));
#11607=CARTESIAN_POINT('',(193.41,-47.94,9.));
#11608=CARTESIAN_POINT('',(196.41,-44.94,9.));
#11609=CARTESIAN_POINT('Origin',(196.41,-47.94,9.));
#11610=CARTESIAN_POINT('',(280.409999999999,-44.94,9.));
#11611=CARTESIAN_POINT('',(280.409999999999,-46.49,9.));
#11612=CARTESIAN_POINT('Origin',(280.409999999999,-47.94,9.));
#11613=CARTESIAN_POINT('',(277.844384831994,-46.49,9.));
#11614=CARTESIAN_POINT('',(253.202192415997,-46.49,9.));
#11615=CARTESIAN_POINT('',(277.344384831994,-46.49,9.));
#11616=CARTESIAN_POINT('Origin',(277.594384831994,-46.49,9.));
#11617=CARTESIAN_POINT('',(276.777718165327,-46.49,9.));
#11618=CARTESIAN_POINT('',(253.202192415997,-46.49,9.));
#11619=CARTESIAN_POINT('',(276.277718165327,-46.49,9.));
#11620=CARTESIAN_POINT('Origin',(276.527718165327,-46.49,9.));
#11621=CARTESIAN_POINT('',(275.71105149866,-46.49,9.));
#11622=CARTESIAN_POINT('',(253.202192415997,-46.49,9.));
#11623=CARTESIAN_POINT('',(275.211051498661,-46.49,9.));
#11624=CARTESIAN_POINT('Origin',(275.46105149866,-46.49,9.));
#11625=CARTESIAN_POINT('',(274.644384831994,-46.49,9.));
#11626=CARTESIAN_POINT('',(253.202192415997,-46.49,9.));
#11627=CARTESIAN_POINT('',(274.144384831994,-46.49,9.));
#11628=CARTESIAN_POINT('Origin',(274.394384831994,-46.49,9.));
#11629=CARTESIAN_POINT('',(273.577718165327,-46.49,9.));
#11630=CARTESIAN_POINT('',(253.202192415997,-46.49,9.));
#11631=CARTESIAN_POINT('',(273.077718165327,-46.49,9.));
#11632=CARTESIAN_POINT('Origin',(273.327718165327,-46.49,9.));
#11633=CARTESIAN_POINT('',(272.51105149866,-46.49,9.));
#11634=CARTESIAN_POINT('',(253.202192415997,-46.49,9.));
#11635=CARTESIAN_POINT('',(272.011051498661,-46.49,9.));
#11636=CARTESIAN_POINT('Origin',(272.26105149866,-46.49,9.));
#11637=CARTESIAN_POINT('',(271.444384831994,-46.49,9.));
#11638=CARTESIAN_POINT('',(253.202192415997,-46.49,9.));
#11639=CARTESIAN_POINT('',(270.944384831994,-46.49,9.));
#11640=CARTESIAN_POINT('Origin',(271.194384831994,-46.49,9.));
#11641=CARTESIAN_POINT('',(270.377718165327,-46.49,9.));
#11642=CARTESIAN_POINT('',(253.202192415997,-46.49,9.));
#11643=CARTESIAN_POINT('',(269.877718165327,-46.49,9.));
#11644=CARTESIAN_POINT('Origin',(270.127718165327,-46.49,9.));
#11645=CARTESIAN_POINT('',(269.311051498661,-46.49,9.));
#11646=CARTESIAN_POINT('',(253.202192415997,-46.49,9.));
#11647=CARTESIAN_POINT('',(268.811051498661,-46.49,9.));
#11648=CARTESIAN_POINT('Origin',(269.061051498661,-46.49,9.));
#11649=CARTESIAN_POINT('',(268.244384831994,-46.49,9.));
#11650=CARTESIAN_POINT('',(253.202192415997,-46.49,9.));
#11651=CARTESIAN_POINT('',(267.967869405064,-46.7385898874344,9.));
#11652=CARTESIAN_POINT('Origin',(267.994384831994,-46.49,9.));
#11653=CARTESIAN_POINT('',(268.162551286083,-50.44,9.));
#11654=CARTESIAN_POINT('Origin',(280.409999999999,-47.94,9.));
#11655=CARTESIAN_POINT('',(277.909999999999,-50.44,9.));
#11656=CARTESIAN_POINT('',(259.409999999999,-50.44,9.));
#11657=CARTESIAN_POINT('',(277.909999999999,-60.1874487139159,9.));
#11658=CARTESIAN_POINT('',(277.909999999999,-68.9349979983984,9.));
#11659=CARTESIAN_POINT('',(281.611410112565,-60.3821305949353,9.));
#11660=CARTESIAN_POINT('Origin',(280.409999999999,-47.94,9.));
#11661=CARTESIAN_POINT('',(281.859999999999,-60.1056151680052,9.));
#11662=CARTESIAN_POINT('Origin',(281.859999999999,-60.3556151680052,9.));
#11663=CARTESIAN_POINT('',(281.859999999999,-59.5389485013385,9.));
#11664=CARTESIAN_POINT('',(281.859999999999,-62.69,9.));
#11665=CARTESIAN_POINT('',(281.859999999999,-59.0389485013386,9.));
#11666=CARTESIAN_POINT('Origin',(281.859999999999,-59.2889485013385,9.));
#11667=CARTESIAN_POINT('',(281.859999999999,-58.4722818346719,9.));
#11668=CARTESIAN_POINT('',(281.859999999999,-62.69,9.));
#11669=CARTESIAN_POINT('',(281.859999999999,-57.9722818346719,9.));
#11670=CARTESIAN_POINT('Origin',(281.859999999999,-58.2222818346719,9.));
#11671=CARTESIAN_POINT('',(281.859999999999,-57.4056151680052,9.));
#11672=CARTESIAN_POINT('',(281.859999999999,-62.69,9.));
#11673=CARTESIAN_POINT('',(281.859999999999,-56.9056151680052,9.));
#11674=CARTESIAN_POINT('Origin',(281.859999999999,-57.1556151680052,9.));
#11675=CARTESIAN_POINT('',(281.859999999999,-56.3389485013385,9.));
#11676=CARTESIAN_POINT('',(281.859999999999,-62.69,9.));
#11677=CARTESIAN_POINT('',(281.859999999999,-55.8389485013385,9.));
#11678=CARTESIAN_POINT('Origin',(281.859999999999,-56.0889485013385,9.));
#11679=CARTESIAN_POINT('',(281.859999999999,-55.2722818346718,9.));
#11680=CARTESIAN_POINT('',(281.859999999999,-62.69,9.));
#11681=CARTESIAN_POINT('',(281.859999999999,-54.7722818346719,9.));
#11682=CARTESIAN_POINT('Origin',(281.859999999999,-55.0222818346719,9.));
#11683=CARTESIAN_POINT('',(281.859999999999,-54.2056151680052,9.));
#11684=CARTESIAN_POINT('',(281.859999999999,-62.69,9.));
#11685=CARTESIAN_POINT('',(281.859999999999,-53.7056151680052,9.));
#11686=CARTESIAN_POINT('Origin',(281.859999999999,-53.9556151680052,9.));
#11687=CARTESIAN_POINT('',(281.859999999999,-53.1389485013385,9.));
#11688=CARTESIAN_POINT('',(281.859999999999,-62.69,9.));
#11689=CARTESIAN_POINT('',(281.859999999999,-52.6389485013386,9.));
#11690=CARTESIAN_POINT('Origin',(281.859999999999,-52.8889485013385,9.));
#11691=CARTESIAN_POINT('',(281.859999999999,-52.0722818346719,9.));
#11692=CARTESIAN_POINT('',(281.859999999999,-62.69,9.));
#11693=CARTESIAN_POINT('Origin',(281.859999999999,-51.8222818346719,9.));
#11694=CARTESIAN_POINT('',(281.859999999999,-104.374384831995,9.));
#11695=CARTESIAN_POINT('',(281.859999999999,-103.874384831995,9.));
#11696=CARTESIAN_POINT('Origin',(281.859999999999,-104.124384831995,9.));
#11697=CARTESIAN_POINT('',(281.859999999999,-103.307718165328,9.));
#11698=CARTESIAN_POINT('',(281.859999999999,-85.9821924159974,9.));
#11699=CARTESIAN_POINT('',(281.859999999999,-102.807718165328,9.));
#11700=CARTESIAN_POINT('Origin',(281.859999999999,-103.057718165328,9.));
#11701=CARTESIAN_POINT('',(281.859999999999,-102.241051498661,9.));
#11702=CARTESIAN_POINT('',(281.859999999999,-85.9821924159974,9.));
#11703=CARTESIAN_POINT('',(281.859999999999,-101.741051498661,9.));
#11704=CARTESIAN_POINT('Origin',(281.859999999999,-101.991051498661,9.));
#11705=CARTESIAN_POINT('',(281.859999999999,-101.174384831995,9.));
#11706=CARTESIAN_POINT('',(281.859999999999,-85.9821924159974,9.));
#11707=CARTESIAN_POINT('',(281.859999999999,-100.674384831995,9.));
#11708=CARTESIAN_POINT('Origin',(281.859999999999,-100.924384831995,9.));
#11709=CARTESIAN_POINT('',(281.859999999999,-100.107718165328,9.));
#11710=CARTESIAN_POINT('',(281.859999999999,-85.9821924159974,9.));
#11711=CARTESIAN_POINT('',(281.859999999999,-99.6077181653282,9.));
#11712=CARTESIAN_POINT('Origin',(281.859999999999,-99.8577181653282,9.));
#11713=CARTESIAN_POINT('',(281.859999999999,-99.0410514986615,9.));
#11714=CARTESIAN_POINT('',(281.859999999999,-85.9821924159974,9.));
#11715=CARTESIAN_POINT('',(281.859999999999,-98.5410514986615,9.));
#11716=CARTESIAN_POINT('Origin',(281.859999999999,-98.7910514986615,9.));
#11717=CARTESIAN_POINT('',(281.859999999999,-97.9743848319948,9.));
#11718=CARTESIAN_POINT('',(281.859999999999,-85.9821924159974,9.));
#11719=CARTESIAN_POINT('',(281.859999999999,-97.4743848319948,9.));
#11720=CARTESIAN_POINT('Origin',(281.859999999999,-97.7243848319948,9.));
#11721=CARTESIAN_POINT('',(281.859999999999,-96.9077181653281,9.));
#11722=CARTESIAN_POINT('',(281.859999999999,-85.9821924159974,9.));
#11723=CARTESIAN_POINT('',(281.859999999999,-96.4077181653281,9.));
#11724=CARTESIAN_POINT('Origin',(281.859999999999,-96.6577181653281,9.));
#11725=CARTESIAN_POINT('',(281.859999999999,-95.8410514986614,9.));
#11726=CARTESIAN_POINT('',(281.859999999999,-85.9821924159974,9.));
#11727=CARTESIAN_POINT('',(281.859999999999,-95.3410514986615,9.));
#11728=CARTESIAN_POINT('Origin',(281.859999999999,-95.5910514986614,9.));
#11729=CARTESIAN_POINT('',(281.859999999999,-94.7743848319948,9.));
#11730=CARTESIAN_POINT('',(281.859999999999,-85.9821924159974,9.));
#11731=CARTESIAN_POINT('',(281.611410112565,-94.4978694050647,9.));
#11732=CARTESIAN_POINT('Origin',(281.859999999999,-94.5243848319948,9.));
#11733=CARTESIAN_POINT('',(277.909999999999,-94.6925512860842,9.));
#11734=CARTESIAN_POINT('Origin',(280.409999999999,-106.94,9.));
#11735=CARTESIAN_POINT('',(277.909999999999,-104.44,9.));
#11736=CARTESIAN_POINT('',(277.909999999999,-92.19,9.));
#11737=CARTESIAN_POINT('',(268.162551286083,-104.44,9.));
#11738=CARTESIAN_POINT('',(253.165002001601,-104.44,9.));
#11739=CARTESIAN_POINT('',(267.967869405064,-108.141410112566,9.));
#11740=CARTESIAN_POINT('Origin',(280.409999999999,-106.94,9.));
#11741=CARTESIAN_POINT('',(268.244384831994,-108.39,9.));
#11742=CARTESIAN_POINT('Origin',(267.994384831994,-108.39,9.));
#11743=CARTESIAN_POINT('',(268.811051498661,-108.39,9.));
#11744=CARTESIAN_POINT('',(259.409999999999,-108.39,9.));
#11745=CARTESIAN_POINT('',(269.311051498661,-108.39,9.));
#11746=CARTESIAN_POINT('Origin',(269.061051498661,-108.39,9.));
#11747=CARTESIAN_POINT('',(269.877718165327,-108.39,9.));
#11748=CARTESIAN_POINT('',(259.409999999999,-108.39,9.));
#11749=CARTESIAN_POINT('',(270.377718165327,-108.39,9.));
#11750=CARTESIAN_POINT('Origin',(270.127718165327,-108.39,9.));
#11751=CARTESIAN_POINT('',(270.944384831994,-108.39,9.));
#11752=CARTESIAN_POINT('',(259.409999999999,-108.39,9.));
#11753=CARTESIAN_POINT('',(271.444384831994,-108.39,9.));
#11754=CARTESIAN_POINT('Origin',(271.194384831994,-108.39,9.));
#11755=CARTESIAN_POINT('',(272.011051498661,-108.39,9.));
#11756=CARTESIAN_POINT('',(259.409999999999,-108.39,9.));
#11757=CARTESIAN_POINT('',(272.51105149866,-108.39,9.));
#11758=CARTESIAN_POINT('Origin',(272.26105149866,-108.39,9.));
#11759=CARTESIAN_POINT('',(273.077718165327,-108.39,9.));
#11760=CARTESIAN_POINT('',(259.409999999999,-108.39,9.));
#11761=CARTESIAN_POINT('',(273.577718165327,-108.39,9.));
#11762=CARTESIAN_POINT('Origin',(273.327718165327,-108.39,9.));
#11763=CARTESIAN_POINT('',(274.144384831994,-108.39,9.));
#11764=CARTESIAN_POINT('',(259.409999999999,-108.39,9.));
#11765=CARTESIAN_POINT('',(274.644384831994,-108.39,9.));
#11766=CARTESIAN_POINT('Origin',(274.394384831994,-108.39,9.));
#11767=CARTESIAN_POINT('',(275.211051498661,-108.39,9.));
#11768=CARTESIAN_POINT('',(259.409999999999,-108.39,9.));
#11769=CARTESIAN_POINT('',(275.71105149866,-108.39,9.));
#11770=CARTESIAN_POINT('Origin',(275.46105149866,-108.39,9.));
#11771=CARTESIAN_POINT('',(276.277718165327,-108.39,9.));
#11772=CARTESIAN_POINT('',(259.409999999999,-108.39,9.));
#11773=CARTESIAN_POINT('',(276.777718165327,-108.39,9.));
#11774=CARTESIAN_POINT('Origin',(276.527718165327,-108.39,9.));
#11775=CARTESIAN_POINT('',(277.344384831994,-108.39,9.));
#11776=CARTESIAN_POINT('',(259.409999999999,-108.39,9.));
#11777=CARTESIAN_POINT('',(277.844384831994,-108.39,9.));
#11778=CARTESIAN_POINT('Origin',(277.594384831994,-108.39,9.));
#11779=CARTESIAN_POINT('',(280.409999999999,-108.39,9.));
#11780=CARTESIAN_POINT('',(259.409999999999,-108.39,9.));
#11781=CARTESIAN_POINT('',(281.859999999999,-106.94,9.));
#11782=CARTESIAN_POINT('Origin',(280.409999999999,-106.94,9.));
#11783=CARTESIAN_POINT('',(281.859999999999,-85.9821924159974,9.));
#11784=CARTESIAN_POINT('',(194.96,-50.5056151680052,9.));
#11785=CARTESIAN_POINT('',(194.96,-51.0056151680052,9.));
#11786=CARTESIAN_POINT('Origin',(194.96,-50.7556151680052,9.));
#11787=CARTESIAN_POINT('',(194.96,-51.5722818346719,9.));
#11788=CARTESIAN_POINT('',(194.96,-68.8978075840026,9.));
#11789=CARTESIAN_POINT('',(194.96,-52.0722818346719,9.));
#11790=CARTESIAN_POINT('Origin',(194.96,-51.8222818346719,9.));
#11791=CARTESIAN_POINT('',(194.96,-52.6389485013386,9.));
#11792=CARTESIAN_POINT('',(194.96,-68.8978075840026,9.));
#11793=CARTESIAN_POINT('',(194.96,-53.1389485013385,9.));
#11794=CARTESIAN_POINT('Origin',(194.96,-52.8889485013385,9.));
#11795=CARTESIAN_POINT('',(194.96,-53.7056151680052,9.));
#11796=CARTESIAN_POINT('',(194.96,-68.8978075840026,9.));
#11797=CARTESIAN_POINT('',(194.96,-54.2056151680052,9.));
#11798=CARTESIAN_POINT('Origin',(194.96,-53.9556151680052,9.));
#11799=CARTESIAN_POINT('',(194.96,-54.7722818346719,9.));
#11800=CARTESIAN_POINT('',(194.96,-68.8978075840026,9.));
#11801=CARTESIAN_POINT('',(194.96,-55.2722818346718,9.));
#11802=CARTESIAN_POINT('Origin',(194.96,-55.0222818346719,9.));
#11803=CARTESIAN_POINT('',(194.96,-55.8389485013385,9.));
#11804=CARTESIAN_POINT('',(194.96,-68.8978075840026,9.));
#11805=CARTESIAN_POINT('',(194.96,-56.3389485013385,9.));
#11806=CARTESIAN_POINT('Origin',(194.96,-56.0889485013385,9.));
#11807=CARTESIAN_POINT('',(194.96,-56.9056151680052,9.));
#11808=CARTESIAN_POINT('',(194.96,-68.8978075840026,9.));
#11809=CARTESIAN_POINT('',(194.96,-57.4056151680052,9.));
#11810=CARTESIAN_POINT('Origin',(194.96,-57.1556151680052,9.));
#11811=CARTESIAN_POINT('',(194.96,-57.9722818346719,9.));
#11812=CARTESIAN_POINT('',(194.96,-68.8978075840026,9.));
#11813=CARTESIAN_POINT('',(194.96,-58.4722818346719,9.));
#11814=CARTESIAN_POINT('Origin',(194.96,-58.2222818346719,9.));
#11815=CARTESIAN_POINT('',(194.96,-59.0389485013386,9.));
#11816=CARTESIAN_POINT('',(194.96,-68.8978075840026,9.));
#11817=CARTESIAN_POINT('',(194.96,-59.5389485013385,9.));
#11818=CARTESIAN_POINT('Origin',(194.96,-59.2889485013385,9.));
#11819=CARTESIAN_POINT('',(194.96,-60.1056151680052,9.));
#11820=CARTESIAN_POINT('',(194.96,-68.8978075840026,9.));
#11821=CARTESIAN_POINT('',(195.208589887434,-60.3821305949353,9.));
#11822=CARTESIAN_POINT('Origin',(194.96,-60.3556151680052,9.));
#11823=CARTESIAN_POINT('',(198.91,-60.1874487139159,9.));
#11824=CARTESIAN_POINT('Origin',(196.41,-47.94,9.));
#11825=CARTESIAN_POINT('',(198.91,-50.44,9.));
#11826=CARTESIAN_POINT('',(198.91,-62.69,9.));
#11827=CARTESIAN_POINT('',(208.657448713916,-50.44,9.));
#11828=CARTESIAN_POINT('',(223.654997998398,-50.44,9.));
#11829=CARTESIAN_POINT('',(208.852130594935,-46.7385898874344,9.));
#11830=CARTESIAN_POINT('Origin',(196.41,-47.94,9.));
#11831=CARTESIAN_POINT('',(208.575615168005,-46.49,9.));
#11832=CARTESIAN_POINT('Origin',(208.825615168005,-46.49,9.));
#11833=CARTESIAN_POINT('',(208.008948501339,-46.49,9.));
#11834=CARTESIAN_POINT('',(217.41,-46.49,9.));
#11835=CARTESIAN_POINT('',(207.508948501339,-46.49,9.));
#11836=CARTESIAN_POINT('Origin',(207.758948501339,-46.49,9.));
#11837=CARTESIAN_POINT('',(206.942281834672,-46.49,9.));
#11838=CARTESIAN_POINT('',(217.41,-46.49,9.));
#11839=CARTESIAN_POINT('',(206.442281834672,-46.49,9.));
#11840=CARTESIAN_POINT('Origin',(206.692281834672,-46.49,9.));
#11841=CARTESIAN_POINT('',(205.875615168005,-46.49,9.));
#11842=CARTESIAN_POINT('',(217.41,-46.49,9.));
#11843=CARTESIAN_POINT('',(205.375615168005,-46.49,9.));
#11844=CARTESIAN_POINT('Origin',(205.625615168005,-46.49,9.));
#11845=CARTESIAN_POINT('',(204.808948501339,-46.49,9.));
#11846=CARTESIAN_POINT('',(217.41,-46.49,9.));
#11847=CARTESIAN_POINT('',(204.308948501339,-46.49,9.));
#11848=CARTESIAN_POINT('Origin',(204.558948501339,-46.49,9.));
#11849=CARTESIAN_POINT('',(203.742281834672,-46.49,9.));
#11850=CARTESIAN_POINT('',(217.41,-46.49,9.));
#11851=CARTESIAN_POINT('',(203.242281834672,-46.49,9.));
#11852=CARTESIAN_POINT('Origin',(203.492281834672,-46.49,9.));
#11853=CARTESIAN_POINT('',(202.675615168005,-46.49,9.));
#11854=CARTESIAN_POINT('',(217.41,-46.49,9.));
#11855=CARTESIAN_POINT('',(202.175615168005,-46.49,9.));
#11856=CARTESIAN_POINT('Origin',(202.425615168005,-46.49,9.));
#11857=CARTESIAN_POINT('',(201.608948501339,-46.49,9.));
#11858=CARTESIAN_POINT('',(217.41,-46.49,9.));
#11859=CARTESIAN_POINT('',(201.108948501339,-46.49,9.));
#11860=CARTESIAN_POINT('Origin',(201.358948501339,-46.49,9.));
#11861=CARTESIAN_POINT('',(200.542281834672,-46.49,9.));
#11862=CARTESIAN_POINT('',(217.41,-46.49,9.));
#11863=CARTESIAN_POINT('',(200.042281834672,-46.49,9.));
#11864=CARTESIAN_POINT('Origin',(200.292281834672,-46.49,9.));
#11865=CARTESIAN_POINT('',(199.475615168005,-46.49,9.));
#11866=CARTESIAN_POINT('',(217.41,-46.49,9.));
#11867=CARTESIAN_POINT('',(198.975615168005,-46.49,9.));
#11868=CARTESIAN_POINT('Origin',(199.225615168005,-46.49,9.));
#11869=CARTESIAN_POINT('',(196.41,-46.49,9.));
#11870=CARTESIAN_POINT('',(217.41,-46.49,9.));
#11871=CARTESIAN_POINT('',(194.96,-47.94,9.));
#11872=CARTESIAN_POINT('Origin',(196.41,-47.94,9.));
#11873=CARTESIAN_POINT('',(194.96,-68.8978075840026,9.));
#11874=CARTESIAN_POINT('',(194.96,-103.874384831995,9.));
#11875=CARTESIAN_POINT('',(194.96,-104.374384831995,9.));
#11876=CARTESIAN_POINT('Origin',(194.96,-104.124384831995,9.));
#11877=CARTESIAN_POINT('',(194.96,-106.94,9.));
#11878=CARTESIAN_POINT('',(194.96,-92.19,9.));
#11879=CARTESIAN_POINT('',(196.41,-108.39,9.));
#11880=CARTESIAN_POINT('Origin',(196.41,-106.94,9.));
#11881=CARTESIAN_POINT('',(198.975615168005,-108.39,9.));
#11882=CARTESIAN_POINT('',(223.617807584002,-108.39,9.));
#11883=CARTESIAN_POINT('',(199.475615168005,-108.39,9.));
#11884=CARTESIAN_POINT('Origin',(199.225615168005,-108.39,9.));
#11885=CARTESIAN_POINT('',(200.042281834672,-108.39,9.));
#11886=CARTESIAN_POINT('',(223.617807584002,-108.39,9.));
#11887=CARTESIAN_POINT('',(200.542281834672,-108.39,9.));
#11888=CARTESIAN_POINT('Origin',(200.292281834672,-108.39,9.));
#11889=CARTESIAN_POINT('',(201.108948501339,-108.39,9.));
#11890=CARTESIAN_POINT('',(223.617807584002,-108.39,9.));
#11891=CARTESIAN_POINT('',(201.608948501339,-108.39,9.));
#11892=CARTESIAN_POINT('Origin',(201.358948501339,-108.39,9.));
#11893=CARTESIAN_POINT('',(202.175615168005,-108.39,9.));
#11894=CARTESIAN_POINT('',(223.617807584002,-108.39,9.));
#11895=CARTESIAN_POINT('',(202.675615168005,-108.39,9.));
#11896=CARTESIAN_POINT('Origin',(202.425615168005,-108.39,9.));
#11897=CARTESIAN_POINT('',(203.242281834672,-108.39,9.));
#11898=CARTESIAN_POINT('',(223.617807584002,-108.39,9.));
#11899=CARTESIAN_POINT('',(203.742281834672,-108.39,9.));
#11900=CARTESIAN_POINT('Origin',(203.492281834672,-108.39,9.));
#11901=CARTESIAN_POINT('',(204.308948501339,-108.39,9.));
#11902=CARTESIAN_POINT('',(223.617807584002,-108.39,9.));
#11903=CARTESIAN_POINT('',(204.808948501339,-108.39,9.));
#11904=CARTESIAN_POINT('Origin',(204.558948501339,-108.39,9.));
#11905=CARTESIAN_POINT('',(205.375615168005,-108.39,9.));
#11906=CARTESIAN_POINT('',(223.617807584002,-108.39,9.));
#11907=CARTESIAN_POINT('',(205.875615168005,-108.39,9.));
#11908=CARTESIAN_POINT('Origin',(205.625615168005,-108.39,9.));
#11909=CARTESIAN_POINT('',(206.442281834672,-108.39,9.));
#11910=CARTESIAN_POINT('',(223.617807584002,-108.39,9.));
#11911=CARTESIAN_POINT('',(206.942281834672,-108.39,9.));
#11912=CARTESIAN_POINT('Origin',(206.692281834672,-108.39,9.));
#11913=CARTESIAN_POINT('',(207.508948501339,-108.39,9.));
#11914=CARTESIAN_POINT('',(223.617807584002,-108.39,9.));
#11915=CARTESIAN_POINT('',(208.008948501339,-108.39,9.));
#11916=CARTESIAN_POINT('Origin',(207.758948501339,-108.39,9.));
#11917=CARTESIAN_POINT('',(208.575615168005,-108.39,9.));
#11918=CARTESIAN_POINT('',(223.617807584002,-108.39,9.));
#11919=CARTESIAN_POINT('',(208.852130594935,-108.141410112566,9.));
#11920=CARTESIAN_POINT('Origin',(208.825615168005,-108.39,9.));
#11921=CARTESIAN_POINT('',(208.657448713916,-104.44,9.));
#11922=CARTESIAN_POINT('Origin',(196.41,-106.94,9.));
#11923=CARTESIAN_POINT('',(198.91,-104.44,9.));
#11924=CARTESIAN_POINT('',(217.41,-104.44,9.));
#11925=CARTESIAN_POINT('',(198.91,-94.6925512860841,9.));
#11926=CARTESIAN_POINT('',(198.91,-85.9450020016016,9.));
#11927=CARTESIAN_POINT('',(195.208589887434,-94.4978694050647,9.));
#11928=CARTESIAN_POINT('Origin',(196.41,-106.94,9.));
#11929=CARTESIAN_POINT('',(194.96,-94.7743848319948,9.));
#11930=CARTESIAN_POINT('Origin',(194.96,-94.5243848319948,9.));
#11931=CARTESIAN_POINT('',(194.96,-95.3410514986615,9.));
#11932=CARTESIAN_POINT('',(194.96,-92.19,9.));
#11933=CARTESIAN_POINT('',(194.96,-95.8410514986614,9.));
#11934=CARTESIAN_POINT('Origin',(194.96,-95.5910514986614,9.));
#11935=CARTESIAN_POINT('',(194.96,-96.4077181653281,9.));
#11936=CARTESIAN_POINT('',(194.96,-92.19,9.));
#11937=CARTESIAN_POINT('',(194.96,-96.9077181653281,9.));
#11938=CARTESIAN_POINT('Origin',(194.96,-96.6577181653281,9.));
#11939=CARTESIAN_POINT('',(194.96,-97.4743848319948,9.));
#11940=CARTESIAN_POINT('',(194.96,-92.19,9.));
#11941=CARTESIAN_POINT('',(194.96,-97.9743848319948,9.));
#11942=CARTESIAN_POINT('Origin',(194.96,-97.7243848319948,9.));
#11943=CARTESIAN_POINT('',(194.96,-98.5410514986615,9.));
#11944=CARTESIAN_POINT('',(194.96,-92.19,9.));
#11945=CARTESIAN_POINT('',(194.96,-99.0410514986615,9.));
#11946=CARTESIAN_POINT('Origin',(194.96,-98.7910514986615,9.));
#11947=CARTESIAN_POINT('',(194.96,-99.6077181653282,9.));
#11948=CARTESIAN_POINT('',(194.96,-92.19,9.));
#11949=CARTESIAN_POINT('',(194.96,-100.107718165328,9.));
#11950=CARTESIAN_POINT('Origin',(194.96,-99.8577181653282,9.));
#11951=CARTESIAN_POINT('',(194.96,-100.674384831995,9.));
#11952=CARTESIAN_POINT('',(194.96,-92.19,9.));
#11953=CARTESIAN_POINT('',(194.96,-101.174384831995,9.));
#11954=CARTESIAN_POINT('Origin',(194.96,-100.924384831995,9.));
#11955=CARTESIAN_POINT('',(194.96,-101.741051498661,9.));
#11956=CARTESIAN_POINT('',(194.96,-92.19,9.));
#11957=CARTESIAN_POINT('',(194.96,-102.241051498661,9.));
#11958=CARTESIAN_POINT('Origin',(194.96,-101.991051498661,9.));
#11959=CARTESIAN_POINT('',(194.96,-102.807718165328,9.));
#11960=CARTESIAN_POINT('',(194.96,-92.19,9.));
#11961=CARTESIAN_POINT('',(194.96,-103.307718165328,9.));
#11962=CARTESIAN_POINT('Origin',(194.96,-103.057718165328,9.));
#11963=CARTESIAN_POINT('',(194.96,-92.19,9.));
#11964=CARTESIAN_POINT('',(195.91,-66.94,9.));
#11965=CARTESIAN_POINT('',(195.91,-93.94,9.));
#11966=CARTESIAN_POINT('',(195.91,-85.69,9.));
#11967=CARTESIAN_POINT('',(243.41,-93.94,9.));
#11968=CARTESIAN_POINT('',(240.91,-93.94,9.));
#11969=CARTESIAN_POINT('',(243.41,-66.94,9.));
#11970=CARTESIAN_POINT('',(243.41,-72.19,9.));
#11971=CARTESIAN_POINT('',(217.16,-66.94,9.));
#11972=CARTESIAN_POINT('Origin',(281.859999999999,-58.2222818346719,6.));
#11973=CARTESIAN_POINT('',(281.859999999999,-58.4722818346719,6.));
#11974=CARTESIAN_POINT('',(281.859999999999,-58.4722818346719,6.));
#11975=CARTESIAN_POINT('',(281.859999999999,-57.9722818346719,6.));
#11976=CARTESIAN_POINT('Origin',(281.859999999999,-58.2222818346719,6.));
#11977=CARTESIAN_POINT('',(281.859999999999,-57.9722818346719,6.));
#11978=CARTESIAN_POINT('Origin',(281.859999999999,-47.94,9.));
#11979=CARTESIAN_POINT('',(281.859999999999,-57.4056151680052,6.));
#11980=CARTESIAN_POINT('',(281.859999999999,-47.94,6.));
#11981=CARTESIAN_POINT('',(281.859999999999,-57.4056151680052,6.));
#11982=CARTESIAN_POINT('Origin',(281.859999999999,-47.94,9.));
#11983=CARTESIAN_POINT('',(281.859999999999,-59.0389485013386,6.));
#11984=CARTESIAN_POINT('',(281.859999999999,-59.0389485013386,6.));
#11985=CARTESIAN_POINT('',(281.859999999999,-47.94,6.));
#11986=CARTESIAN_POINT('Origin',(281.859999999999,-53.9556151680052,6.));
#11987=CARTESIAN_POINT('',(281.859999999999,-54.2056151680052,6.));
#11988=CARTESIAN_POINT('',(281.859999999999,-54.2056151680052,6.));
#11989=CARTESIAN_POINT('',(281.859999999999,-53.7056151680052,6.));
#11990=CARTESIAN_POINT('Origin',(281.859999999999,-53.9556151680052,6.));
#11991=CARTESIAN_POINT('',(281.859999999999,-53.7056151680052,6.));
#11992=CARTESIAN_POINT('Origin',(281.859999999999,-47.94,9.));
#11993=CARTESIAN_POINT('',(281.859999999999,-53.1389485013385,6.));
#11994=CARTESIAN_POINT('',(281.859999999999,-47.94,6.));
#11995=CARTESIAN_POINT('',(281.859999999999,-53.1389485013385,6.));
#11996=CARTESIAN_POINT('Origin',(281.859999999999,-55.0222818346719,6.));
#11997=CARTESIAN_POINT('',(281.859999999999,-55.2722818346718,6.));
#11998=CARTESIAN_POINT('',(281.859999999999,-55.2722818346718,6.));
#11999=CARTESIAN_POINT('',(281.859999999999,-54.7722818346719,6.));
#12000=CARTESIAN_POINT('Origin',(281.859999999999,-55.0222818346719,6.));
#12001=CARTESIAN_POINT('',(281.859999999999,-54.7722818346719,6.));
#12002=CARTESIAN_POINT('Origin',(281.859999999999,-47.94,9.));
#12003=CARTESIAN_POINT('',(281.859999999999,-47.94,6.));
#12004=CARTESIAN_POINT('Origin',(281.859999999999,-47.94,9.));
#12005=CARTESIAN_POINT('',(281.859999999999,-55.8389485013385,6.));
#12006=CARTESIAN_POINT('',(281.859999999999,-55.8389485013385,6.));
#12007=CARTESIAN_POINT('',(281.859999999999,-47.94,6.));
#12008=CARTESIAN_POINT('Origin',(281.859999999999,-59.2889485013385,6.));
#12009=CARTESIAN_POINT('',(281.859999999999,-59.5389485013385,6.));
#12010=CARTESIAN_POINT('',(281.859999999999,-59.5389485013385,6.));
#12011=CARTESIAN_POINT('Origin',(281.859999999999,-59.2889485013385,6.));
#12012=CARTESIAN_POINT('Origin',(281.859999999999,-51.8222818346719,6.));
#12013=CARTESIAN_POINT('',(281.859999999999,-52.0722818346719,6.));
#12014=CARTESIAN_POINT('',(281.859999999999,-52.0722818346719,6.));
#12015=CARTESIAN_POINT('Origin',(281.859999999999,-51.8222818346719,6.));
#12016=CARTESIAN_POINT('Origin',(281.859999999999,-47.94,9.));
#12017=CARTESIAN_POINT('',(281.859999999999,-52.6389485013386,6.));
#12018=CARTESIAN_POINT('',(281.859999999999,-52.6389485013386,6.));
#12019=CARTESIAN_POINT('',(281.859999999999,-47.94,6.));
#12020=CARTESIAN_POINT('Origin',(281.859999999999,-57.1556151680052,6.));
#12021=CARTESIAN_POINT('',(281.859999999999,-56.9056151680052,6.));
#12022=CARTESIAN_POINT('Origin',(281.859999999999,-57.1556151680052,6.));
#12023=CARTESIAN_POINT('',(281.859999999999,-56.9056151680052,6.));
#12024=CARTESIAN_POINT('Origin',(281.859999999999,-47.94,9.));
#12025=CARTESIAN_POINT('',(281.859999999999,-56.3389485013385,6.));
#12026=CARTESIAN_POINT('',(281.859999999999,-47.94,6.));
#12027=CARTESIAN_POINT('',(281.859999999999,-56.3389485013385,6.));
#12028=CARTESIAN_POINT('Origin',(281.859999999999,-52.8889485013385,6.));
#12029=CARTESIAN_POINT('Origin',(281.859999999999,-52.8889485013385,6.));
#12030=CARTESIAN_POINT('Origin',(281.859999999999,-56.0889485013385,6.));
#12031=CARTESIAN_POINT('Origin',(281.859999999999,-56.0889485013385,6.));
#12032=CARTESIAN_POINT('Origin',(281.859999999999,-60.3556151680052,6.));
#12033=CARTESIAN_POINT('',(281.611410112565,-60.3821305949353,6.));
#12034=CARTESIAN_POINT('',(281.611410112565,-60.3821305949353,6.));
#12035=CARTESIAN_POINT('',(281.859999999999,-60.1056151680052,6.));
#12036=CARTESIAN_POINT('Origin',(281.859999999999,-60.3556151680052,6.));
#12037=CARTESIAN_POINT('',(281.859999999999,-60.1056151680052,6.));
#12038=CARTESIAN_POINT('Origin',(280.409999999999,-47.94,9.));
#12039=CARTESIAN_POINT('',(280.909999999999,-60.4299959967968,6.));
#12040=CARTESIAN_POINT('Ctrl Pts',(280.909999999999,-60.4299959967968,6.));
#12041=CARTESIAN_POINT('Ctrl Pts',(280.909999999999,-60.4299959967968,6.37714819485397));
#12042=CARTESIAN_POINT('Ctrl Pts',(280.834539012067,-60.4337305708887,6.77935345150352));
#12043=CARTESIAN_POINT('Ctrl Pts',(280.52777626131,-60.4403866198476,7.51906805258855));
#12044=CARTESIAN_POINT('Ctrl Pts',(280.296475018906,-60.4423348974662,7.85658604968177));
#12045=CARTESIAN_POINT('Ctrl Pts',(279.761356087892,-60.4260444155561,8.39085926793478));
#12046=CARTESIAN_POINT('Ctrl Pts',(279.421661316114,-60.4064235475077,8.62201383969687));
#12047=CARTESIAN_POINT('Ctrl Pts',(278.681678529838,-60.3255332689568,8.92653183893647));
#12048=CARTESIAN_POINT('Ctrl Pts',(278.281540501996,-60.263289101305,9.));
#12049=CARTESIAN_POINT('Ctrl Pts',(277.909999999999,-60.1874487139159,9.));
#12050=CARTESIAN_POINT('Origin',(280.409999999999,-47.94,6.));
#12051=CARTESIAN_POINT('Origin',(277.594384831994,-46.49,6.));
#12052=CARTESIAN_POINT('',(277.344384831994,-46.49,6.));
#12053=CARTESIAN_POINT('',(277.344384831994,-46.49,6.));
#12054=CARTESIAN_POINT('',(277.844384831994,-46.49,6.));
#12055=CARTESIAN_POINT('',(277.844384831994,-46.49,6.));
#12056=CARTESIAN_POINT('Origin',(277.594384831994,-46.49,6.));
#12057=CARTESIAN_POINT('Origin',(274.890002001601,-53.4599979983984,6.));
#12058=CARTESIAN_POINT('',(281.859999999999,-47.94,6.));
#12059=CARTESIAN_POINT('',(280.909999999999,-47.94,6.));
#12060=CARTESIAN_POINT('',(280.909999999999,-47.94,6.));
#12061=CARTESIAN_POINT('',(280.409999999999,-47.44,6.));
#12062=CARTESIAN_POINT('Origin',(280.409999999999,-47.94,6.));
#12063=CARTESIAN_POINT('',(267.920004003202,-47.44,6.));
#12064=CARTESIAN_POINT('',(196.41,-47.44,6.));
#12065=CARTESIAN_POINT('',(267.967869405064,-46.7385898874344,6.));
#12066=CARTESIAN_POINT('Origin',(280.409999999999,-47.94,6.));
#12067=CARTESIAN_POINT('',(268.244384831994,-46.49,6.));
#12068=CARTESIAN_POINT('Origin',(267.994384831994,-46.49,6.));
#12069=CARTESIAN_POINT('',(268.811051498661,-46.49,6.));
#12070=CARTESIAN_POINT('',(196.41,-46.49,6.));
#12071=CARTESIAN_POINT('',(269.311051498661,-46.49,6.));
#12072=CARTESIAN_POINT('Origin',(269.061051498661,-46.49,6.));
#12073=CARTESIAN_POINT('',(269.877718165327,-46.49,6.));
#12074=CARTESIAN_POINT('',(196.41,-46.49,6.));
#12075=CARTESIAN_POINT('',(270.377718165327,-46.49,6.));
#12076=CARTESIAN_POINT('Origin',(270.127718165327,-46.49,6.));
#12077=CARTESIAN_POINT('',(270.944384831994,-46.49,6.));
#12078=CARTESIAN_POINT('',(196.41,-46.49,6.));
#12079=CARTESIAN_POINT('',(271.444384831994,-46.49,6.));
#12080=CARTESIAN_POINT('Origin',(271.194384831994,-46.49,6.));
#12081=CARTESIAN_POINT('',(272.011051498661,-46.49,6.));
#12082=CARTESIAN_POINT('',(196.41,-46.49,6.));
#12083=CARTESIAN_POINT('',(272.51105149866,-46.49,6.));
#12084=CARTESIAN_POINT('Origin',(272.26105149866,-46.49,6.));
#12085=CARTESIAN_POINT('',(273.077718165327,-46.49,6.));
#12086=CARTESIAN_POINT('',(196.41,-46.49,6.));
#12087=CARTESIAN_POINT('',(273.577718165327,-46.49,6.));
#12088=CARTESIAN_POINT('Origin',(273.327718165327,-46.49,6.));
#12089=CARTESIAN_POINT('',(274.144384831994,-46.49,6.));
#12090=CARTESIAN_POINT('',(196.41,-46.49,6.));
#12091=CARTESIAN_POINT('',(274.644384831994,-46.49,6.));
#12092=CARTESIAN_POINT('Origin',(274.394384831994,-46.49,6.));
#12093=CARTESIAN_POINT('',(275.211051498661,-46.49,6.));
#12094=CARTESIAN_POINT('',(196.41,-46.49,6.));
#12095=CARTESIAN_POINT('',(275.71105149866,-46.49,6.));
#12096=CARTESIAN_POINT('Origin',(275.46105149866,-46.49,6.));
#12097=CARTESIAN_POINT('',(276.277718165327,-46.49,6.));
#12098=CARTESIAN_POINT('',(196.41,-46.49,6.));
#12099=CARTESIAN_POINT('',(276.777718165327,-46.49,6.));
#12100=CARTESIAN_POINT('Origin',(276.527718165327,-46.49,6.));
#12101=CARTESIAN_POINT('',(196.41,-46.49,6.));
#12102=CARTESIAN_POINT('',(280.409999999999,-46.49,6.));
#12103=CARTESIAN_POINT('',(196.41,-46.49,6.));
#12104=CARTESIAN_POINT('Origin',(280.409999999999,-47.94,6.));
#12105=CARTESIAN_POINT('Origin',(267.994384831994,-46.49,9.));
#12106=CARTESIAN_POINT('',(280.409999999999,-46.49,9.));
#12107=CARTESIAN_POINT('Origin',(273.327718165327,-46.49,6.));
#12108=CARTESIAN_POINT('',(273.077718165327,-46.49,6.));
#12109=CARTESIAN_POINT('',(273.577718165327,-46.49,6.));
#12110=CARTESIAN_POINT('Origin',(267.994384831994,-46.49,9.));
#12111=CARTESIAN_POINT('',(274.144384831994,-46.49,6.));
#12112=CARTESIAN_POINT('Origin',(269.061051498661,-46.49,6.));
#12113=CARTESIAN_POINT('',(268.811051498661,-46.49,6.));
#12114=CARTESIAN_POINT('',(269.311051498661,-46.49,6.));
#12115=CARTESIAN_POINT('Origin',(267.994384831994,-46.49,9.));
#12116=CARTESIAN_POINT('',(269.877718165327,-46.49,6.));
#12117=CARTESIAN_POINT('Origin',(270.127718165327,-46.49,6.));
#12118=CARTESIAN_POINT('',(270.377718165327,-46.49,6.));
#12119=CARTESIAN_POINT('Origin',(267.994384831994,-46.49,9.));
#12120=CARTESIAN_POINT('',(268.244384831994,-46.49,6.));
#12121=CARTESIAN_POINT('Origin',(274.394384831994,-46.49,6.));
#12122=CARTESIAN_POINT('',(274.644384831994,-46.49,6.));
#12123=CARTESIAN_POINT('Origin',(267.994384831994,-46.49,9.));
#12124=CARTESIAN_POINT('',(272.51105149866,-46.49,6.));
#12125=CARTESIAN_POINT('Origin',(276.527718165327,-46.49,6.));
#12126=CARTESIAN_POINT('',(276.777718165327,-46.49,6.));
#12127=CARTESIAN_POINT('',(276.277718165327,-46.49,6.));
#12128=CARTESIAN_POINT('Origin',(267.994384831994,-46.49,9.));
#12129=CARTESIAN_POINT('',(275.71105149866,-46.49,6.));
#12130=CARTESIAN_POINT('Origin',(272.26105149866,-46.49,6.));
#12131=CARTESIAN_POINT('',(272.011051498661,-46.49,6.));
#12132=CARTESIAN_POINT('Origin',(267.994384831994,-46.49,9.));
#12133=CARTESIAN_POINT('',(271.444384831994,-46.49,6.));
#12134=CARTESIAN_POINT('Origin',(267.994384831994,-46.49,6.));
#12135=CARTESIAN_POINT('',(267.967869405064,-46.7385898874345,6.));
#12136=CARTESIAN_POINT('Origin',(267.994384831994,-46.49,9.));
#12137=CARTESIAN_POINT('',(270.944384831994,-46.49,6.));
#12138=CARTESIAN_POINT('Origin',(271.194384831994,-46.49,6.));
#12139=CARTESIAN_POINT('Origin',(267.994384831994,-46.49,9.));
#12140=CARTESIAN_POINT('',(275.211051498661,-46.49,6.));
#12141=CARTESIAN_POINT('Origin',(275.46105149866,-46.49,6.));
#12142=CARTESIAN_POINT('Origin',(267.994384831994,-46.49,9.));
#12143=CARTESIAN_POINT('Origin',(281.859999999999,-104.124384831995,6.));
#12144=CARTESIAN_POINT('',(281.859999999999,-104.374384831995,6.));
#12145=CARTESIAN_POINT('',(281.859999999999,-104.374384831995,6.));
#12146=CARTESIAN_POINT('',(281.859999999999,-103.874384831995,6.));
#12147=CARTESIAN_POINT('Origin',(281.859999999999,-104.124384831995,6.));
#12148=CARTESIAN_POINT('',(281.859999999999,-103.874384831995,6.));
#12149=CARTESIAN_POINT('Origin',(281.859999999999,-94.5243848319949,9.));
#12150=CARTESIAN_POINT('',(281.859999999999,-103.307718165328,6.));
#12151=CARTESIAN_POINT('',(281.859999999999,-47.94,6.));
#12152=CARTESIAN_POINT('',(281.859999999999,-103.307718165328,6.));
#12153=CARTESIAN_POINT('Origin',(281.859999999999,-96.6577181653281,6.));
#12154=CARTESIAN_POINT('',(281.859999999999,-96.9077181653281,6.));
#12155=CARTESIAN_POINT('',(281.859999999999,-96.9077181653281,6.));
#12156=CARTESIAN_POINT('',(281.859999999999,-96.4077181653281,6.));
#12157=CARTESIAN_POINT('Origin',(281.859999999999,-96.6577181653281,6.));
#12158=CARTESIAN_POINT('',(281.859999999999,-96.4077181653281,6.));
#12159=CARTESIAN_POINT('Origin',(281.859999999999,-94.5243848319949,9.));
#12160=CARTESIAN_POINT('',(281.859999999999,-95.8410514986614,6.));
#12161=CARTESIAN_POINT('',(281.859999999999,-47.94,6.));
#12162=CARTESIAN_POINT('',(281.859999999999,-95.8410514986614,6.));
#12163=CARTESIAN_POINT('Origin',(281.859999999999,-94.5243848319949,9.));
#12164=CARTESIAN_POINT('',(281.859999999999,-97.4743848319948,6.));
#12165=CARTESIAN_POINT('',(281.859999999999,-97.4743848319948,6.));
#12166=CARTESIAN_POINT('',(281.859999999999,-47.94,6.));
#12167=CARTESIAN_POINT('Origin',(281.859999999999,-100.924384831995,6.));
#12168=CARTESIAN_POINT('',(281.859999999999,-100.674384831995,6.));
#12169=CARTESIAN_POINT('',(281.859999999999,-100.674384831995,6.));
#12170=CARTESIAN_POINT('',(281.859999999999,-101.174384831995,6.));
#12171=CARTESIAN_POINT('',(281.859999999999,-101.174384831995,6.));
#12172=CARTESIAN_POINT('Origin',(281.859999999999,-100.924384831995,6.));
#12173=CARTESIAN_POINT('Origin',(274.890002001601,-101.420002001602,6.));
#12174=CARTESIAN_POINT('',(281.859999999999,-106.94,6.));
#12175=CARTESIAN_POINT('',(281.859999999999,-47.94,6.));
#12176=CARTESIAN_POINT('',(280.409999999999,-108.39,6.));
#12177=CARTESIAN_POINT('Origin',(280.409999999999,-106.94,6.));
#12178=CARTESIAN_POINT('',(277.844384831994,-108.39,6.));
#12179=CARTESIAN_POINT('',(280.409999999999,-108.39,6.));
#12180=CARTESIAN_POINT('',(277.344384831994,-108.39,6.));
#12181=CARTESIAN_POINT('Origin',(277.594384831994,-108.39,6.));
#12182=CARTESIAN_POINT('',(276.777718165327,-108.39,6.));
#12183=CARTESIAN_POINT('',(280.409999999999,-108.39,6.));
#12184=CARTESIAN_POINT('',(276.277718165327,-108.39,6.));
#12185=CARTESIAN_POINT('Origin',(276.527718165327,-108.39,6.));
#12186=CARTESIAN_POINT('',(275.71105149866,-108.39,6.));
#12187=CARTESIAN_POINT('',(280.409999999999,-108.39,6.));
#12188=CARTESIAN_POINT('',(275.211051498661,-108.39,6.));
#12189=CARTESIAN_POINT('Origin',(275.46105149866,-108.39,6.));
#12190=CARTESIAN_POINT('',(274.644384831994,-108.39,6.));
#12191=CARTESIAN_POINT('',(280.409999999999,-108.39,6.));
#12192=CARTESIAN_POINT('',(274.144384831994,-108.39,6.));
#12193=CARTESIAN_POINT('Origin',(274.394384831994,-108.39,6.));
#12194=CARTESIAN_POINT('',(273.577718165327,-108.39,6.));
#12195=CARTESIAN_POINT('',(280.409999999999,-108.39,6.));
#12196=CARTESIAN_POINT('',(273.077718165327,-108.39,6.));
#12197=CARTESIAN_POINT('Origin',(273.327718165327,-108.39,6.));
#12198=CARTESIAN_POINT('',(272.51105149866,-108.39,6.));
#12199=CARTESIAN_POINT('',(280.409999999999,-108.39,6.));
#12200=CARTESIAN_POINT('',(272.011051498661,-108.39,6.));
#12201=CARTESIAN_POINT('Origin',(272.26105149866,-108.39,6.));
#12202=CARTESIAN_POINT('',(271.444384831994,-108.39,6.));
#12203=CARTESIAN_POINT('',(280.409999999999,-108.39,6.));
#12204=CARTESIAN_POINT('',(270.944384831994,-108.39,6.));
#12205=CARTESIAN_POINT('Origin',(271.194384831994,-108.39,6.));
#12206=CARTESIAN_POINT('',(270.377718165327,-108.39,6.));
#12207=CARTESIAN_POINT('',(280.409999999999,-108.39,6.));
#12208=CARTESIAN_POINT('',(269.877718165327,-108.39,6.));
#12209=CARTESIAN_POINT('Origin',(270.127718165327,-108.39,6.));
#12210=CARTESIAN_POINT('',(269.311051498661,-108.39,6.));
#12211=CARTESIAN_POINT('',(280.409999999999,-108.39,6.));
#12212=CARTESIAN_POINT('',(268.811051498661,-108.39,6.));
#12213=CARTESIAN_POINT('Origin',(269.061051498661,-108.39,6.));
#12214=CARTESIAN_POINT('',(268.244384831994,-108.39,6.));
#12215=CARTESIAN_POINT('',(280.409999999999,-108.39,6.));
#12216=CARTESIAN_POINT('',(267.967869405064,-108.141410112566,6.));
#12217=CARTESIAN_POINT('Origin',(267.994384831994,-108.39,6.));
#12218=CARTESIAN_POINT('',(267.920004003202,-107.44,6.));
#12219=CARTESIAN_POINT('Origin',(280.409999999999,-106.94,6.));
#12220=CARTESIAN_POINT('',(280.409999999999,-107.44,6.));
#12221=CARTESIAN_POINT('',(280.409999999999,-107.44,6.));
#12222=CARTESIAN_POINT('',(280.909999999999,-106.94,6.));
#12223=CARTESIAN_POINT('Origin',(280.409999999999,-106.94,6.));
#12224=CARTESIAN_POINT('',(280.909999999999,-94.4500040032032,6.));
#12225=CARTESIAN_POINT('',(280.909999999999,-47.94,6.));
#12226=CARTESIAN_POINT('',(281.611410112565,-94.4978694050647,6.));
#12227=CARTESIAN_POINT('Origin',(280.409999999999,-106.94,6.));
#12228=CARTESIAN_POINT('',(281.859999999999,-94.7743848319948,6.));
#12229=CARTESIAN_POINT('Origin',(281.859999999999,-94.5243848319948,6.));
#12230=CARTESIAN_POINT('',(281.859999999999,-95.3410514986615,6.));
#12231=CARTESIAN_POINT('',(281.859999999999,-47.94,6.));
#12232=CARTESIAN_POINT('Origin',(281.859999999999,-95.5910514986614,6.));
#12233=CARTESIAN_POINT('',(281.859999999999,-97.9743848319948,6.));
#12234=CARTESIAN_POINT('Origin',(281.859999999999,-97.7243848319948,6.));
#12235=CARTESIAN_POINT('',(281.859999999999,-98.5410514986615,6.));
#12236=CARTESIAN_POINT('',(281.859999999999,-47.94,6.));
#12237=CARTESIAN_POINT('',(281.859999999999,-99.0410514986615,6.));
#12238=CARTESIAN_POINT('Origin',(281.859999999999,-98.7910514986615,6.));
#12239=CARTESIAN_POINT('',(281.859999999999,-99.6077181653282,6.));
#12240=CARTESIAN_POINT('',(281.859999999999,-47.94,6.));
#12241=CARTESIAN_POINT('',(281.859999999999,-100.107718165328,6.));
#12242=CARTESIAN_POINT('Origin',(281.859999999999,-99.8577181653282,6.));
#12243=CARTESIAN_POINT('',(281.859999999999,-47.94,6.));
#12244=CARTESIAN_POINT('',(281.859999999999,-101.741051498661,6.));
#12245=CARTESIAN_POINT('',(281.859999999999,-47.94,6.));
#12246=CARTESIAN_POINT('',(281.859999999999,-102.241051498661,6.));
#12247=CARTESIAN_POINT('Origin',(281.859999999999,-101.991051498661,6.));
#12248=CARTESIAN_POINT('',(281.859999999999,-102.807718165328,6.));
#12249=CARTESIAN_POINT('',(281.859999999999,-47.94,6.));
#12250=CARTESIAN_POINT('Origin',(281.859999999999,-103.057718165328,6.));
#12251=CARTESIAN_POINT('Origin',(281.859999999999,-94.5243848319949,9.));
#12252=CARTESIAN_POINT('',(281.859999999999,-101.741051498661,6.));
#12253=CARTESIAN_POINT('Origin',(281.859999999999,-94.5243848319949,9.));
#12254=CARTESIAN_POINT('',(281.859999999999,-100.107718165328,6.));
#12255=CARTESIAN_POINT('Origin',(281.859999999999,-99.8577181653282,6.));
#12256=CARTESIAN_POINT('',(281.859999999999,-99.6077181653282,6.));
#12257=CARTESIAN_POINT('Origin',(281.859999999999,-94.5243848319949,9.));
#12258=CARTESIAN_POINT('',(281.859999999999,-99.0410514986615,6.));
#12259=CARTESIAN_POINT('Origin',(281.859999999999,-95.5910514986614,6.));
#12260=CARTESIAN_POINT('',(281.859999999999,-95.3410514986615,6.));
#12261=CARTESIAN_POINT('Origin',(281.859999999999,-94.5243848319949,9.));
#12262=CARTESIAN_POINT('',(281.859999999999,-94.7743848319948,6.));
#12263=CARTESIAN_POINT('Origin',(281.859999999999,-103.057718165328,6.));
#12264=CARTESIAN_POINT('',(281.859999999999,-102.807718165328,6.));
#12265=CARTESIAN_POINT('Origin',(281.859999999999,-94.5243848319949,9.));
#12266=CARTESIAN_POINT('',(281.859999999999,-102.241051498661,6.));
#12267=CARTESIAN_POINT('Origin',(281.859999999999,-97.7243848319948,6.));
#12268=CARTESIAN_POINT('',(281.859999999999,-97.9743848319948,6.));
#12269=CARTESIAN_POINT('Origin',(281.859999999999,-94.5243848319949,9.));
#12270=CARTESIAN_POINT('',(281.859999999999,-98.5410514986615,6.));
#12271=CARTESIAN_POINT('Origin',(281.859999999999,-101.991051498661,6.));
#12272=CARTESIAN_POINT('Origin',(281.859999999999,-98.7910514986615,6.));
#12273=CARTESIAN_POINT('Origin',(281.859999999999,-94.5243848319948,6.));
#12274=CARTESIAN_POINT('',(281.611410112565,-94.4978694050647,6.));
#12275=CARTESIAN_POINT('Origin',(280.409999999999,-106.94,9.));
#12276=CARTESIAN_POINT('Ctrl Pts',(277.909999999999,-94.6925512860842,9.));
#12277=CARTESIAN_POINT('Ctrl Pts',(278.281540501996,-94.6167108986951,9.));
#12278=CARTESIAN_POINT('Ctrl Pts',(278.681678529838,-94.5544667310433,8.92653183893648));
#12279=CARTESIAN_POINT('Ctrl Pts',(279.421661316114,-94.4735764524924,8.62201383969689));
#12280=CARTESIAN_POINT('Ctrl Pts',(279.761356087892,-94.453955584444,8.39085926793478));
#12281=CARTESIAN_POINT('Ctrl Pts',(280.296475018906,-94.4376651025339,7.85658604968178));
#12282=CARTESIAN_POINT('Ctrl Pts',(280.52777626131,-94.4396133801524,7.51906805258856));
#12283=CARTESIAN_POINT('Ctrl Pts',(280.834539012067,-94.4462694291114,6.77935345150353));
#12284=CARTESIAN_POINT('Ctrl Pts',(280.909999999999,-94.4500040032032,6.37714819485398));
#12285=CARTESIAN_POINT('Ctrl Pts',(280.909999999999,-94.4500040032032,6.));
#12286=CARTESIAN_POINT('Origin',(277.594384831994,-108.39,6.));
#12287=CARTESIAN_POINT('',(277.344384831994,-108.39,6.));
#12288=CARTESIAN_POINT('',(277.844384831994,-108.39,6.));
#12289=CARTESIAN_POINT('Origin',(280.409999999999,-108.39,9.));
#12290=CARTESIAN_POINT('',(280.409999999999,-108.39,9.));
#12291=CARTESIAN_POINT('Origin',(273.327718165327,-108.39,6.));
#12292=CARTESIAN_POINT('',(273.077718165327,-108.39,6.));
#12293=CARTESIAN_POINT('',(273.577718165327,-108.39,6.));
#12294=CARTESIAN_POINT('Origin',(280.409999999999,-108.39,9.));
#12295=CARTESIAN_POINT('',(274.144384831994,-108.39,6.));
#12296=CARTESIAN_POINT('Origin',(269.061051498661,-108.39,6.));
#12297=CARTESIAN_POINT('',(268.811051498661,-108.39,6.));
#12298=CARTESIAN_POINT('',(269.311051498661,-108.39,6.));
#12299=CARTESIAN_POINT('Origin',(280.409999999999,-108.39,9.));
#12300=CARTESIAN_POINT('',(269.877718165327,-108.39,6.));
#12301=CARTESIAN_POINT('Origin',(270.127718165327,-108.39,6.));
#12302=CARTESIAN_POINT('',(270.377718165327,-108.39,6.));
#12303=CARTESIAN_POINT('Origin',(280.409999999999,-108.39,9.));
#12304=CARTESIAN_POINT('',(268.244384831994,-108.39,6.));
#12305=CARTESIAN_POINT('Origin',(274.394384831994,-108.39,6.));
#12306=CARTESIAN_POINT('',(274.644384831994,-108.39,6.));
#12307=CARTESIAN_POINT('Origin',(280.409999999999,-108.39,9.));
#12308=CARTESIAN_POINT('',(272.51105149866,-108.39,6.));
#12309=CARTESIAN_POINT('Origin',(276.527718165327,-108.39,6.));
#12310=CARTESIAN_POINT('',(276.777718165327,-108.39,6.));
#12311=CARTESIAN_POINT('',(276.277718165327,-108.39,6.));
#12312=CARTESIAN_POINT('Origin',(280.409999999999,-108.39,9.));
#12313=CARTESIAN_POINT('',(275.71105149866,-108.39,6.));
#12314=CARTESIAN_POINT('Origin',(272.26105149866,-108.39,6.));
#12315=CARTESIAN_POINT('',(272.011051498661,-108.39,6.));
#12316=CARTESIAN_POINT('Origin',(280.409999999999,-108.39,9.));
#12317=CARTESIAN_POINT('',(271.444384831994,-108.39,6.));
#12318=CARTESIAN_POINT('Origin',(267.994384831994,-108.39,6.));
#12319=CARTESIAN_POINT('',(267.967869405064,-108.141410112565,6.));
#12320=CARTESIAN_POINT('Origin',(280.409999999999,-108.39,9.));
#12321=CARTESIAN_POINT('',(270.944384831994,-108.39,6.));
#12322=CARTESIAN_POINT('Origin',(271.194384831994,-108.39,6.));
#12323=CARTESIAN_POINT('Origin',(280.409999999999,-108.39,9.));
#12324=CARTESIAN_POINT('',(275.211051498661,-108.39,6.));
#12325=CARTESIAN_POINT('Origin',(275.46105149866,-108.39,6.));
#12326=CARTESIAN_POINT('Origin',(194.96,-50.7556151680052,6.));
#12327=CARTESIAN_POINT('',(194.96,-50.5056151680052,6.));
#12328=CARTESIAN_POINT('',(194.96,-50.5056151680052,6.));
#12329=CARTESIAN_POINT('',(194.96,-51.0056151680052,6.));
#12330=CARTESIAN_POINT('Origin',(194.96,-50.7556151680052,6.));
#12331=CARTESIAN_POINT('',(194.96,-51.0056151680052,6.));
#12332=CARTESIAN_POINT('Origin',(194.96,-60.3556151680052,9.));
#12333=CARTESIAN_POINT('',(194.96,-51.5722818346719,6.));
#12334=CARTESIAN_POINT('',(194.96,-106.94,6.));
#12335=CARTESIAN_POINT('',(194.96,-51.5722818346719,6.));
#12336=CARTESIAN_POINT('Origin',(194.96,-58.2222818346719,6.));
#12337=CARTESIAN_POINT('',(194.96,-57.9722818346719,6.));
#12338=CARTESIAN_POINT('',(194.96,-57.9722818346719,6.));
#12339=CARTESIAN_POINT('',(194.96,-58.4722818346719,6.));
#12340=CARTESIAN_POINT('Origin',(194.96,-58.2222818346719,6.));
#12341=CARTESIAN_POINT('',(194.96,-58.4722818346719,6.));
#12342=CARTESIAN_POINT('Origin',(194.96,-60.3556151680052,9.));
#12343=CARTESIAN_POINT('',(194.96,-59.0389485013386,6.));
#12344=CARTESIAN_POINT('',(194.96,-106.94,6.));
#12345=CARTESIAN_POINT('',(194.96,-59.0389485013386,6.));
#12346=CARTESIAN_POINT('Origin',(194.96,-60.3556151680052,9.));
#12347=CARTESIAN_POINT('',(194.96,-57.4056151680052,6.));
#12348=CARTESIAN_POINT('',(194.96,-57.4056151680052,6.));
#12349=CARTESIAN_POINT('',(194.96,-106.94,6.));
#12350=CARTESIAN_POINT('Origin',(194.96,-53.9556151680052,6.));
#12351=CARTESIAN_POINT('',(194.96,-54.2056151680052,6.));
#12352=CARTESIAN_POINT('',(194.96,-54.2056151680052,6.));
#12353=CARTESIAN_POINT('',(194.96,-53.7056151680052,6.));
#12354=CARTESIAN_POINT('',(194.96,-53.7056151680052,6.));
#12355=CARTESIAN_POINT('Origin',(194.96,-53.9556151680052,6.));
#12356=CARTESIAN_POINT('Origin',(201.929997998398,-53.4599979983984,6.));
#12357=CARTESIAN_POINT('',(194.96,-47.94,6.));
#12358=CARTESIAN_POINT('',(194.96,-106.94,6.));
#12359=CARTESIAN_POINT('',(196.41,-46.49,6.));
#12360=CARTESIAN_POINT('Origin',(196.41,-47.94,6.));
#12361=CARTESIAN_POINT('',(198.975615168005,-46.49,6.));
#12362=CARTESIAN_POINT('',(196.41,-46.49,6.));
#12363=CARTESIAN_POINT('',(199.475615168005,-46.49,6.));
#12364=CARTESIAN_POINT('Origin',(199.225615168005,-46.49,6.));
#12365=CARTESIAN_POINT('',(200.042281834672,-46.49,6.));
#12366=CARTESIAN_POINT('',(196.41,-46.49,6.));
#12367=CARTESIAN_POINT('',(200.542281834672,-46.49,6.));
#12368=CARTESIAN_POINT('Origin',(200.292281834672,-46.49,6.));
#12369=CARTESIAN_POINT('',(201.108948501339,-46.49,6.));
#12370=CARTESIAN_POINT('',(196.41,-46.49,6.));
#12371=CARTESIAN_POINT('',(201.608948501339,-46.49,6.));
#12372=CARTESIAN_POINT('Origin',(201.358948501339,-46.49,6.));
#12373=CARTESIAN_POINT('',(202.175615168005,-46.49,6.));
#12374=CARTESIAN_POINT('',(196.41,-46.49,6.));
#12375=CARTESIAN_POINT('',(202.675615168005,-46.49,6.));
#12376=CARTESIAN_POINT('Origin',(202.425615168005,-46.49,6.));
#12377=CARTESIAN_POINT('',(203.242281834672,-46.49,6.));
#12378=CARTESIAN_POINT('',(196.41,-46.49,6.));
#12379=CARTESIAN_POINT('',(203.742281834672,-46.49,6.));
#12380=CARTESIAN_POINT('Origin',(203.492281834672,-46.49,6.));
#12381=CARTESIAN_POINT('',(204.308948501339,-46.49,6.));
#12382=CARTESIAN_POINT('',(196.41,-46.49,6.));
#12383=CARTESIAN_POINT('',(204.808948501339,-46.49,6.));
#12384=CARTESIAN_POINT('Origin',(204.558948501339,-46.49,6.));
#12385=CARTESIAN_POINT('',(205.375615168005,-46.49,6.));
#12386=CARTESIAN_POINT('',(196.41,-46.49,6.));
#12387=CARTESIAN_POINT('',(205.875615168005,-46.49,6.));
#12388=CARTESIAN_POINT('Origin',(205.625615168005,-46.49,6.));
#12389=CARTESIAN_POINT('',(206.442281834672,-46.49,6.));
#12390=CARTESIAN_POINT('',(196.41,-46.49,6.));
#12391=CARTESIAN_POINT('',(206.942281834672,-46.49,6.));
#12392=CARTESIAN_POINT('Origin',(206.692281834672,-46.49,6.));
#12393=CARTESIAN_POINT('',(207.508948501339,-46.49,6.));
#12394=CARTESIAN_POINT('',(196.41,-46.49,6.));
#12395=CARTESIAN_POINT('',(208.008948501339,-46.49,6.));
#12396=CARTESIAN_POINT('Origin',(207.758948501339,-46.49,6.));
#12397=CARTESIAN_POINT('',(208.575615168005,-46.49,6.));
#12398=CARTESIAN_POINT('',(196.41,-46.49,6.));
#12399=CARTESIAN_POINT('',(208.852130594935,-46.7385898874344,6.));
#12400=CARTESIAN_POINT('Origin',(208.825615168005,-46.49,6.));
#12401=CARTESIAN_POINT('',(208.899995996797,-47.44,6.));
#12402=CARTESIAN_POINT('Origin',(196.41,-47.94,6.));
#12403=CARTESIAN_POINT('',(196.41,-47.44,6.));
#12404=CARTESIAN_POINT('',(196.41,-47.44,6.));
#12405=CARTESIAN_POINT('',(195.91,-47.94,6.));
#12406=CARTESIAN_POINT('Origin',(196.41,-47.94,6.));
#12407=CARTESIAN_POINT('',(195.91,-60.4299959967968,6.));
#12408=CARTESIAN_POINT('',(195.91,-106.94,6.));
#12409=CARTESIAN_POINT('',(195.208589887434,-60.3821305949353,6.));
#12410=CARTESIAN_POINT('Origin',(196.41,-47.94,6.));
#12411=CARTESIAN_POINT('',(194.96,-60.1056151680052,6.));
#12412=CARTESIAN_POINT('Origin',(194.96,-60.3556151680052,6.));
#12413=CARTESIAN_POINT('',(194.96,-59.5389485013385,6.));
#12414=CARTESIAN_POINT('',(194.96,-106.94,6.));
#12415=CARTESIAN_POINT('Origin',(194.96,-59.2889485013385,6.));
#12416=CARTESIAN_POINT('',(194.96,-56.9056151680052,6.));
#12417=CARTESIAN_POINT('Origin',(194.96,-57.1556151680052,6.));
#12418=CARTESIAN_POINT('',(194.96,-56.3389485013385,6.));
#12419=CARTESIAN_POINT('',(194.96,-106.94,6.));
#12420=CARTESIAN_POINT('',(194.96,-55.8389485013385,6.));
#12421=CARTESIAN_POINT('Origin',(194.96,-56.0889485013385,6.));
#12422=CARTESIAN_POINT('',(194.96,-55.2722818346718,6.));
#12423=CARTESIAN_POINT('',(194.96,-106.94,6.));
#12424=CARTESIAN_POINT('',(194.96,-54.7722818346719,6.));
#12425=CARTESIAN_POINT('Origin',(194.96,-55.0222818346719,6.));
#12426=CARTESIAN_POINT('',(194.96,-106.94,6.));
#12427=CARTESIAN_POINT('',(194.96,-53.1389485013385,6.));
#12428=CARTESIAN_POINT('',(194.96,-106.94,6.));
#12429=CARTESIAN_POINT('',(194.96,-52.6389485013386,6.));
#12430=CARTESIAN_POINT('Origin',(194.96,-52.8889485013385,6.));
#12431=CARTESIAN_POINT('',(194.96,-52.0722818346719,6.));
#12432=CARTESIAN_POINT('',(194.96,-106.94,6.));
#12433=CARTESIAN_POINT('Origin',(194.96,-51.8222818346719,6.));
#12434=CARTESIAN_POINT('Origin',(194.96,-60.3556151680052,9.));
#12435=CARTESIAN_POINT('',(194.96,-53.1389485013385,6.));
#12436=CARTESIAN_POINT('Origin',(194.96,-60.3556151680052,9.));
#12437=CARTESIAN_POINT('',(194.96,-54.7722818346719,6.));
#12438=CARTESIAN_POINT('Origin',(194.96,-55.0222818346719,6.));
#12439=CARTESIAN_POINT('',(194.96,-55.2722818346718,6.));
#12440=CARTESIAN_POINT('Origin',(194.96,-60.3556151680052,9.));
#12441=CARTESIAN_POINT('',(194.96,-55.8389485013385,6.));
#12442=CARTESIAN_POINT('Origin',(194.96,-59.2889485013385,6.));
#12443=CARTESIAN_POINT('',(194.96,-59.5389485013385,6.));
#12444=CARTESIAN_POINT('Origin',(194.96,-60.3556151680052,9.));
#12445=CARTESIAN_POINT('',(194.96,-60.1056151680052,6.));
#12446=CARTESIAN_POINT('Origin',(194.96,-51.8222818346719,6.));
#12447=CARTESIAN_POINT('',(194.96,-52.0722818346719,6.));
#12448=CARTESIAN_POINT('Origin',(194.96,-60.3556151680052,9.));
#12449=CARTESIAN_POINT('',(194.96,-52.6389485013386,6.));
#12450=CARTESIAN_POINT('Origin',(194.96,-57.1556151680052,6.));
#12451=CARTESIAN_POINT('',(194.96,-56.9056151680052,6.));
#12452=CARTESIAN_POINT('Origin',(194.96,-60.3556151680052,9.));
#12453=CARTESIAN_POINT('',(194.96,-56.3389485013385,6.));
#12454=CARTESIAN_POINT('Origin',(194.96,-52.8889485013385,6.));
#12455=CARTESIAN_POINT('Origin',(194.96,-56.0889485013385,6.));
#12456=CARTESIAN_POINT('Origin',(194.96,-60.3556151680052,6.));
#12457=CARTESIAN_POINT('',(195.208589887435,-60.3821305949353,6.));
#12458=CARTESIAN_POINT('Origin',(196.41,-47.94,9.));
#12459=CARTESIAN_POINT('Ctrl Pts',(198.91,-60.1874487139159,9.));
#12460=CARTESIAN_POINT('Ctrl Pts',(198.538459498003,-60.263289101305,9.));
#12461=CARTESIAN_POINT('Ctrl Pts',(198.138321470161,-60.3255332689568,8.92653183893647));
#12462=CARTESIAN_POINT('Ctrl Pts',(197.398338683885,-60.4064235475077,8.62201383969687));
#12463=CARTESIAN_POINT('Ctrl Pts',(197.058643912107,-60.426044415556,8.39085926793478));
#12464=CARTESIAN_POINT('Ctrl Pts',(196.523524981093,-60.4423348974662,7.85658604968177));
#12465=CARTESIAN_POINT('Ctrl Pts',(196.292223738689,-60.4403866198476,7.51906805258856));
#12466=CARTESIAN_POINT('Ctrl Pts',(195.985460987932,-60.4337305708887,6.77935345150352));
#12467=CARTESIAN_POINT('Ctrl Pts',(195.91,-60.4299959967968,6.37714819485397));
#12468=CARTESIAN_POINT('Ctrl Pts',(195.91,-60.4299959967968,6.));
#12469=CARTESIAN_POINT('Origin',(199.225615168005,-46.49,6.));
#12470=CARTESIAN_POINT('',(199.475615168005,-46.49,6.));
#12471=CARTESIAN_POINT('',(198.975615168005,-46.49,6.));
#12472=CARTESIAN_POINT('Origin',(196.41,-46.49,9.));
#12473=CARTESIAN_POINT('',(196.41,-46.49,9.));
#12474=CARTESIAN_POINT('Origin',(203.492281834672,-46.49,6.));
#12475=CARTESIAN_POINT('',(203.742281834672,-46.49,6.));
#12476=CARTESIAN_POINT('',(203.242281834672,-46.49,6.));
#12477=CARTESIAN_POINT('Origin',(196.41,-46.49,9.));
#12478=CARTESIAN_POINT('',(202.675615168005,-46.49,6.));
#12479=CARTESIAN_POINT('Origin',(207.758948501339,-46.49,6.));
#12480=CARTESIAN_POINT('',(208.008948501339,-46.49,6.));
#12481=CARTESIAN_POINT('',(207.508948501339,-46.49,6.));
#12482=CARTESIAN_POINT('Origin',(196.41,-46.49,9.));
#12483=CARTESIAN_POINT('',(206.942281834672,-46.49,6.));
#12484=CARTESIAN_POINT('Origin',(206.692281834672,-46.49,6.));
#12485=CARTESIAN_POINT('',(206.442281834672,-46.49,6.));
#12486=CARTESIAN_POINT('Origin',(196.41,-46.49,9.));
#12487=CARTESIAN_POINT('',(208.575615168005,-46.49,6.));
#12488=CARTESIAN_POINT('Origin',(202.425615168005,-46.49,6.));
#12489=CARTESIAN_POINT('',(202.175615168005,-46.49,6.));
#12490=CARTESIAN_POINT('Origin',(196.41,-46.49,9.));
#12491=CARTESIAN_POINT('',(204.308948501339,-46.49,6.));
#12492=CARTESIAN_POINT('Origin',(200.292281834672,-46.49,6.));
#12493=CARTESIAN_POINT('',(200.042281834672,-46.49,6.));
#12494=CARTESIAN_POINT('',(200.542281834672,-46.49,6.));
#12495=CARTESIAN_POINT('Origin',(196.41,-46.49,9.));
#12496=CARTESIAN_POINT('',(201.108948501339,-46.49,6.));
#12497=CARTESIAN_POINT('Origin',(204.558948501339,-46.49,6.));
#12498=CARTESIAN_POINT('',(204.808948501339,-46.49,6.));
#12499=CARTESIAN_POINT('Origin',(196.41,-46.49,9.));
#12500=CARTESIAN_POINT('',(205.375615168005,-46.49,6.));
#12501=CARTESIAN_POINT('Origin',(208.825615168005,-46.49,6.));
#12502=CARTESIAN_POINT('',(208.852130594935,-46.7385898874345,6.));
#12503=CARTESIAN_POINT('Origin',(196.41,-46.49,9.));
#12504=CARTESIAN_POINT('',(205.875615168005,-46.49,6.));
#12505=CARTESIAN_POINT('Origin',(205.625615168005,-46.49,6.));
#12506=CARTESIAN_POINT('Origin',(196.41,-46.49,9.));
#12507=CARTESIAN_POINT('',(201.608948501339,-46.49,6.));
#12508=CARTESIAN_POINT('Origin',(201.358948501339,-46.49,6.));
#12509=CARTESIAN_POINT('Origin',(194.96,-104.124384831995,6.));
#12510=CARTESIAN_POINT('',(194.96,-103.874384831995,6.));
#12511=CARTESIAN_POINT('',(194.96,-103.874384831995,6.));
#12512=CARTESIAN_POINT('',(194.96,-104.374384831995,6.));
#12513=CARTESIAN_POINT('Origin',(194.96,-104.124384831995,6.));
#12514=CARTESIAN_POINT('',(194.96,-104.374384831995,6.));
#12515=CARTESIAN_POINT('Origin',(194.96,-106.94,9.));
#12516=CARTESIAN_POINT('',(194.96,-106.94,6.));
#12517=CARTESIAN_POINT('',(194.96,-106.94,6.));
#12518=CARTESIAN_POINT('',(194.96,-106.94,9.));
#12519=CARTESIAN_POINT('Origin',(194.96,-106.94,9.));
#12520=CARTESIAN_POINT('',(194.96,-103.307718165328,6.));
#12521=CARTESIAN_POINT('',(194.96,-103.307718165328,6.));
#12522=CARTESIAN_POINT('',(194.96,-106.94,6.));
#12523=CARTESIAN_POINT('Origin',(194.96,-96.6577181653281,6.));
#12524=CARTESIAN_POINT('',(194.96,-96.4077181653281,6.));
#12525=CARTESIAN_POINT('',(194.96,-96.4077181653281,6.));
#12526=CARTESIAN_POINT('',(194.96,-96.9077181653281,6.));
#12527=CARTESIAN_POINT('Origin',(194.96,-96.6577181653281,6.));
#12528=CARTESIAN_POINT('',(194.96,-96.9077181653281,6.));
#12529=CARTESIAN_POINT('Origin',(194.96,-106.94,9.));
#12530=CARTESIAN_POINT('',(194.96,-97.4743848319948,6.));
#12531=CARTESIAN_POINT('',(194.96,-106.94,6.));
#12532=CARTESIAN_POINT('',(194.96,-97.4743848319948,6.));
#12533=CARTESIAN_POINT('Origin',(194.96,-106.94,9.));
#12534=CARTESIAN_POINT('',(194.96,-95.8410514986614,6.));
#12535=CARTESIAN_POINT('',(194.96,-95.8410514986614,6.));
#12536=CARTESIAN_POINT('',(194.96,-106.94,6.));
#12537=CARTESIAN_POINT('Origin',(194.96,-100.924384831995,6.));
#12538=CARTESIAN_POINT('',(194.96,-100.674384831995,6.));
#12539=CARTESIAN_POINT('',(194.96,-100.674384831995,6.));
#12540=CARTESIAN_POINT('',(194.96,-101.174384831995,6.));
#12541=CARTESIAN_POINT('Origin',(194.96,-100.924384831995,6.));
#12542=CARTESIAN_POINT('',(194.96,-101.174384831995,6.));
#12543=CARTESIAN_POINT('Origin',(194.96,-106.94,9.));
#12544=CARTESIAN_POINT('',(194.96,-101.741051498661,6.));
#12545=CARTESIAN_POINT('',(194.96,-106.94,6.));
#12546=CARTESIAN_POINT('',(194.96,-101.741051498661,6.));
#12547=CARTESIAN_POINT('Origin',(194.96,-99.8577181653282,6.));
#12548=CARTESIAN_POINT('',(194.96,-99.6077181653282,6.));
#12549=CARTESIAN_POINT('',(194.96,-99.6077181653282,6.));
#12550=CARTESIAN_POINT('',(194.96,-100.107718165328,6.));
#12551=CARTESIAN_POINT('Origin',(194.96,-99.8577181653282,6.));
#12552=CARTESIAN_POINT('',(194.96,-100.107718165328,6.));
#12553=CARTESIAN_POINT('Origin',(194.96,-106.94,9.));
#12554=CARTESIAN_POINT('',(194.96,-106.94,6.));
#12555=CARTESIAN_POINT('Origin',(194.96,-106.94,9.));
#12556=CARTESIAN_POINT('',(194.96,-99.0410514986615,6.));
#12557=CARTESIAN_POINT('',(194.96,-99.0410514986615,6.));
#12558=CARTESIAN_POINT('',(194.96,-106.94,6.));
#12559=CARTESIAN_POINT('Origin',(194.96,-95.5910514986614,6.));
#12560=CARTESIAN_POINT('',(194.96,-95.3410514986615,6.));
#12561=CARTESIAN_POINT('',(194.96,-95.3410514986615,6.));
#12562=CARTESIAN_POINT('Origin',(194.96,-95.5910514986614,6.));
#12563=CARTESIAN_POINT('Origin',(194.96,-103.057718165328,6.));
#12564=CARTESIAN_POINT('',(194.96,-102.807718165328,6.));
#12565=CARTESIAN_POINT('',(194.96,-102.807718165328,6.));
#12566=CARTESIAN_POINT('Origin',(194.96,-103.057718165328,6.));
#12567=CARTESIAN_POINT('Origin',(194.96,-106.94,9.));
#12568=CARTESIAN_POINT('',(194.96,-102.241051498661,6.));
#12569=CARTESIAN_POINT('',(194.96,-102.241051498661,6.));
#12570=CARTESIAN_POINT('',(194.96,-106.94,6.));
#12571=CARTESIAN_POINT('Origin',(194.96,-97.7243848319948,6.));
#12572=CARTESIAN_POINT('',(194.96,-97.9743848319948,6.));
#12573=CARTESIAN_POINT('Origin',(194.96,-97.7243848319948,6.));
#12574=CARTESIAN_POINT('',(194.96,-97.9743848319948,6.));
#12575=CARTESIAN_POINT('Origin',(194.96,-106.94,9.));
#12576=CARTESIAN_POINT('',(194.96,-98.5410514986615,6.));
#12577=CARTESIAN_POINT('',(194.96,-106.94,6.));
#12578=CARTESIAN_POINT('',(194.96,-98.5410514986615,6.));
#12579=CARTESIAN_POINT('Origin',(194.96,-101.991051498661,6.));
#12580=CARTESIAN_POINT('Origin',(194.96,-101.991051498661,6.));
#12581=CARTESIAN_POINT('Origin',(194.96,-98.7910514986615,6.));
#12582=CARTESIAN_POINT('Origin',(194.96,-98.7910514986615,6.));
#12583=CARTESIAN_POINT('Origin',(194.96,-94.5243848319948,6.));
#12584=CARTESIAN_POINT('',(195.208589887434,-94.4978694050647,6.));
#12585=CARTESIAN_POINT('',(195.208589887435,-94.4978694050647,6.));
#12586=CARTESIAN_POINT('',(194.96,-94.7743848319948,6.));
#12587=CARTESIAN_POINT('Origin',(194.96,-94.5243848319948,6.));
#12588=CARTESIAN_POINT('',(194.96,-94.7743848319948,6.));
#12589=CARTESIAN_POINT('Origin',(196.41,-106.94,9.));
#12590=CARTESIAN_POINT('',(195.91,-94.4500040032032,6.));
#12591=CARTESIAN_POINT('Ctrl Pts',(195.91,-94.4500040032032,6.));
#12592=CARTESIAN_POINT('Ctrl Pts',(195.91,-94.4500040032032,6.37714819485397));
#12593=CARTESIAN_POINT('Ctrl Pts',(195.985460987932,-94.4462694291113,6.77935345150349));
#12594=CARTESIAN_POINT('Ctrl Pts',(196.292223738689,-94.4396133801523,7.51906805258853));
#12595=CARTESIAN_POINT('Ctrl Pts',(196.523524981093,-94.4376651025338,7.85658604968176));
#12596=CARTESIAN_POINT('Ctrl Pts',(197.058643912107,-94.4539555844439,8.39085926793478));
#12597=CARTESIAN_POINT('Ctrl Pts',(197.398338683885,-94.4735764524923,8.62201383969687));
#12598=CARTESIAN_POINT('Ctrl Pts',(198.138321470161,-94.5544667310432,8.92653183893647));
#12599=CARTESIAN_POINT('Ctrl Pts',(198.538459498003,-94.616710898695,9.));
#12600=CARTESIAN_POINT('Ctrl Pts',(198.91,-94.6925512860841,9.));
#12601=CARTESIAN_POINT('Origin',(196.41,-106.94,6.));
#12602=CARTESIAN_POINT('Origin',(199.225615168005,-108.39,6.));
#12603=CARTESIAN_POINT('',(199.475615168005,-108.39,6.));
#12604=CARTESIAN_POINT('',(199.475615168005,-108.39,6.));
#12605=CARTESIAN_POINT('',(198.975615168005,-108.39,6.));
#12606=CARTESIAN_POINT('',(198.975615168005,-108.39,6.));
#12607=CARTESIAN_POINT('Origin',(199.225615168005,-108.39,6.));
#12608=CARTESIAN_POINT('Origin',(201.929997998398,-101.420002001602,6.));
#12609=CARTESIAN_POINT('',(194.96,-106.94,6.));
#12610=CARTESIAN_POINT('',(195.91,-106.94,6.));
#12611=CARTESIAN_POINT('',(195.91,-106.94,6.));
#12612=CARTESIAN_POINT('',(196.41,-107.44,6.));
#12613=CARTESIAN_POINT('Origin',(196.41,-106.94,6.));
#12614=CARTESIAN_POINT('',(208.899995996797,-107.44,6.));
#12615=CARTESIAN_POINT('',(280.409999999999,-107.44,6.));
#12616=CARTESIAN_POINT('',(208.852130594935,-108.141410112566,6.));
#12617=CARTESIAN_POINT('Origin',(196.41,-106.94,6.));
#12618=CARTESIAN_POINT('',(208.575615168005,-108.39,6.));
#12619=CARTESIAN_POINT('Origin',(208.825615168005,-108.39,6.));
#12620=CARTESIAN_POINT('',(208.008948501339,-108.39,6.));
#12621=CARTESIAN_POINT('',(280.409999999999,-108.39,6.));
#12622=CARTESIAN_POINT('',(207.508948501339,-108.39,6.));
#12623=CARTESIAN_POINT('Origin',(207.758948501339,-108.39,6.));
#12624=CARTESIAN_POINT('',(206.942281834672,-108.39,6.));
#12625=CARTESIAN_POINT('',(280.409999999999,-108.39,6.));
#12626=CARTESIAN_POINT('',(206.442281834672,-108.39,6.));
#12627=CARTESIAN_POINT('Origin',(206.692281834672,-108.39,6.));
#12628=CARTESIAN_POINT('',(205.875615168005,-108.39,6.));
#12629=CARTESIAN_POINT('',(280.409999999999,-108.39,6.));
#12630=CARTESIAN_POINT('',(205.375615168005,-108.39,6.));
#12631=CARTESIAN_POINT('Origin',(205.625615168005,-108.39,6.));
#12632=CARTESIAN_POINT('',(204.808948501339,-108.39,6.));
#12633=CARTESIAN_POINT('',(280.409999999999,-108.39,6.));
#12634=CARTESIAN_POINT('',(204.308948501339,-108.39,6.));
#12635=CARTESIAN_POINT('Origin',(204.558948501339,-108.39,6.));
#12636=CARTESIAN_POINT('',(203.742281834672,-108.39,6.));
#12637=CARTESIAN_POINT('',(280.409999999999,-108.39,6.));
#12638=CARTESIAN_POINT('',(203.242281834672,-108.39,6.));
#12639=CARTESIAN_POINT('Origin',(203.492281834672,-108.39,6.));
#12640=CARTESIAN_POINT('',(202.675615168005,-108.39,6.));
#12641=CARTESIAN_POINT('',(280.409999999999,-108.39,6.));
#12642=CARTESIAN_POINT('',(202.175615168005,-108.39,6.));
#12643=CARTESIAN_POINT('Origin',(202.425615168005,-108.39,6.));
#12644=CARTESIAN_POINT('',(201.608948501339,-108.39,6.));
#12645=CARTESIAN_POINT('',(280.409999999999,-108.39,6.));
#12646=CARTESIAN_POINT('',(201.108948501339,-108.39,6.));
#12647=CARTESIAN_POINT('Origin',(201.358948501339,-108.39,6.));
#12648=CARTESIAN_POINT('',(200.542281834672,-108.39,6.));
#12649=CARTESIAN_POINT('',(280.409999999999,-108.39,6.));
#12650=CARTESIAN_POINT('',(200.042281834672,-108.39,6.));
#12651=CARTESIAN_POINT('Origin',(200.292281834672,-108.39,6.));
#12652=CARTESIAN_POINT('',(280.409999999999,-108.39,6.));
#12653=CARTESIAN_POINT('',(196.41,-108.39,6.));
#12654=CARTESIAN_POINT('',(280.409999999999,-108.39,6.));
#12655=CARTESIAN_POINT('Origin',(196.41,-106.94,6.));
#12656=CARTESIAN_POINT('Origin',(208.825615168005,-108.39,9.));
#12657=CARTESIAN_POINT('',(196.41,-108.39,9.));
#12658=CARTESIAN_POINT('Origin',(203.492281834672,-108.39,6.));
#12659=CARTESIAN_POINT('',(203.742281834672,-108.39,6.));
#12660=CARTESIAN_POINT('',(203.242281834672,-108.39,6.));
#12661=CARTESIAN_POINT('Origin',(208.825615168005,-108.39,9.));
#12662=CARTESIAN_POINT('',(202.675615168005,-108.39,6.));
#12663=CARTESIAN_POINT('Origin',(207.758948501339,-108.39,6.));
#12664=CARTESIAN_POINT('',(208.008948501339,-108.39,6.));
#12665=CARTESIAN_POINT('',(207.508948501339,-108.39,6.));
#12666=CARTESIAN_POINT('Origin',(208.825615168005,-108.39,9.));
#12667=CARTESIAN_POINT('',(206.942281834672,-108.39,6.));
#12668=CARTESIAN_POINT('Origin',(206.692281834672,-108.39,6.));
#12669=CARTESIAN_POINT('',(206.442281834672,-108.39,6.));
#12670=CARTESIAN_POINT('Origin',(208.825615168005,-108.39,9.));
#12671=CARTESIAN_POINT('',(208.575615168005,-108.39,6.));
#12672=CARTESIAN_POINT('Origin',(202.425615168005,-108.39,6.));
#12673=CARTESIAN_POINT('',(202.175615168005,-108.39,6.));
#12674=CARTESIAN_POINT('Origin',(208.825615168005,-108.39,9.));
#12675=CARTESIAN_POINT('',(204.308948501339,-108.39,6.));
#12676=CARTESIAN_POINT('Origin',(200.292281834672,-108.39,6.));
#12677=CARTESIAN_POINT('',(200.042281834672,-108.39,6.));
#12678=CARTESIAN_POINT('',(200.542281834672,-108.39,6.));
#12679=CARTESIAN_POINT('Origin',(208.825615168005,-108.39,9.));
#12680=CARTESIAN_POINT('',(201.108948501339,-108.39,6.));
#12681=CARTESIAN_POINT('Origin',(204.558948501339,-108.39,6.));
#12682=CARTESIAN_POINT('',(204.808948501339,-108.39,6.));
#12683=CARTESIAN_POINT('Origin',(208.825615168005,-108.39,9.));
#12684=CARTESIAN_POINT('',(205.375615168005,-108.39,6.));
#12685=CARTESIAN_POINT('Origin',(208.825615168005,-108.39,6.));
#12686=CARTESIAN_POINT('',(208.852130594935,-108.141410112566,6.));
#12687=CARTESIAN_POINT('Origin',(208.825615168005,-108.39,9.));
#12688=CARTESIAN_POINT('',(205.875615168005,-108.39,6.));
#12689=CARTESIAN_POINT('Origin',(205.625615168005,-108.39,6.));
#12690=CARTESIAN_POINT('Origin',(208.825615168005,-108.39,9.));
#12691=CARTESIAN_POINT('',(201.608948501339,-108.39,6.));
#12692=CARTESIAN_POINT('Origin',(201.358948501339,-108.39,6.));
#12693=CARTESIAN_POINT('Origin',(208.825615168005,-108.39,9.));
#12694=CARTESIAN_POINT('Ctrl Pts',(195.91,-47.94,6.00000000000001));
#12695=CARTESIAN_POINT('Ctrl Pts',(195.91,-47.94,6.67319842576926));
#12696=CARTESIAN_POINT('Ctrl Pts',(196.458883297604,-48.3974027480035,8.24620984074527));
#12697=CARTESIAN_POINT('Ctrl Pts',(198.012402098974,-49.6920017491453,9.));
#12698=CARTESIAN_POINT('Ctrl Pts',(198.91,-50.44,9.));
#12699=CARTESIAN_POINT('Ctrl Pts',(195.91,-47.8091003061004,6.00000000000001));
#12700=CARTESIAN_POINT('Ctrl Pts',(195.91,-47.8091003061004,6.70286241628464));
#12701=CARTESIAN_POINT('Ctrl Pts',(196.516917503472,-48.3253724272136,8.30552075741023));
#12702=CARTESIAN_POINT('Ctrl Pts',(198.037335374003,-49.6670684741168,9.));
#12703=CARTESIAN_POINT('Ctrl Pts',(198.91,-50.44,9.));
#12704=CARTESIAN_POINT('Ctrl Pts',(196.018521025251,-47.5485210252513,6.00000000000001));
#12705=CARTESIAN_POINT('Ctrl Pts',(196.018521025251,-47.5485210252513,6.73653442867165));
#12706=CARTESIAN_POINT('Ctrl Pts',(196.650141549259,-48.1801415492588,8.36728617083523));
#12707=CARTESIAN_POINT('Ctrl Pts',(198.08720192406,-49.6172019240598,9.));
#12708=CARTESIAN_POINT('Ctrl Pts',(198.91,-50.44,9.));
#12709=CARTESIAN_POINT('Ctrl Pts',(196.2791003061,-47.4399999999999,6.));
#12710=CARTESIAN_POINT('Ctrl Pts',(196.2791003061,-47.4399999999999,6.70286241628464));
#12711=CARTESIAN_POINT('Ctrl Pts',(196.795372427214,-48.0469175034721,8.30552075741023));
#12712=CARTESIAN_POINT('Ctrl Pts',(198.137068474117,-49.5673353740028,9.));
#12713=CARTESIAN_POINT('Ctrl Pts',(198.91,-50.44,9.));
#12714=CARTESIAN_POINT('Ctrl Pts',(196.41,-47.4399999999999,6.));
#12715=CARTESIAN_POINT('Ctrl Pts',(196.41,-47.4399999999999,6.67319842576925));
#12716=CARTESIAN_POINT('Ctrl Pts',(196.867402748003,-47.9888832976041,8.24620984074526));
#12717=CARTESIAN_POINT('Ctrl Pts',(198.162001749145,-49.5424020989743,9.));
#12718=CARTESIAN_POINT('Ctrl Pts',(198.91,-50.44,9.));
#12719=CARTESIAN_POINT('Origin',(198.91,-50.44,6.));
#12720=CARTESIAN_POINT('Origin',(198.91,-50.44,6.));
#12721=CARTESIAN_POINT('Origin',(198.91,-62.69,6.));
#12722=CARTESIAN_POINT('Origin',(223.654997998398,-50.44,6.));
#12723=CARTESIAN_POINT('Ctrl Pts',(208.899995996797,-47.44,6.));
#12724=CARTESIAN_POINT('Ctrl Pts',(208.899995996797,-47.44,6.37714819485398));
#12725=CARTESIAN_POINT('Ctrl Pts',(208.903730570889,-47.5154609879321,6.77935345150353));
#12726=CARTESIAN_POINT('Ctrl Pts',(208.910386619848,-47.8222237386891,7.51906805258856));
#12727=CARTESIAN_POINT('Ctrl Pts',(208.912334897466,-48.0535249810931,7.85658604968178));
#12728=CARTESIAN_POINT('Ctrl Pts',(208.896044415556,-48.5886439121074,8.39085926793479));
#12729=CARTESIAN_POINT('Ctrl Pts',(208.876423547508,-48.9283386838852,8.62201383969687));
#12730=CARTESIAN_POINT('Ctrl Pts',(208.795533268957,-49.6683214701612,8.92653183893648));
#12731=CARTESIAN_POINT('Ctrl Pts',(208.733289101305,-50.0684594980033,9.));
#12732=CARTESIAN_POINT('Ctrl Pts',(208.657448713916,-50.44,9.));
#12733=CARTESIAN_POINT('Ctrl Pts',(280.409999999999,-47.44,6.));
#12734=CARTESIAN_POINT('Ctrl Pts',(280.409999999999,-47.44,6.67319842576924));
#12735=CARTESIAN_POINT('Ctrl Pts',(279.952538311822,-47.9889540258125,8.24615089364398));
#12736=CARTESIAN_POINT('Ctrl Pts',(278.657998250854,-49.5424020989743,9.));
#12737=CARTESIAN_POINT('Ctrl Pts',(277.909999999999,-50.44,9.));
#12738=CARTESIAN_POINT('Ctrl Pts',(280.540899693899,-47.44,6.));
#12739=CARTESIAN_POINT('Ctrl Pts',(280.540899693899,-47.44,6.70286241628463));
#12740=CARTESIAN_POINT('Ctrl Pts',(280.024567504145,-48.0469985635815,8.30540655800201));
#12741=CARTESIAN_POINT('Ctrl Pts',(278.682931525882,-49.5673353740028,9.));
#12742=CARTESIAN_POINT('Ctrl Pts',(277.909999999999,-50.44,9.));
#12743=CARTESIAN_POINT('Ctrl Pts',(280.80147139852,-47.5485286014792,6.));
#12744=CARTESIAN_POINT('Ctrl Pts',(280.80147139852,-47.5485286014792,6.73653442867163));
#12745=CARTESIAN_POINT('Ctrl Pts',(280.169810825043,-48.180189174956,8.36707390832052));
#12746=CARTESIAN_POINT('Ctrl Pts',(278.732798075939,-49.6172019240598,9.00000000000001));
#12747=CARTESIAN_POINT('Ctrl Pts',(277.909999999999,-50.44,9.00000000000001));
#12748=CARTESIAN_POINT('Ctrl Pts',(280.909999999999,-47.8091003061004,6.));
#12749=CARTESIAN_POINT('Ctrl Pts',(280.909999999999,-47.8091003061004,6.70286241628463));
#12750=CARTESIAN_POINT('Ctrl Pts',(280.303001436418,-48.3254324958539,8.305406558002));
#12751=CARTESIAN_POINT('Ctrl Pts',(278.782664625996,-49.6670684741168,9.));
#12752=CARTESIAN_POINT('Ctrl Pts',(277.909999999999,-50.44,9.));
#12753=CARTESIAN_POINT('Ctrl Pts',(280.909999999999,-47.94,6.));
#12754=CARTESIAN_POINT('Ctrl Pts',(280.909999999999,-47.94,6.67319842576924));
#12755=CARTESIAN_POINT('Ctrl Pts',(280.361045974186,-48.3974616881771,8.24615089364398));
#12756=CARTESIAN_POINT('Ctrl Pts',(278.807597901025,-49.6920017491453,9.));
#12757=CARTESIAN_POINT('Ctrl Pts',(277.909999999999,-50.44,9.));
#12758=CARTESIAN_POINT('Origin',(277.909999999999,-50.44,6.));
#12759=CARTESIAN_POINT('Origin',(277.909999999999,-50.44,6.));
#12760=CARTESIAN_POINT('Origin',(259.409999999999,-50.44,6.));
#12761=CARTESIAN_POINT('Ctrl Pts',(268.162551286083,-50.44,9.));
#12762=CARTESIAN_POINT('Ctrl Pts',(268.086710898694,-50.0684594980033,9.));
#12763=CARTESIAN_POINT('Ctrl Pts',(268.024466731042,-49.6683214701611,8.92653183893647));
#12764=CARTESIAN_POINT('Ctrl Pts',(267.943576452491,-48.9283386838852,8.62201383969687));
#12765=CARTESIAN_POINT('Ctrl Pts',(267.923955584443,-48.5886439121074,8.39085926793479));
#12766=CARTESIAN_POINT('Ctrl Pts',(267.907665102533,-48.0535249810931,7.85658604968178));
#12767=CARTESIAN_POINT('Ctrl Pts',(267.909613380151,-47.8222237386891,7.51906805258857));
#12768=CARTESIAN_POINT('Ctrl Pts',(267.91626942911,-47.5154609879321,6.77935345150353));
#12769=CARTESIAN_POINT('Ctrl Pts',(267.920004003202,-47.44,6.37714819485398));
#12770=CARTESIAN_POINT('Ctrl Pts',(267.920004003202,-47.44,6.));
#12771=CARTESIAN_POINT('Origin',(277.909999999999,-68.9349979983984,6.));
#12772=CARTESIAN_POINT('Ctrl Pts',(280.909999999999,-106.94,6.));
#12773=CARTESIAN_POINT('Ctrl Pts',(280.909999999999,-106.94,6.44879895051283));
#12774=CARTESIAN_POINT('Ctrl Pts',(280.704631997941,-106.768859998285,7.34466460302825));
#12775=CARTESIAN_POINT('Ctrl Pts',(279.700983221335,-105.93248601778,8.60633358589809));
#12776=CARTESIAN_POINT('Ctrl Pts',(278.583198425768,-105.000998688141,9.));
#12777=CARTESIAN_POINT('Ctrl Pts',(277.909999999999,-104.44,9.));
#12778=CARTESIAN_POINT('Ctrl Pts',(280.909999999999,-107.0708996939,6.));
#12779=CARTESIAN_POINT('Ctrl Pts',(280.909999999999,-107.0708996939,6.46857494418975));
#12780=CARTESIAN_POINT('Ctrl Pts',(280.682442186219,-106.876582838911,7.39862956600392));
#12781=CARTESIAN_POINT('Ctrl Pts',(279.651656587825,-105.98201747936,8.63260061981146));
#12782=CARTESIAN_POINT('Ctrl Pts',(278.564498469497,-105.019698644412,9.));
#12783=CARTESIAN_POINT('Ctrl Pts',(277.909999999999,-104.44,9.));
#12784=CARTESIAN_POINT('Ctrl Pts',(280.801467719608,-107.331467719609,6.));
#12785=CARTESIAN_POINT('Ctrl Pts',(280.801467719608,-107.331467719609,6.49102295244775));
#12786=CARTESIAN_POINT('Ctrl Pts',(280.561853130391,-107.091853130392,7.45833391167458));
#12787=CARTESIAN_POINT('Ctrl Pts',(279.551896602349,-106.08189660235,8.65820270481777));
#12788=CARTESIAN_POINT('Ctrl Pts',(278.527098556954,-105.057098556955,9.));
#12789=CARTESIAN_POINT('Ctrl Pts',(277.909999999999,-104.44,9.));
#12790=CARTESIAN_POINT('Ctrl Pts',(280.540899693899,-107.44,6.));
#12791=CARTESIAN_POINT('Ctrl Pts',(280.540899693899,-107.44,6.46857494418975));
#12792=CARTESIAN_POINT('Ctrl Pts',(280.34658283891,-107.21244218622,7.39862956600392));
#12793=CARTESIAN_POINT('Ctrl Pts',(279.452017479359,-106.181656587826,8.63260061981145));
#12794=CARTESIAN_POINT('Ctrl Pts',(278.489698644411,-105.094498469498,9.));
#12795=CARTESIAN_POINT('Ctrl Pts',(277.909999999999,-104.44,9.));
#12796=CARTESIAN_POINT('Ctrl Pts',(280.409999999999,-107.44,6.));
#12797=CARTESIAN_POINT('Ctrl Pts',(280.409999999999,-107.44,6.44879895051283));
#12798=CARTESIAN_POINT('Ctrl Pts',(280.238859998284,-107.234631997942,7.34466460302824));
#12799=CARTESIAN_POINT('Ctrl Pts',(279.402486017779,-106.230983221336,8.60633358589808));
#12800=CARTESIAN_POINT('Ctrl Pts',(278.47099868814,-105.113198425769,9.));
#12801=CARTESIAN_POINT('Ctrl Pts',(277.909999999999,-104.44,9.));
#12802=CARTESIAN_POINT('Origin',(277.909999999999,-104.44,6.));
#12803=CARTESIAN_POINT('Origin',(277.909999999999,-104.44,6.));
#12804=CARTESIAN_POINT('Origin',(277.909999999999,-92.19,6.));
#12805=CARTESIAN_POINT('Origin',(253.165002001601,-104.44,6.));
#12806=CARTESIAN_POINT('Ctrl Pts',(267.920004003202,-107.44,6.));
#12807=CARTESIAN_POINT('Ctrl Pts',(267.920004003202,-107.44,6.37714819485398));
#12808=CARTESIAN_POINT('Ctrl Pts',(267.91626942911,-107.364539012068,6.77935345150353));
#12809=CARTESIAN_POINT('Ctrl Pts',(267.909613380151,-107.057776261311,7.51906805258856));
#12810=CARTESIAN_POINT('Ctrl Pts',(267.907665102533,-106.826475018907,7.85658604968177));
#12811=CARTESIAN_POINT('Ctrl Pts',(267.923955584443,-106.291356087893,8.39085926793478));
#12812=CARTESIAN_POINT('Ctrl Pts',(267.943576452491,-105.951661316115,8.62201383969688));
#12813=CARTESIAN_POINT('Ctrl Pts',(268.024466731042,-105.211678529839,8.92653183893648));
#12814=CARTESIAN_POINT('Ctrl Pts',(268.086710898694,-104.811540501997,9.));
#12815=CARTESIAN_POINT('Ctrl Pts',(268.162551286083,-104.44,9.));
#12816=CARTESIAN_POINT('Ctrl Pts',(196.41,-107.44,6.));
#12817=CARTESIAN_POINT('Ctrl Pts',(196.41,-107.44,6.44879895051283));
#12818=CARTESIAN_POINT('Ctrl Pts',(196.58113308857,-107.234640293716,7.34467834871165));
#12819=CARTESIAN_POINT('Ctrl Pts',(197.417504264796,-106.230994882245,8.60636090137868));
#12820=CARTESIAN_POINT('Ctrl Pts',(198.349001311859,-105.113198425769,9.));
#12821=CARTESIAN_POINT('Ctrl Pts',(198.91,-104.44,9.));
#12822=CARTESIAN_POINT('Ctrl Pts',(196.279100306101,-107.44,6.));
#12823=CARTESIAN_POINT('Ctrl Pts',(196.279100306101,-107.44,6.46857494418975));
#12824=CARTESIAN_POINT('Ctrl Pts',(196.473403792499,-107.212462087982,7.39864319170584));
#12825=CARTESIAN_POINT('Ctrl Pts',(197.367964914113,-106.181683437721,8.63262377074865));
#12826=CARTESIAN_POINT('Ctrl Pts',(198.330301355588,-105.094498469498,9.));
#12827=CARTESIAN_POINT('Ctrl Pts',(198.91,-104.44,9.));
#12828=CARTESIAN_POINT('Ctrl Pts',(196.018526598537,-107.331473401463,6.));
#12829=CARTESIAN_POINT('Ctrl Pts',(196.018526598537,-107.331473401463,6.49102295244775));
#12830=CARTESIAN_POINT('Ctrl Pts',(196.258123866907,-107.091876133093,7.45836373638757));
#12831=CARTESIAN_POINT('Ctrl Pts',(197.268078182559,-106.081921817441,8.65823448270921));
#12832=CARTESIAN_POINT('Ctrl Pts',(198.292901443045,-105.057098556955,9.));
#12833=CARTESIAN_POINT('Ctrl Pts',(198.91,-104.44,9.));
#12834=CARTESIAN_POINT('Ctrl Pts',(195.91,-107.0708996939,6.));
#12835=CARTESIAN_POINT('Ctrl Pts',(195.91,-107.0708996939,6.46857494418975));
#12836=CARTESIAN_POINT('Ctrl Pts',(196.137537912018,-106.876596207501,7.39864319170584));
#12837=CARTESIAN_POINT('Ctrl Pts',(197.168316562279,-105.982035085887,8.63262377074864));
#12838=CARTESIAN_POINT('Ctrl Pts',(198.255501530502,-105.019698644412,9.));
#12839=CARTESIAN_POINT('Ctrl Pts',(198.91,-104.44,9.));
#12840=CARTESIAN_POINT('Ctrl Pts',(195.91,-106.94,6.));
#12841=CARTESIAN_POINT('Ctrl Pts',(195.91,-106.94,6.44879895051283));
#12842=CARTESIAN_POINT('Ctrl Pts',(196.115359706284,-106.76886691143,7.34467834871164));
#12843=CARTESIAN_POINT('Ctrl Pts',(197.119005117755,-105.932495735205,8.60636090137868));
#12844=CARTESIAN_POINT('Ctrl Pts',(198.236801574231,-105.000998688141,9.));
#12845=CARTESIAN_POINT('Ctrl Pts',(198.91,-104.44,9.));
#12846=CARTESIAN_POINT('Origin',(198.91,-104.44,6.));
#12847=CARTESIAN_POINT('Origin',(198.91,-104.44,6.));
#12848=CARTESIAN_POINT('Origin',(217.41,-104.44,6.));
#12849=CARTESIAN_POINT('Ctrl Pts',(208.657448713916,-104.44,9.));
#12850=CARTESIAN_POINT('Ctrl Pts',(208.733289101305,-104.811540501997,9.));
#12851=CARTESIAN_POINT('Ctrl Pts',(208.795533268957,-105.211678529839,8.92653183893647));
#12852=CARTESIAN_POINT('Ctrl Pts',(208.876423547508,-105.951661316115,8.62201383969687));
#12853=CARTESIAN_POINT('Ctrl Pts',(208.896044415556,-106.291356087893,8.39085926793478));
#12854=CARTESIAN_POINT('Ctrl Pts',(208.912334897466,-106.826475018907,7.85658604968177));
#12855=CARTESIAN_POINT('Ctrl Pts',(208.910386619848,-107.057776261311,7.51906805258856));
#12856=CARTESIAN_POINT('Ctrl Pts',(208.903730570889,-107.364539012068,6.77935345150353));
#12857=CARTESIAN_POINT('Ctrl Pts',(208.899995996797,-107.44,6.37714819485398));
#12858=CARTESIAN_POINT('Ctrl Pts',(208.899995996797,-107.44,6.));
#12859=CARTESIAN_POINT('Origin',(198.91,-85.9450020016016,6.));
#12860=CARTESIAN_POINT('Origin',(196.41,-47.94,9.));
#12861=CARTESIAN_POINT('Origin',(196.41,-46.49,9.));
#12862=CARTESIAN_POINT('Origin',(196.41,-47.94,9.));
#12863=CARTESIAN_POINT('',(194.96,-47.94,9.));
#12864=CARTESIAN_POINT('Origin',(194.96,-60.3556151680052,9.));
#12865=CARTESIAN_POINT('Origin',(194.96,-106.94,9.));
#12866=CARTESIAN_POINT('Origin',(196.41,-106.94,9.));
#12867=CARTESIAN_POINT('Origin',(196.41,-106.94,9.));
#12868=CARTESIAN_POINT('Origin',(281.859999999999,-47.94,9.));
#12869=CARTESIAN_POINT('Origin',(280.409999999999,-47.94,9.));
#12870=CARTESIAN_POINT('Origin',(280.409999999999,-47.94,9.));
#12871=CARTESIAN_POINT('Origin',(280.409999999999,-106.94,9.));
#12872=CARTESIAN_POINT('Origin',(280.409999999999,-108.39,9.));
#12873=CARTESIAN_POINT('Origin',(280.409999999999,-106.94,9.));
#12874=CARTESIAN_POINT('',(281.859999999999,-106.94,9.));
#12875=CARTESIAN_POINT('Origin',(281.859999999999,-94.5243848319949,9.));
#12876=CARTESIAN_POINT('Origin',(267.35,-51.64,9.));
#12877=CARTESIAN_POINT('',(267.35,-51.64,10.));
#12878=CARTESIAN_POINT('',(267.35,-51.64,9.));
#12879=CARTESIAN_POINT('',(267.35,-44.94,10.));
#12880=CARTESIAN_POINT('',(267.35,-46.04,10.));
#12881=CARTESIAN_POINT('',(267.35,-44.94,9.));
#12882=CARTESIAN_POINT('Origin',(256.6,-51.64,9.));
#12883=CARTESIAN_POINT('',(256.6,-51.64,10.));
#12884=CARTESIAN_POINT('',(256.6,-51.64,9.));
#12885=CARTESIAN_POINT('',(256.6,-51.64,10.));
#12886=CARTESIAN_POINT('Origin',(256.6,-44.94,9.));
#12887=CARTESIAN_POINT('',(256.6,-44.94,10.));
#12888=CARTESIAN_POINT('',(256.6,-44.94,9.));
#12889=CARTESIAN_POINT('',(256.6,-46.04,10.));
#12890=CARTESIAN_POINT('Origin',(261.975,-48.29,10.));
#12891=CARTESIAN_POINT('',(271.1925,-44.94,10.));
#12892=CARTESIAN_POINT('Origin',(257.96,-108.54,9.));
#12893=CARTESIAN_POINT('',(257.96,-109.94,4.));
#12894=CARTESIAN_POINT('',(257.96,-109.94,9.));
#12895=CARTESIAN_POINT('',(257.96,-108.54,4.));
#12896=CARTESIAN_POINT('',(257.96,-108.44,4.));
#12897=CARTESIAN_POINT('',(257.96,-108.54,9.));
#12898=CARTESIAN_POINT('Origin',(254.06,-108.54,9.));
#12899=CARTESIAN_POINT('',(254.06,-108.54,4.));
#12900=CARTESIAN_POINT('',(254.01,-108.54,4.));
#12901=CARTESIAN_POINT('',(254.06,-108.54,9.));
#12902=CARTESIAN_POINT('Origin',(254.06,-109.94,9.));
#12903=CARTESIAN_POINT('',(254.06,-109.94,4.));
#12904=CARTESIAN_POINT('',(254.06,-109.94,4.));
#12905=CARTESIAN_POINT('',(254.06,-109.94,9.));
#12906=CARTESIAN_POINT('Origin',(256.01,-109.24,4.));
#12907=CARTESIAN_POINT('',(258.01,-109.94,4.));
#12908=CARTESIAN_POINT('Origin',(243.41,-66.94,10.5));
#12909=CARTESIAN_POINT('',(243.41,-93.94,10.5));
#12910=CARTESIAN_POINT('',(243.41,-93.94,10.5));
#12911=CARTESIAN_POINT('',(243.41,-66.94,10.5));
#12912=CARTESIAN_POINT('',(243.41,-72.19,10.5));
#12913=CARTESIAN_POINT('',(243.41,-66.94,10.5));
#12914=CARTESIAN_POINT('Origin',(195.91,-66.94,10.5));
#12915=CARTESIAN_POINT('',(195.91,-66.94,10.5));
#12916=CARTESIAN_POINT('',(217.16,-66.94,10.5));
#12917=CARTESIAN_POINT('',(195.91,-66.94,10.5));
#12918=CARTESIAN_POINT('Origin',(195.91,-93.94,10.5));
#12919=CARTESIAN_POINT('',(195.91,-93.94,10.5));
#12920=CARTESIAN_POINT('',(195.91,-85.69,10.5));
#12921=CARTESIAN_POINT('',(195.91,-93.94,10.5));
#12922=CARTESIAN_POINT('Origin',(243.41,-93.94,10.5));
#12923=CARTESIAN_POINT('',(240.91,-93.94,10.5));
#12924=CARTESIAN_POINT('Origin',(196.41,-106.94,9.));
#12925=CARTESIAN_POINT('',(196.41,-109.94,10.5));
#12926=CARTESIAN_POINT('',(196.41,-109.94,9.));
#12927=CARTESIAN_POINT('',(193.41,-106.94,10.5));
#12928=CARTESIAN_POINT('Origin',(196.41,-106.94,10.5));
#12929=CARTESIAN_POINT('',(193.41,-106.94,9.));
#12930=CARTESIAN_POINT('Origin',(193.41,-47.94,9.));
#12931=CARTESIAN_POINT('',(193.41,-47.94,10.5));
#12932=CARTESIAN_POINT('',(193.41,-47.94,10.5));
#12933=CARTESIAN_POINT('',(193.41,-47.94,9.));
#12934=CARTESIAN_POINT('Origin',(196.41,-47.94,9.));
#12935=CARTESIAN_POINT('',(196.41,-44.94,10.5));
#12936=CARTESIAN_POINT('Origin',(196.41,-47.94,10.5));
#12937=CARTESIAN_POINT('',(196.41,-44.94,9.));
#12938=CARTESIAN_POINT('Origin',(280.409999999999,-44.94,9.));
#12939=CARTESIAN_POINT('',(280.409999999999,-44.94,10.5));
#12940=CARTESIAN_POINT('',(280.409999999999,-44.94,10.5));
#12941=CARTESIAN_POINT('',(280.409999999999,-44.94,9.));
#12942=CARTESIAN_POINT('Origin',(280.409999999999,-47.94,9.));
#12943=CARTESIAN_POINT('',(283.409999999999,-47.94,10.5));
#12944=CARTESIAN_POINT('Origin',(280.409999999999,-47.94,10.5));
#12945=CARTESIAN_POINT('',(283.409999999999,-47.94,9.));
#12946=CARTESIAN_POINT('Origin',(283.409999999999,-106.94,9.));
#12947=CARTESIAN_POINT('',(283.409999999999,-106.94,10.5));
#12948=CARTESIAN_POINT('',(283.409999999999,-106.94,10.5));
#12949=CARTESIAN_POINT('',(283.409999999999,-106.94,9.));
#12950=CARTESIAN_POINT('Origin',(280.409999999999,-106.94,9.));
#12951=CARTESIAN_POINT('',(280.409999999999,-109.94,10.5));
#12952=CARTESIAN_POINT('Origin',(280.409999999999,-106.94,10.5));
#12953=CARTESIAN_POINT('',(280.409999999999,-109.94,9.));
#12954=CARTESIAN_POINT('Origin',(196.41,-109.94,9.));
#12955=CARTESIAN_POINT('',(196.41,-109.94,10.5));
#12956=CARTESIAN_POINT('Origin',(238.41,-77.44,10.5));
#12957=CARTESIAN_POINT('Origin',(228.41,-46.74,4.425));
#12958=CARTESIAN_POINT('',(228.41,-46.34,3.6));
#12959=CARTESIAN_POINT('',(228.41,-46.34,5.25));
#12960=CARTESIAN_POINT('',(228.41,-46.34,2.2125));
#12961=CARTESIAN_POINT('',(228.41,-47.14,4.45));
#12962=CARTESIAN_POINT('',(228.41,-47.14,4.45));
#12963=CARTESIAN_POINT('Origin',(228.41,-47.14,5.25));
#12964=CARTESIAN_POINT('Origin',(238.41,-46.34,3.6));
#12965=CARTESIAN_POINT('',(248.41,-47.14,4.45));
#12966=CARTESIAN_POINT('',(238.41,-47.14,4.45));
#12967=CARTESIAN_POINT('',(248.41,-46.34,3.6));
#12968=CARTESIAN_POINT('',(216.61,-46.34,3.60000000000002));
#12969=CARTESIAN_POINT('',(248.41,-47.14,4.45));
#12970=CARTESIAN_POINT('Origin',(248.41,-46.74,4.425));
#12971=CARTESIAN_POINT('',(248.41,-46.34,5.25));
#12972=CARTESIAN_POINT('',(248.41,-46.34,2.2125));
#12973=CARTESIAN_POINT('Origin',(248.41,-47.14,5.25));
#12974=CARTESIAN_POINT('Origin',(228.41,-46.640000000001,6.79688988128983));
#12975=CARTESIAN_POINT('',(228.41,-46.34,8.34377976257966));
#12976=CARTESIAN_POINT('',(228.41,-46.34,3.39844494064491));
#12977=CARTESIAN_POINT('',(228.41,-46.94,6.02459666924948));
#12978=CARTESIAN_POINT('Origin',(228.41,-47.14,5.25));
#12979=CARTESIAN_POINT('',(228.41,-46.94,6.46877976257966));
#12980=CARTESIAN_POINT('',(228.41,-46.94,6.46877976257966));
#12981=CARTESIAN_POINT('',(228.41,-46.94,6.46877976257966));
#12982=CARTESIAN_POINT('Origin',(238.41,-46.94,6.46877976257966));
#12983=CARTESIAN_POINT('',(248.41,-46.34,8.34377976257966));
#12984=CARTESIAN_POINT('',(216.61,-46.34,8.34377976257961));
#12985=CARTESIAN_POINT('',(248.41,-46.94,6.46877976257966));
#12986=CARTESIAN_POINT('',(238.41,-46.94,6.46877976257966));
#12987=CARTESIAN_POINT('',(248.41,-46.94,6.46877976257966));
#12988=CARTESIAN_POINT('Origin',(238.41,-46.94,6.02459666924948));
#12989=CARTESIAN_POINT('',(248.41,-46.94,6.02459666924948));
#12990=CARTESIAN_POINT('',(238.41,-46.94,6.02459666924948));
#12991=CARTESIAN_POINT('',(248.41,-46.94,6.46877976257966));
#12992=CARTESIAN_POINT('Origin',(238.41,-47.14,5.25));
#12993=CARTESIAN_POINT('Origin',(248.41,-47.14,5.25));
#12994=CARTESIAN_POINT('Origin',(248.41,-46.640000000001,6.79688988128983));
#12995=CARTESIAN_POINT('',(248.41,-46.34,3.39844494064491));
#12996=CARTESIAN_POINT('Origin',(228.41,-108.14,4.425));
#12997=CARTESIAN_POINT('',(228.41,-108.54,5.25));
#12998=CARTESIAN_POINT('',(228.41,-108.54,3.6));
#12999=CARTESIAN_POINT('',(228.41,-108.54,2.2125));
#13000=CARTESIAN_POINT('',(228.41,-107.74,4.45));
#13001=CARTESIAN_POINT('Origin',(228.41,-107.74,5.25));
#13002=CARTESIAN_POINT('',(228.41,-107.74,4.45));
#13003=CARTESIAN_POINT('Origin',(238.41,-107.74,5.25));
#13004=CARTESIAN_POINT('',(248.41,-107.74,4.45));
#13005=CARTESIAN_POINT('',(248.41,-108.54,5.25));
#13006=CARTESIAN_POINT('Origin',(248.41,-107.74,5.25));
#13007=CARTESIAN_POINT('',(238.41,-107.74,4.45));
#13008=CARTESIAN_POINT('',(228.41,-107.94,6.02459666924948));
#13009=CARTESIAN_POINT('Origin',(228.41,-107.74,5.25));
#13010=CARTESIAN_POINT('',(248.41,-107.94,6.02459666924948));
#13011=CARTESIAN_POINT('',(238.41,-107.94,6.02459666924948));
#13012=CARTESIAN_POINT('Origin',(248.41,-107.74,5.25));
#13013=CARTESIAN_POINT('Origin',(238.41,-108.54,3.6));
#13014=CARTESIAN_POINT('',(248.41,-108.54,3.6));
#13015=CARTESIAN_POINT('',(248.41,-107.74,4.45));
#13016=CARTESIAN_POINT('',(260.209999999999,-108.54,3.60000000000001));
#13017=CARTESIAN_POINT('Origin',(248.41,-108.14,4.425));
#13018=CARTESIAN_POINT('',(248.41,-108.54,2.2125));
#13019=CARTESIAN_POINT('Origin',(228.41,-108.239999999999,6.79688988128983));
#13020=CARTESIAN_POINT('',(228.41,-108.54,8.34377976257966));
#13021=CARTESIAN_POINT('',(228.41,-108.54,3.39844494064491));
#13022=CARTESIAN_POINT('',(228.41,-107.94,6.46877976257966));
#13023=CARTESIAN_POINT('',(228.41,-107.94,6.46877976257966));
#13024=CARTESIAN_POINT('',(228.41,-107.94,6.46877976257966));
#13025=CARTESIAN_POINT('Origin',(238.41,-107.94,6.46877976257966));
#13026=CARTESIAN_POINT('',(248.41,-108.54,8.34377976257966));
#13027=CARTESIAN_POINT('',(260.209999999999,-108.54,8.34377976257961));
#13028=CARTESIAN_POINT('',(248.41,-107.94,6.46877976257966));
#13029=CARTESIAN_POINT('',(248.41,-107.94,6.46877976257966));
#13030=CARTESIAN_POINT('',(238.41,-107.94,6.46877976257966));
#13031=CARTESIAN_POINT('Origin',(238.41,-107.94,6.02459666924948));
#13032=CARTESIAN_POINT('',(248.41,-107.94,6.46877976257966));
#13033=CARTESIAN_POINT('Origin',(248.41,-108.239999999999,6.79688988128983));
#13034=CARTESIAN_POINT('',(248.41,-108.54,3.39844494064491));
#13035=CARTESIAN_POINT('Origin',(267.05,-44.94,3.6));
#13036=CARTESIAN_POINT('',(267.05,-46.34,9.));
#13037=CARTESIAN_POINT('',(267.05,-46.34,3.6));
#13038=CARTESIAN_POINT('',(267.05,-46.34,1.80000000000071));
#13039=CARTESIAN_POINT('',(267.05,-44.94,9.));
#13040=CARTESIAN_POINT('',(267.05,-67.915,9.));
#13041=CARTESIAN_POINT('',(267.05,-44.94,3.6));
#13042=CARTESIAN_POINT('',(267.05,-44.94,1.80000000000073));
#13043=CARTESIAN_POINT('',(267.05,-44.94,3.6));
#13044=CARTESIAN_POINT('Origin',(256.9,-44.94,3.6));
#13045=CARTESIAN_POINT('',(256.9,-46.34,3.6));
#13046=CARTESIAN_POINT('',(225.855,-46.34,3.6));
#13047=CARTESIAN_POINT('',(256.9,-44.94,3.6));
#13048=CARTESIAN_POINT('',(225.155,-44.94,3.6));
#13049=CARTESIAN_POINT('',(256.9,-44.94,3.6));
#13050=CARTESIAN_POINT('Origin',(256.9,-44.94,9.));
#13051=CARTESIAN_POINT('',(256.9,-46.34,9.));
#13052=CARTESIAN_POINT('',(256.9,-46.34,4.5));
#13053=CARTESIAN_POINT('',(256.9,-44.94,9.));
#13054=CARTESIAN_POINT('',(256.9,-44.94,4.5));
#13055=CARTESIAN_POINT('',(256.9,-67.915,9.));
#13056=CARTESIAN_POINT('Origin',(193.41,-44.94,0.));
#13057=CARTESIAN_POINT('',(280.409999999999,-44.94,9.));
#13058=CARTESIAN_POINT('',(193.41,-44.94,9.));
#13059=CARTESIAN_POINT('',(280.409999999999,-44.94,6.70388184558478));
#13060=CARTESIAN_POINT('',(280.409999999999,-44.94,0.));
#13061=CARTESIAN_POINT('',(280.230365384221,-44.94,7.39912027120595));
#13062=CARTESIAN_POINT('Ctrl Pts',(280.409999999999,-44.94,6.70388184558478));
#13063=CARTESIAN_POINT('Ctrl Pts',(280.403400673299,-44.94,6.76352269650237));
#13064=CARTESIAN_POINT('Ctrl Pts',(280.36903980761,-44.94,7.00002482704726));
#13065=CARTESIAN_POINT('Ctrl Pts',(280.289770380246,-44.94,7.22815678208964));
#13066=CARTESIAN_POINT('Ctrl Pts',(280.230365384221,-44.94,7.39912027120595));
#13067=CARTESIAN_POINT('',(279.814770024121,-44.94,8.01109576225285));
#13068=CARTESIAN_POINT('Ctrl Pts',(280.230365384221,-44.94,7.39912027120595));
#13069=CARTESIAN_POINT('Ctrl Pts',(280.174858949326,-44.94,7.51000504964772));
#13070=CARTESIAN_POINT('Ctrl Pts',(280.063509909869,-44.94,7.73244617009211));
#13071=CARTESIAN_POINT('Ctrl Pts',(279.897850031858,-44.94,7.9180258060495));
#13072=CARTESIAN_POINT('Ctrl Pts',(279.814770024121,-44.94,8.01109576225285));
#13073=CARTESIAN_POINT('',(279.237807940543,-44.94,8.41299021244053));
#13074=CARTESIAN_POINT('Ctrl Pts',(279.814770024121,-44.94,8.01109576225285));
#13075=CARTESIAN_POINT('Ctrl Pts',(279.726394555892,-44.94,8.09494623439923));
#13076=CARTESIAN_POINT('Ctrl Pts',(279.554345036733,-44.94,8.25818648311469));
#13077=CARTESIAN_POINT('Ctrl Pts',(279.34138048608,-44.94,8.36233764597096));
#13078=CARTESIAN_POINT('Ctrl Pts',(279.237807940543,-44.94,8.41299021244053));
#13079=CARTESIAN_POINT('',(278.275697182715,-44.94,8.58958029747014));
#13080=CARTESIAN_POINT('Ctrl Pts',(279.237807940543,-44.94,8.41299021244053));
#13081=CARTESIAN_POINT('Ctrl Pts',(279.089493404726,-44.94,8.46446394040422));
#13082=CARTESIAN_POINT('Ctrl Pts',(278.778067672699,-44.94,8.57254669387815));
#13083=CARTESIAN_POINT('Ctrl Pts',(278.448375528037,-44.94,8.5837253865194));
#13084=CARTESIAN_POINT('Ctrl Pts',(278.275697182715,-44.94,8.58958029747014));
#13085=CARTESIAN_POINT('',(276.697043429911,-44.94,7.97760450840001));
#13086=CARTESIAN_POINT('Ctrl Pts',(278.275697182715,-44.94,8.58958029747014));
#13087=CARTESIAN_POINT('Ctrl Pts',(277.96780095589,-44.94,8.56857781301558));
#13088=CARTESIAN_POINT('Ctrl Pts',(277.37649041396,-44.94,8.5282428255012));
#13089=CARTESIAN_POINT('Ctrl Pts',(276.917186941423,-44.94,8.15601350210447));
#13090=CARTESIAN_POINT('Ctrl Pts',(276.697043429911,-44.94,7.97760450840001));
#13091=CARTESIAN_POINT('',(276.104858171046,-44.94,6.27564275264744));
#13092=CARTESIAN_POINT('Ctrl Pts',(276.697043429911,-44.94,7.97760450840001));
#13093=CARTESIAN_POINT('Ctrl Pts',(276.524539732031,-44.94,7.74266537448517));
#13094=CARTESIAN_POINT('Ctrl Pts',(276.154142559427,-44.94,7.23820783528237));
#13095=CARTESIAN_POINT('Ctrl Pts',(276.122020267435,-44.94,6.61083276456484));
#13096=CARTESIAN_POINT('Ctrl Pts',(276.104858171046,-44.94,6.27564275264744));
#13097=CARTESIAN_POINT('',(276.692476522029,-44.94,4.58433711528782));
#13098=CARTESIAN_POINT('Ctrl Pts',(276.104858171046,-44.94,6.27564275264744));
#13099=CARTESIAN_POINT('Ctrl Pts',(276.122005818075,-44.94,5.94302102862344));
#13100=CARTESIAN_POINT('Ctrl Pts',(276.154130560806,-44.94,5.31988088041825));
#13101=CARTESIAN_POINT('Ctrl Pts',(276.521297237944,-44.94,4.81821990478966));
#13102=CARTESIAN_POINT('Ctrl Pts',(276.692476522029,-44.94,4.58433711528782));
#13103=CARTESIAN_POINT('',(278.263518463672,-44.94,3.97388362884526));
#13104=CARTESIAN_POINT('Ctrl Pts',(276.692476522029,-44.94,4.58433711528782));
#13105=CARTESIAN_POINT('Ctrl Pts',(276.911222968114,-44.94,4.40637428380964));
#13106=CARTESIAN_POINT('Ctrl Pts',(277.367885445088,-44.94,4.03485305964));
#13107=CARTESIAN_POINT('Ctrl Pts',(277.956734636498,-44.94,3.99476766832539));
#13108=CARTESIAN_POINT('Ctrl Pts',(278.263518463672,-44.94,3.97388362884526));
#13109=CARTESIAN_POINT('',(279.846738900841,-44.94,4.5812925100327));
#13110=CARTESIAN_POINT('Ctrl Pts',(278.263518463672,-44.94,3.97388362884526));
#13111=CARTESIAN_POINT('Ctrl Pts',(278.573357331048,-44.94,3.99418510720208));
#13112=CARTESIAN_POINT('Ctrl Pts',(279.16571678518,-44.94,4.03299809648044));
#13113=CARTESIAN_POINT('Ctrl Pts',(279.626819873411,-44.94,4.40423456815277));
#13114=CARTESIAN_POINT('Ctrl Pts',(279.846738900841,-44.94,4.5812925100327));
#13115=CARTESIAN_POINT('',(280.409999999999,-44.94,5.89004137113786));
#13116=CARTESIAN_POINT('Ctrl Pts',(279.846738900841,-44.94,4.5812925100327));
#13117=CARTESIAN_POINT('Ctrl Pts',(280.017936608844,-44.94,4.81306134598421));
#13118=CARTESIAN_POINT('Ctrl Pts',(280.311569232143,-44.94,5.21058355637394));
#13119=CARTESIAN_POINT('Ctrl Pts',(280.39080556198,-44.94,5.68652565312125));
#13120=CARTESIAN_POINT('Ctrl Pts',(280.409999999999,-44.94,5.89004137113786));
#13121=CARTESIAN_POINT('',(280.409999999999,-44.94,-1.5));
#13122=CARTESIAN_POINT('',(280.409999999999,-44.94,0.));
#13123=CARTESIAN_POINT('',(196.41,-44.94,-1.5));
#13124=CARTESIAN_POINT('',(193.41,-44.94,-1.5));
#13125=CARTESIAN_POINT('',(196.41,-44.94,9.));
#13126=CARTESIAN_POINT('',(196.41,-44.94,0.));
#13127=CARTESIAN_POINT('',(193.41,-44.94,9.));
#13128=CARTESIAN_POINT('',(274.491190861762,-44.94,5.9468200206757));
#13129=CARTESIAN_POINT('',(274.491190861762,-44.94,4.04999995231633));
#13130=CARTESIAN_POINT('',(274.491190861762,-44.94,2.97341001033785));
#13131=CARTESIAN_POINT('',(275.392408918441,-44.94,4.04999995231633));
#13132=CARTESIAN_POINT('',(233.950595430881,-44.94,4.04999995231633));
#13133=CARTESIAN_POINT('',(275.392408918441,-44.94,8.51346367597584));
#13134=CARTESIAN_POINT('',(275.392408918441,-44.94,2.02499997615816));
#13135=CARTESIAN_POINT('',(272.332531165183,-44.94,8.51346367597584));
#13136=CARTESIAN_POINT('',(234.40120445922,-44.94,8.51346367597584));
#13137=CARTESIAN_POINT('',(272.332531165183,-44.94,7.75838935375218));
#13138=CARTESIAN_POINT('',(272.332531165183,-44.94,4.25673183798792));
#13139=CARTESIAN_POINT('',(274.491190861762,-44.94,7.75838935375218));
#13140=CARTESIAN_POINT('',(232.871265582591,-44.94,7.75838935375218));
#13141=CARTESIAN_POINT('',(274.491190861762,-44.94,6.70189434289937));
#13142=CARTESIAN_POINT('',(274.491190861762,-44.94,3.87919467687609));
#13143=CARTESIAN_POINT('',(272.627862643302,-44.94,6.70189434289937));
#13144=CARTESIAN_POINT('',(233.950595430881,-44.94,6.70189434289937));
#13145=CARTESIAN_POINT('',(272.627862643302,-44.94,5.9468200206757));
#13146=CARTESIAN_POINT('',(272.627862643302,-44.94,3.35094717144968));
#13147=CARTESIAN_POINT('',(233.018931321651,-44.94,5.9468200206757));
#13148=CARTESIAN_POINT('',(270.679283093512,-44.94,5.9468200206757));
#13149=CARTESIAN_POINT('',(270.679283093512,-44.94,4.04999995231633));
#13150=CARTESIAN_POINT('',(270.679283093512,-44.94,2.97341001033785));
#13151=CARTESIAN_POINT('',(271.580501150191,-44.94,4.04999995231633));
#13152=CARTESIAN_POINT('',(232.044641546756,-44.94,4.04999995231633));
#13153=CARTESIAN_POINT('',(271.580501150191,-44.94,8.51346367597584));
#13154=CARTESIAN_POINT('',(271.580501150191,-44.94,2.02499997615816));
#13155=CARTESIAN_POINT('',(268.520623396933,-44.94,8.51346367597584));
#13156=CARTESIAN_POINT('',(232.495250575096,-44.94,8.51346367597584));
#13157=CARTESIAN_POINT('',(268.520623396933,-44.94,7.75838935375218));
#13158=CARTESIAN_POINT('',(268.520623396933,-44.94,4.25673183798792));
#13159=CARTESIAN_POINT('',(270.679283093512,-44.94,7.75838935375218));
#13160=CARTESIAN_POINT('',(230.965311698467,-44.94,7.75838935375218));
#13161=CARTESIAN_POINT('',(270.679283093512,-44.94,6.70189434289937));
#13162=CARTESIAN_POINT('',(270.679283093512,-44.94,3.87919467687609));
#13163=CARTESIAN_POINT('',(268.815954875052,-44.94,6.70189434289937));
#13164=CARTESIAN_POINT('',(232.044641546756,-44.94,6.70189434289937));
#13165=CARTESIAN_POINT('',(268.815954875052,-44.94,5.9468200206757));
#13166=CARTESIAN_POINT('',(268.815954875052,-44.94,3.35094717144968));
#13167=CARTESIAN_POINT('',(231.112977437526,-44.94,5.9468200206757));
#13168=CARTESIAN_POINT('',(253.638349722922,-44.94,3.97388362884526));
#13169=CARTESIAN_POINT('',(255.221570681632,-44.94,4.5812925100327));
#13170=CARTESIAN_POINT('Ctrl Pts',(253.638349722922,-44.94,3.97388362884526));
#13171=CARTESIAN_POINT('Ctrl Pts',(253.948188978757,-44.94,3.99418501084116));
#13172=CARTESIAN_POINT('Ctrl Pts',(254.540548706281,-44.94,4.03299778514584));
#13173=CARTESIAN_POINT('Ctrl Pts',(255.001651828879,-44.94,4.40423457176985));
#13174=CARTESIAN_POINT('Ctrl Pts',(255.221570681632,-44.94,4.5812925100327));
#13175=CARTESIAN_POINT('',(255.809189032615,-44.94,6.25432991981511));
#13176=CARTESIAN_POINT('Ctrl Pts',(255.221570681632,-44.94,4.5812925100327));
#13177=CARTESIAN_POINT('Ctrl Pts',(255.392768676954,-44.94,4.81306131371018));
#13178=CARTESIAN_POINT('Ctrl Pts',(255.758744680443,-44.94,5.30852167435046));
#13179=CARTESIAN_POINT('Ctrl Pts',(255.791667177692,-44.94,5.9258032533446));
#13180=CARTESIAN_POINT('Ctrl Pts',(255.809189032615,-44.94,6.25432991981511));
#13181=CARTESIAN_POINT('',(255.605198096335,-44.94,7.39912027120595));
#13182=CARTESIAN_POINT('Ctrl Pts',(255.809189032615,-44.94,6.25432991981511));
#13183=CARTESIAN_POINT('Ctrl Pts',(255.803617549984,-44.94,6.46552621767237));
#13184=CARTESIAN_POINT('Ctrl Pts',(255.793267360983,-44.94,6.85786731326098));
#13185=CARTESIAN_POINT('Ctrl Pts',(255.664602816314,-44.94,7.22815676760372));
#13186=CARTESIAN_POINT('Ctrl Pts',(255.605198096335,-44.94,7.39912027120595));
#13187=CARTESIAN_POINT('',(255.18960113436,-44.94,8.01109576225285));
#13188=CARTESIAN_POINT('Ctrl Pts',(255.605198096335,-44.94,7.39912027120595));
#13189=CARTESIAN_POINT('Ctrl Pts',(255.549691556978,-44.94,7.51000508277893));
#13190=CARTESIAN_POINT('Ctrl Pts',(255.438342224969,-44.94,7.73244643548624));
#13191=CARTESIAN_POINT('Ctrl Pts',(255.272681585518,-44.94,7.91802584876941));
#13192=CARTESIAN_POINT('Ctrl Pts',(255.18960113436,-44.94,8.01109576225285));
#13193=CARTESIAN_POINT('',(254.612640093863,-44.94,8.41299021244053));
#13194=CARTESIAN_POINT('Ctrl Pts',(255.18960113436,-44.94,8.01109576225285));
#13195=CARTESIAN_POINT('Ctrl Pts',(255.101225648804,-44.94,8.09494620124291));
#13196=CARTESIAN_POINT('Ctrl Pts',(254.929176318277,-44.94,8.2581861744305));
#13197=CARTESIAN_POINT('Ctrl Pts',(254.716212259028,-44.94,8.36233759148785));
#13198=CARTESIAN_POINT('Ctrl Pts',(254.612640093863,-44.94,8.41299021244053));
#13199=CARTESIAN_POINT('',(253.650528143943,-44.94,8.58958029747014));
#13200=CARTESIAN_POINT('Ctrl Pts',(254.612640093863,-44.94,8.41299021244053));
#13201=CARTESIAN_POINT('Ctrl Pts',(254.464325208095,-44.94,8.46446394160733));
#13202=CARTESIAN_POINT('Ctrl Pts',(254.152899042762,-44.94,8.57254659296591));
#13203=CARTESIAN_POINT('Ctrl Pts',(253.823206530029,-44.94,8.58372535521577));
#13204=CARTESIAN_POINT('Ctrl Pts',(253.650528143943,-44.94,8.58958029747014));
#13205=CARTESIAN_POINT('',(252.071875285209,-44.94,7.97760450840001));
#13206=CARTESIAN_POINT('Ctrl Pts',(253.650528143943,-44.94,8.58958029747014));
#13207=CARTESIAN_POINT('Ctrl Pts',(253.34263211848,-44.94,8.56857779268579));
#13208=CARTESIAN_POINT('Ctrl Pts',(252.751321863319,-44.94,8.52824275931083));
#13209=CARTESIAN_POINT('Ctrl Pts',(252.292018692521,-44.94,8.15601350280405));
#13210=CARTESIAN_POINT('Ctrl Pts',(252.071875285209,-44.94,7.97760450840001));
#13211=CARTESIAN_POINT('',(251.479691218436,-44.94,6.27564275264744));
#13212=CARTESIAN_POINT('Ctrl Pts',(252.071875285209,-44.94,7.97760450840001));
#13213=CARTESIAN_POINT('Ctrl Pts',(251.899373082736,-44.94,7.74266521192506));
#13214=CARTESIAN_POINT('Ctrl Pts',(251.528978664182,-44.94,7.23820670144678));
#13215=CARTESIAN_POINT('Ctrl Pts',(251.496854391506,-44.94,6.61083260463201));
#13216=CARTESIAN_POINT('Ctrl Pts',(251.479691218436,-44.94,6.27564275264744));
#13217=CARTESIAN_POINT('',(252.067307185233,-44.94,4.58433711528782));
#13218=CARTESIAN_POINT('Ctrl Pts',(251.479691218436,-44.94,6.27564275264744));
#13219=CARTESIAN_POINT('Ctrl Pts',(251.496838736416,-44.94,5.94302109711402));
#13220=CARTESIAN_POINT('Ctrl Pts',(251.528963222469,-44.94,5.31988136652319));
#13221=CARTESIAN_POINT('Ctrl Pts',(251.896128598661,-44.94,4.81821997456776));
#13222=CARTESIAN_POINT('Ctrl Pts',(252.067307185233,-44.94,4.58433711528782));
#13223=CARTESIAN_POINT('Ctrl Pts',(252.067307185233,-44.94,4.58433711528782));
#13224=CARTESIAN_POINT('Ctrl Pts',(252.28605423922,-44.94,4.4063742775723));
#13225=CARTESIAN_POINT('Ctrl Pts',(252.742717244969,-44.94,4.0348536426587));
#13226=CARTESIAN_POINT('Ctrl Pts',(253.331566381566,-44.94,3.99476784756294));
#13227=CARTESIAN_POINT('Ctrl Pts',(253.638349722922,-44.94,3.97388362884526));
#13228=CARTESIAN_POINT('',(249.926916312278,-44.94,6.96068996191029));
#13229=CARTESIAN_POINT('',(249.926916312278,-44.94,4.04999995231633));
#13230=CARTESIAN_POINT('',(249.926916312278,-44.94,3.48034498095515));
#13231=CARTESIAN_POINT('',(250.764197062552,-44.94,4.04999995231633));
#13232=CARTESIAN_POINT('',(221.668458156139,-44.94,4.04999995231633));
#13233=CARTESIAN_POINT('',(250.764197062552,-44.94,8.51346367597584));
#13234=CARTESIAN_POINT('',(250.764197062552,-44.94,2.02499997615816));
#13235=CARTESIAN_POINT('',(249.887336443961,-44.94,8.51346367597584));
#13236=CARTESIAN_POINT('',(222.087098531276,-44.94,8.51346367597584));
#13237=CARTESIAN_POINT('',(248.060544680655,-44.94,5.53274685144429));
#13238=CARTESIAN_POINT('',(240.280295770619,-44.94,-7.16203275672701));
#13239=CARTESIAN_POINT('',(248.060544680655,-44.94,8.51346367597584));
#13240=CARTESIAN_POINT('',(248.060544680655,-44.94,2.76637342572214));
#13241=CARTESIAN_POINT('',(247.223263930381,-44.94,8.51346367597584));
#13242=CARTESIAN_POINT('',(220.735272340328,-44.94,8.51346367597584));
#13243=CARTESIAN_POINT('',(247.223263930381,-44.94,4.04999995231633));
#13244=CARTESIAN_POINT('',(247.223263930381,-44.94,4.25673183798792));
#13245=CARTESIAN_POINT('',(248.127525996268,-44.94,4.04999995231633));
#13246=CARTESIAN_POINT('',(220.31663196519,-44.94,4.04999995231633));
#13247=CARTESIAN_POINT('',(239.657083041869,-44.94,-9.65177084462935));
#13248=CARTESIAN_POINT('Origin',(274.491190861762,-44.94,5.9468200206757));
#13249=CARTESIAN_POINT('',(274.491190861762,-45.34,5.9468200206757));
#13250=CARTESIAN_POINT('',(274.491190861762,-44.94,5.9468200206757));
#13251=CARTESIAN_POINT('',(274.491190861762,-45.34,4.04999995231633));
#13252=CARTESIAN_POINT('',(274.491190861762,-45.34,5.9468200206757));
#13253=CARTESIAN_POINT('',(274.491190861762,-44.94,4.04999995231633));
#13254=CARTESIAN_POINT('Origin',(272.627862643302,-44.94,5.9468200206757));
#13255=CARTESIAN_POINT('',(272.627862643302,-45.34,5.9468200206757));
#13256=CARTESIAN_POINT('',(272.627862643302,-44.94,5.9468200206757));
#13257=CARTESIAN_POINT('',(272.627862643302,-45.34,5.9468200206757));
#13258=CARTESIAN_POINT('Origin',(272.627862643302,-44.94,6.70189434289937));
#13259=CARTESIAN_POINT('',(272.627862643302,-45.34,6.70189434289937));
#13260=CARTESIAN_POINT('',(272.627862643302,-44.94,6.70189434289937));
#13261=CARTESIAN_POINT('',(272.627862643302,-45.34,6.70189434289937));
#13262=CARTESIAN_POINT('Origin',(274.491190861762,-44.94,6.70189434289937));
#13263=CARTESIAN_POINT('',(274.491190861762,-45.34,6.70189434289937));
#13264=CARTESIAN_POINT('',(274.491190861762,-44.94,6.70189434289937));
#13265=CARTESIAN_POINT('',(274.491190861762,-45.34,6.70189434289937));
#13266=CARTESIAN_POINT('Origin',(274.491190861762,-44.94,7.75838935375218));
#13267=CARTESIAN_POINT('',(274.491190861762,-45.34,7.75838935375218));
#13268=CARTESIAN_POINT('',(274.491190861762,-44.94,7.75838935375218));
#13269=CARTESIAN_POINT('',(274.491190861762,-45.34,7.75838935375218));
#13270=CARTESIAN_POINT('Origin',(272.332531165183,-44.94,7.75838935375218));
#13271=CARTESIAN_POINT('',(272.332531165183,-45.34,7.75838935375218));
#13272=CARTESIAN_POINT('',(272.332531165183,-44.94,7.75838935375218));
#13273=CARTESIAN_POINT('',(272.332531165183,-45.34,7.75838935375218));
#13274=CARTESIAN_POINT('Origin',(272.332531165183,-44.94,8.51346367597584));
#13275=CARTESIAN_POINT('',(272.332531165183,-45.34,8.51346367597584));
#13276=CARTESIAN_POINT('',(272.332531165183,-44.94,8.51346367597584));
#13277=CARTESIAN_POINT('',(272.332531165183,-45.34,8.51346367597584));
#13278=CARTESIAN_POINT('Origin',(275.392408918441,-44.94,8.51346367597584));
#13279=CARTESIAN_POINT('',(275.392408918441,-45.34,8.51346367597584));
#13280=CARTESIAN_POINT('',(275.392408918441,-44.94,8.51346367597584));
#13281=CARTESIAN_POINT('',(275.392408918441,-45.34,8.51346367597584));
#13282=CARTESIAN_POINT('Origin',(275.392408918441,-44.94,4.04999995231633));
#13283=CARTESIAN_POINT('',(275.392408918441,-45.34,4.04999995231633));
#13284=CARTESIAN_POINT('',(275.392408918441,-44.94,4.04999995231633));
#13285=CARTESIAN_POINT('',(275.392408918441,-45.34,4.04999995231633));
#13286=CARTESIAN_POINT('Origin',(274.491190861762,-44.94,4.04999995231633));
#13287=CARTESIAN_POINT('',(274.491190861762,-45.34,4.04999995231633));
#13288=CARTESIAN_POINT('Origin',(263.828810591102,-45.34,6.2817319631577));
#13289=CARTESIAN_POINT('Origin',(270.679283093512,-44.94,5.9468200206757));
#13290=CARTESIAN_POINT('',(270.679283093512,-45.34,5.9468200206757));
#13291=CARTESIAN_POINT('',(270.679283093512,-44.94,5.9468200206757));
#13292=CARTESIAN_POINT('',(270.679283093512,-45.34,4.04999995231633));
#13293=CARTESIAN_POINT('',(270.679283093512,-45.34,5.9468200206757));
#13294=CARTESIAN_POINT('',(270.679283093512,-44.94,4.04999995231633));
#13295=CARTESIAN_POINT('Origin',(268.815954875052,-44.94,5.9468200206757));
#13296=CARTESIAN_POINT('',(268.815954875052,-45.34,5.9468200206757));
#13297=CARTESIAN_POINT('',(268.815954875052,-44.94,5.9468200206757));
#13298=CARTESIAN_POINT('',(268.815954875052,-45.34,5.9468200206757));
#13299=CARTESIAN_POINT('Origin',(268.815954875052,-44.94,6.70189434289937));
#13300=CARTESIAN_POINT('',(268.815954875052,-45.34,6.70189434289937));
#13301=CARTESIAN_POINT('',(268.815954875052,-44.94,6.70189434289937));
#13302=CARTESIAN_POINT('',(268.815954875052,-45.34,6.70189434289937));
#13303=CARTESIAN_POINT('Origin',(270.679283093512,-44.94,6.70189434289937));
#13304=CARTESIAN_POINT('',(270.679283093512,-45.34,6.70189434289937));
#13305=CARTESIAN_POINT('',(270.679283093512,-44.94,6.70189434289937));
#13306=CARTESIAN_POINT('',(270.679283093512,-45.34,6.70189434289937));
#13307=CARTESIAN_POINT('Origin',(270.679283093512,-44.94,7.75838935375218));
#13308=CARTESIAN_POINT('',(270.679283093512,-45.34,7.75838935375218));
#13309=CARTESIAN_POINT('',(270.679283093512,-44.94,7.75838935375218));
#13310=CARTESIAN_POINT('',(270.679283093512,-45.34,7.75838935375218));
#13311=CARTESIAN_POINT('Origin',(268.520623396933,-44.94,7.75838935375218));
#13312=CARTESIAN_POINT('',(268.520623396933,-45.34,7.75838935375218));
#13313=CARTESIAN_POINT('',(268.520623396933,-44.94,7.75838935375218));
#13314=CARTESIAN_POINT('',(268.520623396933,-45.34,7.75838935375218));
#13315=CARTESIAN_POINT('Origin',(268.520623396933,-44.94,8.51346367597584));
#13316=CARTESIAN_POINT('',(268.520623396933,-45.34,8.51346367597584));
#13317=CARTESIAN_POINT('',(268.520623396933,-44.94,8.51346367597584));
#13318=CARTESIAN_POINT('',(268.520623396933,-45.34,8.51346367597584));
#13319=CARTESIAN_POINT('Origin',(271.580501150191,-44.94,8.51346367597584));
#13320=CARTESIAN_POINT('',(271.580501150191,-45.34,8.51346367597584));
#13321=CARTESIAN_POINT('',(271.580501150191,-44.94,8.51346367597584));
#13322=CARTESIAN_POINT('',(271.580501150191,-45.34,8.51346367597584));
#13323=CARTESIAN_POINT('Origin',(271.580501150191,-44.94,4.04999995231633));
#13324=CARTESIAN_POINT('',(271.580501150191,-45.34,4.04999995231633));
#13325=CARTESIAN_POINT('',(271.580501150191,-44.94,4.04999995231633));
#13326=CARTESIAN_POINT('',(271.580501150191,-45.34,4.04999995231633));
#13327=CARTESIAN_POINT('Origin',(270.679283093512,-44.94,4.04999995231633));
#13328=CARTESIAN_POINT('',(270.679283093512,-45.34,4.04999995231633));
#13329=CARTESIAN_POINT('Origin',(263.828810591102,-45.34,6.2817319631577));
#13330=CARTESIAN_POINT('Ctrl Pts',(253.641394328177,-44.94,7.81928265094761));
#13331=CARTESIAN_POINT('Ctrl Pts',(253.641394328177,-45.34,7.81928265094761));
#13332=CARTESIAN_POINT('Ctrl Pts',(253.816665342763,-44.94,7.80495134843408));
#13333=CARTESIAN_POINT('Ctrl Pts',(253.816665342763,-45.34,7.80495134843408));
#13334=CARTESIAN_POINT('Ctrl Pts',(254.15896773086,-44.94,7.77696247025857));
#13335=CARTESIAN_POINT('Ctrl Pts',(254.15896773086,-45.34,7.77696247025857));
#13336=CARTESIAN_POINT('Ctrl Pts',(254.414753055505,-44.94,7.54860751683172));
#13337=CARTESIAN_POINT('Ctrl Pts',(254.414753055505,-45.34,7.54860751683172));
#13338=CARTESIAN_POINT('Ctrl Pts',(254.539567183554,-44.94,7.43717843294148));
#13339=CARTESIAN_POINT('Ctrl Pts',(254.539567183554,-45.34,7.43717843294148));
#13340=CARTESIAN_POINT('',(253.641394328177,-44.94,7.81928265094761));
#13341=CARTESIAN_POINT('',(254.539567183554,-44.94,7.43717843294148));
#13342=CARTESIAN_POINT('Ctrl Pts',(253.641394328177,-44.94,7.81928265094761));
#13343=CARTESIAN_POINT('Ctrl Pts',(253.816665342763,-44.94,7.80495134843408));
#13344=CARTESIAN_POINT('Ctrl Pts',(254.15896773086,-44.94,7.77696247025857));
#13345=CARTESIAN_POINT('Ctrl Pts',(254.414753055505,-44.94,7.54860751683172));
#13346=CARTESIAN_POINT('Ctrl Pts',(254.539567183554,-44.94,7.43717843294148));
#13347=CARTESIAN_POINT('',(253.641394328177,-45.34,7.81928265094761));
#13348=CARTESIAN_POINT('',(253.641394328177,-44.94,7.81928265094761));
#13349=CARTESIAN_POINT('',(254.539567183554,-45.34,7.43717843294148));
#13350=CARTESIAN_POINT('Ctrl Pts',(253.641394328177,-45.34,7.81928265094761));
#13351=CARTESIAN_POINT('Ctrl Pts',(253.816665342763,-45.34,7.80495134843408));
#13352=CARTESIAN_POINT('Ctrl Pts',(254.15896773086,-45.34,7.77696247025857));
#13353=CARTESIAN_POINT('Ctrl Pts',(254.414753055505,-45.34,7.54860751683172));
#13354=CARTESIAN_POINT('Ctrl Pts',(254.539567183554,-45.34,7.43717843294148));
#13355=CARTESIAN_POINT('',(254.539567183554,-44.94,7.43717843294148));
#13356=CARTESIAN_POINT('Ctrl Pts',(252.747789572776,-44.94,7.44174534082417));
#13357=CARTESIAN_POINT('Ctrl Pts',(252.747789572776,-45.34,7.44174534082417));
#13358=CARTESIAN_POINT('Ctrl Pts',(252.871578228613,-44.94,7.55183696104948));
#13359=CARTESIAN_POINT('Ctrl Pts',(252.871578228613,-45.34,7.55183696104948));
#13360=CARTESIAN_POINT('Ctrl Pts',(253.126205010797,-44.94,7.77828965830155));
#13361=CARTESIAN_POINT('Ctrl Pts',(253.126205010797,-45.34,7.77828965830155));
#13362=CARTESIAN_POINT('Ctrl Pts',(253.466523922316,-44.94,7.80536842365357));
#13363=CARTESIAN_POINT('Ctrl Pts',(253.466523922316,-45.34,7.80536842365357));
#13364=CARTESIAN_POINT('Ctrl Pts',(253.641394328177,-44.94,7.81928265094761));
#13365=CARTESIAN_POINT('Ctrl Pts',(253.641394328177,-45.34,7.81928265094761));
#13366=CARTESIAN_POINT('',(252.747789572776,-44.94,7.44174534082417));
#13367=CARTESIAN_POINT('Ctrl Pts',(252.747789572776,-44.94,7.44174534082417));
#13368=CARTESIAN_POINT('Ctrl Pts',(252.871578228613,-44.94,7.55183696104948));
#13369=CARTESIAN_POINT('Ctrl Pts',(253.126205010797,-44.94,7.77828965830155));
#13370=CARTESIAN_POINT('Ctrl Pts',(253.466523922316,-44.94,7.80536842365357));
#13371=CARTESIAN_POINT('Ctrl Pts',(253.641394328177,-44.94,7.81928265094761));
#13372=CARTESIAN_POINT('',(252.747789572776,-45.34,7.44174534082417));
#13373=CARTESIAN_POINT('',(252.747789572776,-44.94,7.44174534082417));
#13374=CARTESIAN_POINT('Ctrl Pts',(252.747789572776,-45.34,7.44174534082417));
#13375=CARTESIAN_POINT('Ctrl Pts',(252.871578228613,-45.34,7.55183696104948));
#13376=CARTESIAN_POINT('Ctrl Pts',(253.126205010797,-45.34,7.77828965830155));
#13377=CARTESIAN_POINT('Ctrl Pts',(253.466523922316,-45.34,7.80536842365357));
#13378=CARTESIAN_POINT('Ctrl Pts',(253.641394328177,-45.34,7.81928265094761));
#13379=CARTESIAN_POINT('Ctrl Pts',(252.41135473162,-44.94,6.29695498943333));
#13380=CARTESIAN_POINT('Ctrl Pts',(252.41135473162,-45.34,6.29695498943333));
#13381=CARTESIAN_POINT('Ctrl Pts',(252.417812260824,-44.94,6.52706166188674));
#13382=CARTESIAN_POINT('Ctrl Pts',(252.417812260824,-45.34,6.52706166188674));
#13383=CARTESIAN_POINT('Ctrl Pts',(252.429414418677,-44.94,6.94049129614001));
#13384=CARTESIAN_POINT('Ctrl Pts',(252.429414418677,-45.34,6.94049129614001));
#13385=CARTESIAN_POINT('Ctrl Pts',(252.64998442438,-44.94,7.28775962430878));
#13386=CARTESIAN_POINT('Ctrl Pts',(252.64998442438,-45.34,7.28775962430878));
#13387=CARTESIAN_POINT('Ctrl Pts',(252.747789572776,-44.94,7.44174534082417));
#13388=CARTESIAN_POINT('Ctrl Pts',(252.747789572776,-45.34,7.44174534082417));
#13389=CARTESIAN_POINT('',(252.41135473162,-44.94,6.29695498943333));
#13390=CARTESIAN_POINT('Ctrl Pts',(252.41135473162,-44.94,6.29695498943333));
#13391=CARTESIAN_POINT('Ctrl Pts',(252.417812260824,-44.94,6.52706166188674));
#13392=CARTESIAN_POINT('Ctrl Pts',(252.429414418677,-44.94,6.94049129614001));
#13393=CARTESIAN_POINT('Ctrl Pts',(252.64998442438,-44.94,7.28775962430878));
#13394=CARTESIAN_POINT('Ctrl Pts',(252.747789572776,-44.94,7.44174534082417));
#13395=CARTESIAN_POINT('',(252.41135473162,-45.34,6.29695498943333));
#13396=CARTESIAN_POINT('',(252.41135473162,-44.94,6.29695498943333));
#13397=CARTESIAN_POINT('Ctrl Pts',(252.41135473162,-45.34,6.29695498943333));
#13398=CARTESIAN_POINT('Ctrl Pts',(252.417812260824,-45.34,6.52706166188674));
#13399=CARTESIAN_POINT('Ctrl Pts',(252.429414418677,-45.34,6.94049129614001));
#13400=CARTESIAN_POINT('Ctrl Pts',(252.64998442438,-45.34,7.28775962430878));
#13401=CARTESIAN_POINT('Ctrl Pts',(252.747789572776,-45.34,7.44174534082417));
#13402=CARTESIAN_POINT('Ctrl Pts',(252.756923388541,-44.94,5.13237440586094));
#13403=CARTESIAN_POINT('Ctrl Pts',(252.756923388541,-45.34,5.13237440586094));
#13404=CARTESIAN_POINT('Ctrl Pts',(252.656441962814,-44.94,5.28963126434547));
#13405=CARTESIAN_POINT('Ctrl Pts',(252.656441962814,-45.34,5.28963126434547));
#13406=CARTESIAN_POINT('Ctrl Pts',(252.430877418113,-44.94,5.64264747036085));
#13407=CARTESIAN_POINT('Ctrl Pts',(252.430877418113,-45.34,5.64264747036085));
#13408=CARTESIAN_POINT('Ctrl Pts',(252.418318869044,-44.94,6.06355025376234));
#13409=CARTESIAN_POINT('Ctrl Pts',(252.418318869044,-45.34,6.06355025376234));
#13410=CARTESIAN_POINT('Ctrl Pts',(252.41135473162,-44.94,6.29695498943333));
#13411=CARTESIAN_POINT('Ctrl Pts',(252.41135473162,-45.34,6.29695498943333));
#13412=CARTESIAN_POINT('',(252.756923388541,-44.94,5.13237440586094));
#13413=CARTESIAN_POINT('Ctrl Pts',(252.756923388541,-44.94,5.13237440586094));
#13414=CARTESIAN_POINT('Ctrl Pts',(252.656441962814,-44.94,5.28963126434547));
#13415=CARTESIAN_POINT('Ctrl Pts',(252.430877418113,-44.94,5.64264747036085));
#13416=CARTESIAN_POINT('Ctrl Pts',(252.418318869044,-44.94,6.06355025376234));
#13417=CARTESIAN_POINT('Ctrl Pts',(252.41135473162,-44.94,6.29695498943333));
#13418=CARTESIAN_POINT('',(252.756923388541,-45.34,5.13237440586094));
#13419=CARTESIAN_POINT('',(252.756923388541,-44.94,5.13237440586094));
#13420=CARTESIAN_POINT('Ctrl Pts',(252.756923388541,-45.34,5.13237440586094));
#13421=CARTESIAN_POINT('Ctrl Pts',(252.656441962814,-45.34,5.28963126434547));
#13422=CARTESIAN_POINT('Ctrl Pts',(252.430877418113,-45.34,5.64264747036085));
#13423=CARTESIAN_POINT('Ctrl Pts',(252.418318869044,-45.34,6.06355025376234));
#13424=CARTESIAN_POINT('Ctrl Pts',(252.41135473162,-45.34,6.29695498943333));
#13425=CARTESIAN_POINT('Ctrl Pts',(253.641394328177,-44.94,4.74418127536778));
#13426=CARTESIAN_POINT('Ctrl Pts',(253.641394328177,-45.34,4.74418127536778));
#13427=CARTESIAN_POINT('Ctrl Pts',(253.470427213581,-44.94,4.75967530561833));
#13428=CARTESIAN_POINT('Ctrl Pts',(253.470427213581,-45.34,4.75967530561833));
#13429=CARTESIAN_POINT('Ctrl Pts',(253.131998488297,-44.94,4.79034567704959));
#13430=CARTESIAN_POINT('Ctrl Pts',(253.131998488297,-45.34,4.79034567704959));
#13431=CARTESIAN_POINT('Ctrl Pts',(252.881082076438,-44.94,5.0191548447121));
#13432=CARTESIAN_POINT('Ctrl Pts',(252.881082076438,-45.34,5.0191548447121));
#13433=CARTESIAN_POINT('Ctrl Pts',(252.756923388541,-44.94,5.13237440586094));
#13434=CARTESIAN_POINT('Ctrl Pts',(252.756923388541,-45.34,5.13237440586094));
#13435=CARTESIAN_POINT('',(253.641394328177,-44.94,4.74418127536778));
#13436=CARTESIAN_POINT('Ctrl Pts',(253.641394328177,-44.94,4.74418127536778));
#13437=CARTESIAN_POINT('Ctrl Pts',(253.470427213581,-44.94,4.75967530561833));
#13438=CARTESIAN_POINT('Ctrl Pts',(253.131998488297,-44.94,4.79034567704959));
#13439=CARTESIAN_POINT('Ctrl Pts',(252.881082076438,-44.94,5.0191548447121));
#13440=CARTESIAN_POINT('Ctrl Pts',(252.756923388541,-44.94,5.13237440586094));
#13441=CARTESIAN_POINT('',(253.641394328177,-45.34,4.74418127536778));
#13442=CARTESIAN_POINT('',(253.641394328177,-44.94,4.74418127536778));
#13443=CARTESIAN_POINT('Ctrl Pts',(253.641394328177,-45.34,4.74418127536778));
#13444=CARTESIAN_POINT('Ctrl Pts',(253.470427213581,-45.34,4.75967530561833));
#13445=CARTESIAN_POINT('Ctrl Pts',(253.131998488297,-45.34,4.79034567704959));
#13446=CARTESIAN_POINT('Ctrl Pts',(252.881082076438,-45.34,5.0191548447121));
#13447=CARTESIAN_POINT('Ctrl Pts',(252.756923388541,-45.34,5.13237440586094));
#13448=CARTESIAN_POINT('Ctrl Pts',(254.530433367789,-44.94,5.13541901111607));
#13449=CARTESIAN_POINT('Ctrl Pts',(254.530433367789,-45.34,5.13541901111607));
#13450=CARTESIAN_POINT('Ctrl Pts',(254.405196477589,-44.94,5.02130980044566));
#13451=CARTESIAN_POINT('Ctrl Pts',(254.405196477589,-45.34,5.02130980044566));
#13452=CARTESIAN_POINT('Ctrl Pts',(254.152842970896,-44.94,4.79137867222517));
#13453=CARTESIAN_POINT('Ctrl Pts',(254.152842970896,-45.34,4.79137867222517));
#13454=CARTESIAN_POINT('Ctrl Pts',(253.812721705485,-44.94,4.75999167262751));
#13455=CARTESIAN_POINT('Ctrl Pts',(253.812721705485,-45.34,4.75999167262751));
#13456=CARTESIAN_POINT('Ctrl Pts',(253.641394328177,-44.94,4.74418127536778));
#13457=CARTESIAN_POINT('Ctrl Pts',(253.641394328177,-45.34,4.74418127536778));
#13458=CARTESIAN_POINT('',(254.530433367789,-44.94,5.13541901111607));
#13459=CARTESIAN_POINT('Ctrl Pts',(254.530433367789,-44.94,5.13541901111607));
#13460=CARTESIAN_POINT('Ctrl Pts',(254.405196477589,-44.94,5.02130980044566));
#13461=CARTESIAN_POINT('Ctrl Pts',(254.152842970896,-44.94,4.79137867222517));
#13462=CARTESIAN_POINT('Ctrl Pts',(253.812721705485,-44.94,4.75999167262751));
#13463=CARTESIAN_POINT('Ctrl Pts',(253.641394328177,-44.94,4.74418127536778));
#13464=CARTESIAN_POINT('',(254.530433367789,-45.34,5.13541901111607));
#13465=CARTESIAN_POINT('',(254.530433367789,-44.94,5.13541901111607));
#13466=CARTESIAN_POINT('Ctrl Pts',(254.530433367789,-45.34,5.13541901111607));
#13467=CARTESIAN_POINT('Ctrl Pts',(254.405196477589,-45.34,5.02130980044566));
#13468=CARTESIAN_POINT('Ctrl Pts',(254.152842970896,-45.34,4.79137867222517));
#13469=CARTESIAN_POINT('Ctrl Pts',(253.812721705485,-45.34,4.75999167262751));
#13470=CARTESIAN_POINT('Ctrl Pts',(253.641394328177,-45.34,4.74418127536778));
#13471=CARTESIAN_POINT('Ctrl Pts',(254.880570124686,-44.94,6.28477656841282));
#13472=CARTESIAN_POINT('Ctrl Pts',(254.880570124686,-45.34,6.28477656841282));
#13473=CARTESIAN_POINT('Ctrl Pts',(254.872802947536,-44.94,6.05568320708811));
#13474=CARTESIAN_POINT('Ctrl Pts',(254.872802947536,-45.34,6.05568320708811));
#13475=CARTESIAN_POINT('Ctrl Pts',(254.858682921928,-44.94,5.63921219500228));
#13476=CARTESIAN_POINT('Ctrl Pts',(254.858682921928,-45.34,5.63921219500228));
#13477=CARTESIAN_POINT('Ctrl Pts',(254.632291058469,-44.94,5.29174888161872));
#13478=CARTESIAN_POINT('Ctrl Pts',(254.632291058469,-45.34,5.29174888161872));
#13479=CARTESIAN_POINT('Ctrl Pts',(254.530433367789,-44.94,5.13541901111607));
#13480=CARTESIAN_POINT('Ctrl Pts',(254.530433367789,-45.34,5.13541901111607));
#13481=CARTESIAN_POINT('',(254.880570124686,-44.94,6.28477656841282));
#13482=CARTESIAN_POINT('Ctrl Pts',(254.880570124686,-44.94,6.28477656841282));
#13483=CARTESIAN_POINT('Ctrl Pts',(254.872802947536,-44.94,6.05568320708811));
#13484=CARTESIAN_POINT('Ctrl Pts',(254.858682921928,-44.94,5.63921219500228));
#13485=CARTESIAN_POINT('Ctrl Pts',(254.632291058469,-44.94,5.29174888161872));
#13486=CARTESIAN_POINT('Ctrl Pts',(254.530433367789,-44.94,5.13541901111607));
#13487=CARTESIAN_POINT('',(254.880570124686,-45.34,6.28477656841282));
#13488=CARTESIAN_POINT('',(254.880570124686,-44.94,6.28477656841282));
#13489=CARTESIAN_POINT('Ctrl Pts',(254.880570124686,-45.34,6.28477656841282));
#13490=CARTESIAN_POINT('Ctrl Pts',(254.872802947536,-45.34,6.05568320708811));
#13491=CARTESIAN_POINT('Ctrl Pts',(254.858682921928,-45.34,5.63921219500228));
#13492=CARTESIAN_POINT('Ctrl Pts',(254.632291058469,-45.34,5.29174888161872));
#13493=CARTESIAN_POINT('Ctrl Pts',(254.530433367789,-45.34,5.13541901111607));
#13494=CARTESIAN_POINT('Ctrl Pts',(254.539567183554,-44.94,7.43717843294148));
#13495=CARTESIAN_POINT('Ctrl Pts',(254.539567183554,-45.34,7.43717843294148));
#13496=CARTESIAN_POINT('Ctrl Pts',(254.638712625409,-44.94,7.28188285143469));
#13497=CARTESIAN_POINT('Ctrl Pts',(254.638712625409,-45.34,7.28188285143469));
#13498=CARTESIAN_POINT('Ctrl Pts',(254.86173593916,-44.94,6.93255226648113));
#13499=CARTESIAN_POINT('Ctrl Pts',(254.86173593916,-45.34,6.93255226648113));
#13500=CARTESIAN_POINT('Ctrl Pts',(254.873844466434,-44.94,6.51609625904221));
#13501=CARTESIAN_POINT('Ctrl Pts',(254.873844466434,-45.34,6.51609625904221));
#13502=CARTESIAN_POINT('Ctrl Pts',(254.880570124686,-44.94,6.28477656841282));
#13503=CARTESIAN_POINT('Ctrl Pts',(254.880570124686,-45.34,6.28477656841282));
#13504=CARTESIAN_POINT('Ctrl Pts',(254.539567183554,-44.94,7.43717843294148));
#13505=CARTESIAN_POINT('Ctrl Pts',(254.638712625409,-44.94,7.28188285143469));
#13506=CARTESIAN_POINT('Ctrl Pts',(254.86173593916,-44.94,6.93255226648113));
#13507=CARTESIAN_POINT('Ctrl Pts',(254.873844466434,-44.94,6.51609625904221));
#13508=CARTESIAN_POINT('Ctrl Pts',(254.880570124686,-44.94,6.28477656841282));
#13509=CARTESIAN_POINT('Ctrl Pts',(254.539567183554,-45.34,7.43717843294148));
#13510=CARTESIAN_POINT('Ctrl Pts',(254.638712625409,-45.34,7.28188285143469));
#13511=CARTESIAN_POINT('Ctrl Pts',(254.86173593916,-45.34,6.93255226648113));
#13512=CARTESIAN_POINT('Ctrl Pts',(254.873844466434,-45.34,6.51609625904221));
#13513=CARTESIAN_POINT('Ctrl Pts',(254.880570124686,-45.34,6.28477656841282));
#13514=CARTESIAN_POINT('Ctrl Pts',(253.638349722922,-44.94,3.97388362884526));
#13515=CARTESIAN_POINT('Ctrl Pts',(253.638349722922,-45.34,3.97388362884526));
#13516=CARTESIAN_POINT('Ctrl Pts',(253.948188978757,-44.94,3.99418501084116));
#13517=CARTESIAN_POINT('Ctrl Pts',(253.948188978757,-45.34,3.99418501084116));
#13518=CARTESIAN_POINT('Ctrl Pts',(254.540548706281,-44.94,4.03299778514584));
#13519=CARTESIAN_POINT('Ctrl Pts',(254.540548706281,-45.34,4.03299778514584));
#13520=CARTESIAN_POINT('Ctrl Pts',(255.001651828879,-44.94,4.40423457176985));
#13521=CARTESIAN_POINT('Ctrl Pts',(255.001651828879,-45.34,4.40423457176985));
#13522=CARTESIAN_POINT('Ctrl Pts',(255.221570681632,-44.94,4.5812925100327));
#13523=CARTESIAN_POINT('Ctrl Pts',(255.221570681632,-45.34,4.5812925100327));
#13524=CARTESIAN_POINT('',(253.638349722922,-45.34,3.97388362884526));
#13525=CARTESIAN_POINT('',(253.638349722922,-44.94,3.97388362884526));
#13526=CARTESIAN_POINT('',(255.221570681632,-45.34,4.5812925100327));
#13527=CARTESIAN_POINT('Ctrl Pts',(253.638349722922,-45.34,3.97388362884526));
#13528=CARTESIAN_POINT('Ctrl Pts',(253.948188978757,-45.34,3.99418501084116));
#13529=CARTESIAN_POINT('Ctrl Pts',(254.540548706281,-45.34,4.03299778514584));
#13530=CARTESIAN_POINT('Ctrl Pts',(255.001651828879,-45.34,4.40423457176985));
#13531=CARTESIAN_POINT('Ctrl Pts',(255.221570681632,-45.34,4.5812925100327));
#13532=CARTESIAN_POINT('',(255.221570681632,-44.94,4.5812925100327));
#13533=CARTESIAN_POINT('Ctrl Pts',(252.067307185233,-44.94,4.58433711528782));
#13534=CARTESIAN_POINT('Ctrl Pts',(252.067307185233,-45.34,4.58433711528782));
#13535=CARTESIAN_POINT('Ctrl Pts',(252.28605423922,-44.94,4.4063742775723));
#13536=CARTESIAN_POINT('Ctrl Pts',(252.28605423922,-45.34,4.4063742775723));
#13537=CARTESIAN_POINT('Ctrl Pts',(252.742717244969,-44.94,4.0348536426587));
#13538=CARTESIAN_POINT('Ctrl Pts',(252.742717244969,-45.34,4.0348536426587));
#13539=CARTESIAN_POINT('Ctrl Pts',(253.331566381566,-44.94,3.99476784756294));
#13540=CARTESIAN_POINT('Ctrl Pts',(253.331566381566,-45.34,3.99476784756294));
#13541=CARTESIAN_POINT('Ctrl Pts',(253.638349722922,-44.94,3.97388362884526));
#13542=CARTESIAN_POINT('Ctrl Pts',(253.638349722922,-45.34,3.97388362884526));
#13543=CARTESIAN_POINT('',(252.067307185233,-45.34,4.58433711528782));
#13544=CARTESIAN_POINT('',(252.067307185233,-44.94,4.58433711528782));
#13545=CARTESIAN_POINT('Ctrl Pts',(252.067307185233,-45.34,4.58433711528782));
#13546=CARTESIAN_POINT('Ctrl Pts',(252.28605423922,-45.34,4.4063742775723));
#13547=CARTESIAN_POINT('Ctrl Pts',(252.742717244969,-45.34,4.0348536426587));
#13548=CARTESIAN_POINT('Ctrl Pts',(253.331566381566,-45.34,3.99476784756294));
#13549=CARTESIAN_POINT('Ctrl Pts',(253.638349722922,-45.34,3.97388362884526));
#13550=CARTESIAN_POINT('Ctrl Pts',(251.479691218436,-44.94,6.27564275264744));
#13551=CARTESIAN_POINT('Ctrl Pts',(251.479691218436,-45.34,6.27564275264744));
#13552=CARTESIAN_POINT('Ctrl Pts',(251.496838736416,-44.94,5.94302109711402));
#13553=CARTESIAN_POINT('Ctrl Pts',(251.496838736416,-45.34,5.94302109711402));
#13554=CARTESIAN_POINT('Ctrl Pts',(251.528963222469,-44.94,5.31988136652319));
#13555=CARTESIAN_POINT('Ctrl Pts',(251.528963222469,-45.34,5.31988136652319));
#13556=CARTESIAN_POINT('Ctrl Pts',(251.896128598661,-44.94,4.81821997456776));
#13557=CARTESIAN_POINT('Ctrl Pts',(251.896128598661,-45.34,4.81821997456776));
#13558=CARTESIAN_POINT('Ctrl Pts',(252.067307185233,-44.94,4.58433711528782));
#13559=CARTESIAN_POINT('Ctrl Pts',(252.067307185233,-45.34,4.58433711528782));
#13560=CARTESIAN_POINT('',(251.479691218436,-45.34,6.27564275264744));
#13561=CARTESIAN_POINT('',(251.479691218436,-44.94,6.27564275264744));
#13562=CARTESIAN_POINT('Ctrl Pts',(251.479691218436,-45.34,6.27564275264744));
#13563=CARTESIAN_POINT('Ctrl Pts',(251.496838736416,-45.34,5.94302109711402));
#13564=CARTESIAN_POINT('Ctrl Pts',(251.528963222469,-45.34,5.31988136652319));
#13565=CARTESIAN_POINT('Ctrl Pts',(251.896128598661,-45.34,4.81821997456776));
#13566=CARTESIAN_POINT('Ctrl Pts',(252.067307185233,-45.34,4.58433711528782));
#13567=CARTESIAN_POINT('Ctrl Pts',(252.071875285209,-44.94,7.97760450840001));
#13568=CARTESIAN_POINT('Ctrl Pts',(252.071875285209,-45.34,7.97760450840001));
#13569=CARTESIAN_POINT('Ctrl Pts',(251.899373082736,-44.94,7.74266521192506));
#13570=CARTESIAN_POINT('Ctrl Pts',(251.899373082736,-45.34,7.74266521192506));
#13571=CARTESIAN_POINT('Ctrl Pts',(251.528978664182,-44.94,7.23820670144678));
#13572=CARTESIAN_POINT('Ctrl Pts',(251.528978664182,-45.34,7.23820670144678));
#13573=CARTESIAN_POINT('Ctrl Pts',(251.496854391506,-44.94,6.61083260463201));
#13574=CARTESIAN_POINT('Ctrl Pts',(251.496854391506,-45.34,6.61083260463201));
#13575=CARTESIAN_POINT('Ctrl Pts',(251.479691218436,-44.94,6.27564275264744));
#13576=CARTESIAN_POINT('Ctrl Pts',(251.479691218436,-45.34,6.27564275264744));
#13577=CARTESIAN_POINT('',(252.071875285209,-45.34,7.97760450840001));
#13578=CARTESIAN_POINT('',(252.071875285209,-44.94,7.97760450840001));
#13579=CARTESIAN_POINT('Ctrl Pts',(252.071875285209,-45.34,7.97760450840001));
#13580=CARTESIAN_POINT('Ctrl Pts',(251.899373082736,-45.34,7.74266521192506));
#13581=CARTESIAN_POINT('Ctrl Pts',(251.528978664182,-45.34,7.23820670144678));
#13582=CARTESIAN_POINT('Ctrl Pts',(251.496854391506,-45.34,6.61083260463201));
#13583=CARTESIAN_POINT('Ctrl Pts',(251.479691218436,-45.34,6.27564275264744));
#13584=CARTESIAN_POINT('Ctrl Pts',(253.650528143943,-44.94,8.58958029747014));
#13585=CARTESIAN_POINT('Ctrl Pts',(253.650528143943,-45.34,8.58958029747014));
#13586=CARTESIAN_POINT('Ctrl Pts',(253.34263211848,-44.94,8.56857779268579));
#13587=CARTESIAN_POINT('Ctrl Pts',(253.34263211848,-45.34,8.56857779268579));
#13588=CARTESIAN_POINT('Ctrl Pts',(252.751321863319,-44.94,8.52824275931083));
#13589=CARTESIAN_POINT('Ctrl Pts',(252.751321863319,-45.34,8.52824275931083));
#13590=CARTESIAN_POINT('Ctrl Pts',(252.292018692521,-44.94,8.15601350280405));
#13591=CARTESIAN_POINT('Ctrl Pts',(252.292018692521,-45.34,8.15601350280405));
#13592=CARTESIAN_POINT('Ctrl Pts',(252.071875285209,-44.94,7.97760450840001));
#13593=CARTESIAN_POINT('Ctrl Pts',(252.071875285209,-45.34,7.97760450840001));
#13594=CARTESIAN_POINT('',(253.650528143943,-45.34,8.58958029747014));
#13595=CARTESIAN_POINT('',(253.650528143943,-44.94,8.58958029747014));
#13596=CARTESIAN_POINT('Ctrl Pts',(253.650528143943,-45.34,8.58958029747014));
#13597=CARTESIAN_POINT('Ctrl Pts',(253.34263211848,-45.34,8.56857779268579));
#13598=CARTESIAN_POINT('Ctrl Pts',(252.751321863319,-45.34,8.52824275931083));
#13599=CARTESIAN_POINT('Ctrl Pts',(252.292018692521,-45.34,8.15601350280405));
#13600=CARTESIAN_POINT('Ctrl Pts',(252.071875285209,-45.34,7.97760450840001));
#13601=CARTESIAN_POINT('Ctrl Pts',(254.612640093863,-44.94,8.41299021244053));
#13602=CARTESIAN_POINT('Ctrl Pts',(254.612640093863,-45.34,8.41299021244053));
#13603=CARTESIAN_POINT('Ctrl Pts',(254.464325208095,-44.94,8.46446394160733));
#13604=CARTESIAN_POINT('Ctrl Pts',(254.464325208095,-45.34,8.46446394160733));
#13605=CARTESIAN_POINT('Ctrl Pts',(254.152899042762,-44.94,8.57254659296591));
#13606=CARTESIAN_POINT('Ctrl Pts',(254.152899042762,-45.34,8.57254659296591));
#13607=CARTESIAN_POINT('Ctrl Pts',(253.823206530029,-44.94,8.58372535521577));
#13608=CARTESIAN_POINT('Ctrl Pts',(253.823206530029,-45.34,8.58372535521577));
#13609=CARTESIAN_POINT('Ctrl Pts',(253.650528143943,-44.94,8.58958029747014));
#13610=CARTESIAN_POINT('Ctrl Pts',(253.650528143943,-45.34,8.58958029747014));
#13611=CARTESIAN_POINT('',(254.612640093863,-45.34,8.41299021244053));
#13612=CARTESIAN_POINT('',(254.612640093863,-44.94,8.41299021244053));
#13613=CARTESIAN_POINT('Ctrl Pts',(254.612640093863,-45.34,8.41299021244053));
#13614=CARTESIAN_POINT('Ctrl Pts',(254.464325208095,-45.34,8.46446394160733));
#13615=CARTESIAN_POINT('Ctrl Pts',(254.152899042762,-45.34,8.57254659296591));
#13616=CARTESIAN_POINT('Ctrl Pts',(253.823206530029,-45.34,8.58372535521577));
#13617=CARTESIAN_POINT('Ctrl Pts',(253.650528143943,-45.34,8.58958029747014));
#13618=CARTESIAN_POINT('Ctrl Pts',(255.18960113436,-44.94,8.01109576225285));
#13619=CARTESIAN_POINT('Ctrl Pts',(255.18960113436,-45.34,8.01109576225285));
#13620=CARTESIAN_POINT('Ctrl Pts',(255.101225648804,-44.94,8.09494620124291));
#13621=CARTESIAN_POINT('Ctrl Pts',(255.101225648804,-45.34,8.09494620124291));
#13622=CARTESIAN_POINT('Ctrl Pts',(254.929176318277,-44.94,8.2581861744305));
#13623=CARTESIAN_POINT('Ctrl Pts',(254.929176318277,-45.34,8.2581861744305));
#13624=CARTESIAN_POINT('Ctrl Pts',(254.716212259028,-44.94,8.36233759148785));
#13625=CARTESIAN_POINT('Ctrl Pts',(254.716212259028,-45.34,8.36233759148785));
#13626=CARTESIAN_POINT('Ctrl Pts',(254.612640093863,-44.94,8.41299021244053));
#13627=CARTESIAN_POINT('Ctrl Pts',(254.612640093863,-45.34,8.41299021244053));
#13628=CARTESIAN_POINT('',(255.18960113436,-45.34,8.01109576225285));
#13629=CARTESIAN_POINT('',(255.18960113436,-44.94,8.01109576225285));
#13630=CARTESIAN_POINT('Ctrl Pts',(255.18960113436,-45.34,8.01109576225285));
#13631=CARTESIAN_POINT('Ctrl Pts',(255.101225648804,-45.34,8.09494620124291));
#13632=CARTESIAN_POINT('Ctrl Pts',(254.929176318277,-45.34,8.2581861744305));
#13633=CARTESIAN_POINT('Ctrl Pts',(254.716212259028,-45.34,8.36233759148785));
#13634=CARTESIAN_POINT('Ctrl Pts',(254.612640093863,-45.34,8.41299021244053));
#13635=CARTESIAN_POINT('Ctrl Pts',(255.605198096335,-44.94,7.39912027120595));
#13636=CARTESIAN_POINT('Ctrl Pts',(255.605198096335,-45.34,7.39912027120595));
#13637=CARTESIAN_POINT('Ctrl Pts',(255.549691556978,-44.94,7.51000508277893));
#13638=CARTESIAN_POINT('Ctrl Pts',(255.549691556978,-45.34,7.51000508277893));
#13639=CARTESIAN_POINT('Ctrl Pts',(255.438342224969,-44.94,7.73244643548624));
#13640=CARTESIAN_POINT('Ctrl Pts',(255.438342224969,-45.34,7.73244643548624));
#13641=CARTESIAN_POINT('Ctrl Pts',(255.272681585518,-44.94,7.91802584876941));
#13642=CARTESIAN_POINT('Ctrl Pts',(255.272681585518,-45.34,7.91802584876941));
#13643=CARTESIAN_POINT('Ctrl Pts',(255.18960113436,-44.94,8.01109576225285));
#13644=CARTESIAN_POINT('Ctrl Pts',(255.18960113436,-45.34,8.01109576225285));
#13645=CARTESIAN_POINT('',(255.605198096335,-45.34,7.39912027120595));
#13646=CARTESIAN_POINT('',(255.605198096335,-44.94,7.39912027120595));
#13647=CARTESIAN_POINT('Ctrl Pts',(255.605198096335,-45.34,7.39912027120595));
#13648=CARTESIAN_POINT('Ctrl Pts',(255.549691556978,-45.34,7.51000508277893));
#13649=CARTESIAN_POINT('Ctrl Pts',(255.438342224969,-45.34,7.73244643548624));
#13650=CARTESIAN_POINT('Ctrl Pts',(255.272681585518,-45.34,7.91802584876941));
#13651=CARTESIAN_POINT('Ctrl Pts',(255.18960113436,-45.34,8.01109576225285));
#13652=CARTESIAN_POINT('Ctrl Pts',(255.809189032615,-44.94,6.25432991981511));
#13653=CARTESIAN_POINT('Ctrl Pts',(255.809189032615,-45.34,6.25432991981511));
#13654=CARTESIAN_POINT('Ctrl Pts',(255.803617549984,-44.94,6.46552621767237));
#13655=CARTESIAN_POINT('Ctrl Pts',(255.803617549984,-45.34,6.46552621767237));
#13656=CARTESIAN_POINT('Ctrl Pts',(255.793267360983,-44.94,6.85786731326098));
#13657=CARTESIAN_POINT('Ctrl Pts',(255.793267360983,-45.34,6.85786731326098));
#13658=CARTESIAN_POINT('Ctrl Pts',(255.664602816314,-44.94,7.22815676760372));
#13659=CARTESIAN_POINT('Ctrl Pts',(255.664602816314,-45.34,7.22815676760372));
#13660=CARTESIAN_POINT('Ctrl Pts',(255.605198096335,-44.94,7.39912027120595));
#13661=CARTESIAN_POINT('Ctrl Pts',(255.605198096335,-45.34,7.39912027120595));
#13662=CARTESIAN_POINT('',(255.809189032615,-45.34,6.25432991981511));
#13663=CARTESIAN_POINT('',(255.809189032615,-44.94,6.25432991981511));
#13664=CARTESIAN_POINT('Ctrl Pts',(255.809189032615,-45.34,6.25432991981511));
#13665=CARTESIAN_POINT('Ctrl Pts',(255.803617549984,-45.34,6.46552621767237));
#13666=CARTESIAN_POINT('Ctrl Pts',(255.793267360983,-45.34,6.85786731326098));
#13667=CARTESIAN_POINT('Ctrl Pts',(255.664602816314,-45.34,7.22815676760372));
#13668=CARTESIAN_POINT('Ctrl Pts',(255.605198096335,-45.34,7.39912027120595));
#13669=CARTESIAN_POINT('Ctrl Pts',(255.221570681632,-44.94,4.5812925100327));
#13670=CARTESIAN_POINT('Ctrl Pts',(255.221570681632,-45.34,4.5812925100327));
#13671=CARTESIAN_POINT('Ctrl Pts',(255.392768676954,-44.94,4.81306131371018));
#13672=CARTESIAN_POINT('Ctrl Pts',(255.392768676954,-45.34,4.81306131371018));
#13673=CARTESIAN_POINT('Ctrl Pts',(255.758744680443,-44.94,5.30852167435046));
#13674=CARTESIAN_POINT('Ctrl Pts',(255.758744680443,-45.34,5.30852167435046));
#13675=CARTESIAN_POINT('Ctrl Pts',(255.791667177692,-44.94,5.9258032533446));
#13676=CARTESIAN_POINT('Ctrl Pts',(255.791667177692,-45.34,5.9258032533446));
#13677=CARTESIAN_POINT('Ctrl Pts',(255.809189032615,-44.94,6.25432991981511));
#13678=CARTESIAN_POINT('Ctrl Pts',(255.809189032615,-45.34,6.25432991981511));
#13679=CARTESIAN_POINT('Ctrl Pts',(255.221570681632,-45.34,4.5812925100327));
#13680=CARTESIAN_POINT('Ctrl Pts',(255.392768676954,-45.34,4.81306131371018));
#13681=CARTESIAN_POINT('Ctrl Pts',(255.758744680443,-45.34,5.30852167435046));
#13682=CARTESIAN_POINT('Ctrl Pts',(255.791667177692,-45.34,5.9258032533446));
#13683=CARTESIAN_POINT('Ctrl Pts',(255.809189032615,-45.34,6.25432991981511));
#13684=CARTESIAN_POINT('Origin',(263.828810591102,-45.34,6.2817319631577));
#13685=CARTESIAN_POINT('Origin',(249.926916312278,-44.94,6.96068996191029));
#13686=CARTESIAN_POINT('',(249.926916312278,-45.34,6.96068996191029));
#13687=CARTESIAN_POINT('',(249.926916312278,-44.94,6.96068996191029));
#13688=CARTESIAN_POINT('',(249.926916312278,-45.34,4.04999995231633));
#13689=CARTESIAN_POINT('',(249.926916312278,-45.34,6.96068996191029));
#13690=CARTESIAN_POINT('',(249.926916312278,-44.94,4.04999995231633));
#13691=CARTESIAN_POINT('Origin',(248.127525996268,-44.94,4.04999995231633));
#13692=CARTESIAN_POINT('',(248.127525996268,-45.34,4.04999995231633));
#13693=CARTESIAN_POINT('',(248.127525996268,-44.94,4.04999995231633));
#13694=CARTESIAN_POINT('',(248.127525996268,-45.34,4.04999995231633));
#13695=CARTESIAN_POINT('Origin',(247.223263930381,-44.94,4.04999995231633));
#13696=CARTESIAN_POINT('',(247.223263930381,-45.34,4.04999995231633));
#13697=CARTESIAN_POINT('',(247.223263930381,-44.94,4.04999995231633));
#13698=CARTESIAN_POINT('',(247.223263930381,-45.34,4.04999995231633));
#13699=CARTESIAN_POINT('Origin',(247.223263930381,-44.94,8.51346367597584));
#13700=CARTESIAN_POINT('',(247.223263930381,-45.34,8.51346367597584));
#13701=CARTESIAN_POINT('',(247.223263930381,-44.94,8.51346367597584));
#13702=CARTESIAN_POINT('',(247.223263930381,-45.34,8.51346367597584));
#13703=CARTESIAN_POINT('Origin',(248.060544680655,-44.94,8.51346367597584));
#13704=CARTESIAN_POINT('',(248.060544680655,-45.34,8.51346367597584));
#13705=CARTESIAN_POINT('',(248.060544680655,-44.94,8.51346367597584));
#13706=CARTESIAN_POINT('',(248.060544680655,-45.34,8.51346367597584));
#13707=CARTESIAN_POINT('Origin',(248.060544680655,-44.94,5.53274685144429));
#13708=CARTESIAN_POINT('',(248.060544680655,-45.34,5.53274685144429));
#13709=CARTESIAN_POINT('',(248.060544680655,-44.94,5.53274685144429));
#13710=CARTESIAN_POINT('',(248.060544680655,-45.34,5.53274685144429));
#13711=CARTESIAN_POINT('Origin',(249.887336443961,-44.94,8.51346367597584));
#13712=CARTESIAN_POINT('',(249.887336443961,-45.34,8.51346367597584));
#13713=CARTESIAN_POINT('',(249.887336443961,-44.94,8.51346367597584));
#13714=CARTESIAN_POINT('',(249.887336443961,-45.34,8.51346367597584));
#13715=CARTESIAN_POINT('Origin',(250.764197062552,-44.94,8.51346367597584));
#13716=CARTESIAN_POINT('',(250.764197062552,-45.34,8.51346367597584));
#13717=CARTESIAN_POINT('',(250.764197062552,-44.94,8.51346367597584));
#13718=CARTESIAN_POINT('',(250.764197062552,-45.34,8.51346367597584));
#13719=CARTESIAN_POINT('Origin',(250.764197062552,-44.94,4.04999995231633));
#13720=CARTESIAN_POINT('',(250.764197062552,-45.34,4.04999995231633));
#13721=CARTESIAN_POINT('',(250.764197062552,-44.94,4.04999995231633));
#13722=CARTESIAN_POINT('',(250.764197062552,-45.34,4.04999995231633));
#13723=CARTESIAN_POINT('Origin',(249.926916312278,-44.94,4.04999995231633));
#13724=CARTESIAN_POINT('',(249.926916312278,-45.34,4.04999995231633));
#13725=CARTESIAN_POINT('Origin',(263.828810591102,-45.34,6.2817319631577));
#13726=CARTESIAN_POINT('Ctrl Pts',(279.846738900841,-44.94,4.5812925100327));
#13727=CARTESIAN_POINT('Ctrl Pts',(279.846738900841,-45.34,4.5812925100327));
#13728=CARTESIAN_POINT('Ctrl Pts',(280.017936608844,-44.94,4.81306134598421));
#13729=CARTESIAN_POINT('Ctrl Pts',(280.017936608844,-45.34,4.81306134598421));
#13730=CARTESIAN_POINT('Ctrl Pts',(280.383912088051,-44.94,5.30852189736516));
#13731=CARTESIAN_POINT('Ctrl Pts',(280.383912088051,-45.34,5.30852189736516));
#13732=CARTESIAN_POINT('Ctrl Pts',(280.416835112522,-44.94,5.9258032845004));
#13733=CARTESIAN_POINT('Ctrl Pts',(280.416835112522,-45.34,5.9258032845004));
#13734=CARTESIAN_POINT('Ctrl Pts',(280.434357251823,-44.94,6.25432991981511));
#13735=CARTESIAN_POINT('Ctrl Pts',(280.434357251823,-45.34,6.25432991981511));
#13736=CARTESIAN_POINT('',(280.434357251823,-44.9400988809156,6.25432991981511));
#13737=CARTESIAN_POINT('Ctrl Pts',(280.409999999999,-44.94,5.89004137113777));
#13738=CARTESIAN_POINT('Ctrl Pts',(280.412304432459,-44.94,5.91447491934928));
#13739=CARTESIAN_POINT('Ctrl Pts',(280.414483578015,-44.9400022977791,5.93982041236638));
#13740=CARTESIAN_POINT('Ctrl Pts',(280.416494394049,-44.9400062127956,5.96530696138071));
#13741=CARTESIAN_POINT('Ctrl Pts',(280.418965792417,-44.9400110245562,5.99663126682856));
#13742=CARTESIAN_POINT('Ctrl Pts',(280.421184014528,-44.9400182792671,6.02816824587929));
#13743=CARTESIAN_POINT('Ctrl Pts',(280.423152111984,-44.9400267134554,6.05845634424686));
#13744=CARTESIAN_POINT('Ctrl Pts',(280.425462349672,-44.9400366138694,6.09400982060311));
#13745=CARTESIAN_POINT('Ctrl Pts',(280.427435692896,-44.9400481394944,6.12783961837199));
#13746=CARTESIAN_POINT('Ctrl Pts',(280.429105485129,-44.9400592467294,6.15757135953023));
#13747=CARTESIAN_POINT('Ctrl Pts',(280.430550544399,-44.9400688590707,6.18330158350024));
#13748=CARTESIAN_POINT('Ctrl Pts',(280.431769732771,-44.9400781580633,6.20596207526401));
#13749=CARTESIAN_POINT('Ctrl Pts',(280.432738438286,-44.9400858191652,6.22403080956285));
#13750=CARTESIAN_POINT('Ctrl Pts',(280.433405343114,-44.9400910934469,6.23647022068015));
#13751=CARTESIAN_POINT('Ctrl Pts',(280.433952110342,-44.9400955914295,6.24673382864528));
#13752=CARTESIAN_POINT('Ctrl Pts',(280.434357251823,-44.9400988809156,6.25432991981511));
#13753=CARTESIAN_POINT('',(279.846738900841,-45.34,4.5812925100327));
#13754=CARTESIAN_POINT('',(279.846738900841,-44.94,4.5812925100327));
#13755=CARTESIAN_POINT('',(280.434357251823,-45.34,6.25432991981511));
#13756=CARTESIAN_POINT('Ctrl Pts',(279.846738900841,-45.34,4.5812925100327));
#13757=CARTESIAN_POINT('Ctrl Pts',(280.017936608844,-45.34,4.81306134598421));
#13758=CARTESIAN_POINT('Ctrl Pts',(280.383912088051,-45.34,5.30852189736516));
#13759=CARTESIAN_POINT('Ctrl Pts',(280.416835112522,-45.34,5.9258032845004));
#13760=CARTESIAN_POINT('Ctrl Pts',(280.434357251823,-45.34,6.25432991981511));
#13761=CARTESIAN_POINT('',(280.434357251823,-44.94,6.25432991981511));
#13762=CARTESIAN_POINT('Ctrl Pts',(278.266563068927,-44.94,7.81928265094761));
#13763=CARTESIAN_POINT('Ctrl Pts',(278.266563068927,-45.34,7.81928265094761));
#13764=CARTESIAN_POINT('Ctrl Pts',(278.441833719435,-44.94,7.8049512221294));
#13765=CARTESIAN_POINT('Ctrl Pts',(278.441833719435,-45.34,7.8049512221294));
#13766=CARTESIAN_POINT('Ctrl Pts',(278.784136013228,-44.94,7.77696204685343));
#13767=CARTESIAN_POINT('Ctrl Pts',(278.784136013228,-45.34,7.77696204685343));
#13768=CARTESIAN_POINT('Ctrl Pts',(279.039921687633,-44.94,7.54860751956117));
#13769=CARTESIAN_POINT('Ctrl Pts',(279.039921687633,-45.34,7.54860751956117));
#13770=CARTESIAN_POINT('Ctrl Pts',(279.164736222327,-44.94,7.43717843294148));
#13771=CARTESIAN_POINT('Ctrl Pts',(279.164736222327,-45.34,7.43717843294148));
#13772=CARTESIAN_POINT('',(278.266563068927,-44.94,7.81928265094761));
#13773=CARTESIAN_POINT('',(279.164736222327,-44.94,7.43717843294148));
#13774=CARTESIAN_POINT('Ctrl Pts',(278.266563068927,-44.94,7.81928265094761));
#13775=CARTESIAN_POINT('Ctrl Pts',(278.441833719435,-44.94,7.8049512221294));
#13776=CARTESIAN_POINT('Ctrl Pts',(278.784136013228,-44.94,7.77696204685343));
#13777=CARTESIAN_POINT('Ctrl Pts',(279.039921687633,-44.94,7.54860751956117));
#13778=CARTESIAN_POINT('Ctrl Pts',(279.164736222327,-44.94,7.43717843294148));
#13779=CARTESIAN_POINT('',(278.266563068927,-45.34,7.81928265094761));
#13780=CARTESIAN_POINT('',(278.266563068927,-44.94,7.81928265094761));
#13781=CARTESIAN_POINT('',(279.164736222327,-45.34,7.43717843294148));
#13782=CARTESIAN_POINT('Ctrl Pts',(278.266563068927,-45.34,7.81928265094761));
#13783=CARTESIAN_POINT('Ctrl Pts',(278.441833719435,-45.34,7.8049512221294));
#13784=CARTESIAN_POINT('Ctrl Pts',(278.784136013228,-45.34,7.77696204685343));
#13785=CARTESIAN_POINT('Ctrl Pts',(279.039921687633,-45.34,7.54860751956117));
#13786=CARTESIAN_POINT('Ctrl Pts',(279.164736222327,-45.34,7.43717843294148));
#13787=CARTESIAN_POINT('',(279.164736222327,-44.94,7.43717843294148));
#13788=CARTESIAN_POINT('Ctrl Pts',(277.372956823409,-44.94,7.44174534082417));
#13789=CARTESIAN_POINT('Ctrl Pts',(277.372956823409,-45.34,7.44174534082417));
#13790=CARTESIAN_POINT('Ctrl Pts',(277.496745282662,-44.94,7.55183695686052));
#13791=CARTESIAN_POINT('Ctrl Pts',(277.496745282662,-45.34,7.55183695686052));
#13792=CARTESIAN_POINT('Ctrl Pts',(277.75137231643,-44.94,7.77829022886312));
#13793=CARTESIAN_POINT('Ctrl Pts',(277.75137231643,-45.34,7.77829022886312));
#13794=CARTESIAN_POINT('Ctrl Pts',(278.091691894401,-44.94,7.80536859491721));
#13795=CARTESIAN_POINT('Ctrl Pts',(278.091691894401,-45.34,7.80536859491721));
#13796=CARTESIAN_POINT('Ctrl Pts',(278.266563068927,-44.94,7.81928265094761));
#13797=CARTESIAN_POINT('Ctrl Pts',(278.266563068927,-45.34,7.81928265094761));
#13798=CARTESIAN_POINT('',(277.372956823409,-44.94,7.44174534082417));
#13799=CARTESIAN_POINT('Ctrl Pts',(277.372956823409,-44.94,7.44174534082417));
#13800=CARTESIAN_POINT('Ctrl Pts',(277.496745282662,-44.94,7.55183695686052));
#13801=CARTESIAN_POINT('Ctrl Pts',(277.75137231643,-44.94,7.77829022886312));
#13802=CARTESIAN_POINT('Ctrl Pts',(278.091691894401,-44.94,7.80536859491721));
#13803=CARTESIAN_POINT('Ctrl Pts',(278.266563068927,-44.94,7.81928265094761));
#13804=CARTESIAN_POINT('',(277.372956823409,-45.34,7.44174534082417));
#13805=CARTESIAN_POINT('',(277.372956823409,-44.94,7.44174534082417));
#13806=CARTESIAN_POINT('Ctrl Pts',(277.372956823409,-45.34,7.44174534082417));
#13807=CARTESIAN_POINT('Ctrl Pts',(277.496745282662,-45.34,7.55183695686052));
#13808=CARTESIAN_POINT('Ctrl Pts',(277.75137231643,-45.34,7.77829022886312));
#13809=CARTESIAN_POINT('Ctrl Pts',(278.091691894401,-45.34,7.80536859491721));
#13810=CARTESIAN_POINT('Ctrl Pts',(278.266563068927,-45.34,7.81928265094761));
#13811=CARTESIAN_POINT('Ctrl Pts',(277.036522578299,-44.94,6.29695498943333));
#13812=CARTESIAN_POINT('Ctrl Pts',(277.036522578299,-45.34,6.29695498943333));
#13813=CARTESIAN_POINT('Ctrl Pts',(277.042981053174,-44.94,6.52706153591858));
#13814=CARTESIAN_POINT('Ctrl Pts',(277.042981053174,-45.34,6.52706153591858));
#13815=CARTESIAN_POINT('Ctrl Pts',(277.054584897703,-44.94,6.94049050208213));
#13816=CARTESIAN_POINT('Ctrl Pts',(277.054584897703,-45.34,6.94049050208213));
#13817=CARTESIAN_POINT('Ctrl Pts',(277.275152757658,-44.94,7.28775952345733));
#13818=CARTESIAN_POINT('Ctrl Pts',(277.275152757658,-45.34,7.28775952345733));
#13819=CARTESIAN_POINT('Ctrl Pts',(277.372956823409,-44.94,7.44174534082417));
#13820=CARTESIAN_POINT('Ctrl Pts',(277.372956823409,-45.34,7.44174534082417));
#13821=CARTESIAN_POINT('',(277.036522578299,-44.94,6.29695498943333));
#13822=CARTESIAN_POINT('Ctrl Pts',(277.036522578299,-44.94,6.29695498943333));
#13823=CARTESIAN_POINT('Ctrl Pts',(277.042981053174,-44.94,6.52706153591858));
#13824=CARTESIAN_POINT('Ctrl Pts',(277.054584897703,-44.94,6.94049050208213));
#13825=CARTESIAN_POINT('Ctrl Pts',(277.275152757658,-44.94,7.28775952345733));
#13826=CARTESIAN_POINT('Ctrl Pts',(277.372956823409,-44.94,7.44174534082417));
#13827=CARTESIAN_POINT('',(277.036522578299,-45.34,6.29695498943333));
#13828=CARTESIAN_POINT('',(277.036522578299,-44.94,6.29695498943333));
#13829=CARTESIAN_POINT('Ctrl Pts',(277.036522578299,-45.34,6.29695498943333));
#13830=CARTESIAN_POINT('Ctrl Pts',(277.042981053174,-45.34,6.52706153591858));
#13831=CARTESIAN_POINT('Ctrl Pts',(277.054584897703,-45.34,6.94049050208213));
#13832=CARTESIAN_POINT('Ctrl Pts',(277.275152757658,-45.34,7.28775952345733));
#13833=CARTESIAN_POINT('Ctrl Pts',(277.372956823409,-45.34,7.44174534082417));
#13834=CARTESIAN_POINT('Ctrl Pts',(277.382090937198,-44.94,5.13237440586094));
#13835=CARTESIAN_POINT('Ctrl Pts',(277.382090937198,-45.34,5.13237440586094));
#13836=CARTESIAN_POINT('Ctrl Pts',(277.281609073347,-44.94,5.28963122197078));
#13837=CARTESIAN_POINT('Ctrl Pts',(277.281609073347,-45.34,5.28963122197078));
#13838=CARTESIAN_POINT('Ctrl Pts',(277.056043668375,-44.94,5.64264713998143));
#13839=CARTESIAN_POINT('Ctrl Pts',(277.056043668375,-45.34,5.64264713998143));
#13840=CARTESIAN_POINT('Ctrl Pts',(277.043486144283,-44.94,6.06355020181012));
#13841=CARTESIAN_POINT('Ctrl Pts',(277.043486144283,-45.34,6.06355020181012));
#13842=CARTESIAN_POINT('Ctrl Pts',(277.036522578299,-44.94,6.29695498943333));
#13843=CARTESIAN_POINT('Ctrl Pts',(277.036522578299,-45.34,6.29695498943333));
#13844=CARTESIAN_POINT('',(277.382090937198,-44.94,5.13237440586094));
#13845=CARTESIAN_POINT('Ctrl Pts',(277.382090937198,-44.94,5.13237440586094));
#13846=CARTESIAN_POINT('Ctrl Pts',(277.281609073347,-44.94,5.28963122197078));
#13847=CARTESIAN_POINT('Ctrl Pts',(277.056043668375,-44.94,5.64264713998143));
#13848=CARTESIAN_POINT('Ctrl Pts',(277.043486144283,-44.94,6.06355020181012));
#13849=CARTESIAN_POINT('Ctrl Pts',(277.036522578299,-44.94,6.29695498943333));
#13850=CARTESIAN_POINT('',(277.382090937198,-45.34,5.13237440586094));
#13851=CARTESIAN_POINT('',(277.382090937198,-44.94,5.13237440586094));
#13852=CARTESIAN_POINT('Ctrl Pts',(277.382090937198,-45.34,5.13237440586094));
#13853=CARTESIAN_POINT('Ctrl Pts',(277.281609073347,-45.34,5.28963122197078));
#13854=CARTESIAN_POINT('Ctrl Pts',(277.056043668375,-45.34,5.64264713998143));
#13855=CARTESIAN_POINT('Ctrl Pts',(277.043486144283,-45.34,6.06355020181012));
#13856=CARTESIAN_POINT('Ctrl Pts',(277.036522578299,-45.34,6.29695498943333));
#13857=CARTESIAN_POINT('Ctrl Pts',(278.266563068927,-44.94,4.74418127536778));
#13858=CARTESIAN_POINT('Ctrl Pts',(278.266563068927,-45.34,4.74418127536778));
#13859=CARTESIAN_POINT('Ctrl Pts',(278.095595056581,-44.94,4.75967508425589));
#13860=CARTESIAN_POINT('Ctrl Pts',(278.095595056581,-45.34,4.75967508425589));
#13861=CARTESIAN_POINT('Ctrl Pts',(277.757165665175,-44.94,4.79034491682067));
#13862=CARTESIAN_POINT('Ctrl Pts',(277.757165665175,-45.34,4.79034491682067));
#13863=CARTESIAN_POINT('Ctrl Pts',(277.506249223659,-44.94,5.01915484690112));
#13864=CARTESIAN_POINT('Ctrl Pts',(277.506249223659,-45.34,5.01915484690112));
#13865=CARTESIAN_POINT('Ctrl Pts',(277.382090937198,-44.94,5.13237440586094));
#13866=CARTESIAN_POINT('Ctrl Pts',(277.382090937198,-45.34,5.13237440586094));
#13867=CARTESIAN_POINT('',(278.266563068927,-44.94,4.74418127536778));
#13868=CARTESIAN_POINT('Ctrl Pts',(278.266563068927,-44.94,4.74418127536778));
#13869=CARTESIAN_POINT('Ctrl Pts',(278.095595056581,-44.94,4.75967508425589));
#13870=CARTESIAN_POINT('Ctrl Pts',(277.757165665175,-44.94,4.79034491682067));
#13871=CARTESIAN_POINT('Ctrl Pts',(277.506249223659,-44.94,5.01915484690112));
#13872=CARTESIAN_POINT('Ctrl Pts',(277.382090937198,-44.94,5.13237440586094));
#13873=CARTESIAN_POINT('',(278.266563068927,-45.34,4.74418127536778));
#13874=CARTESIAN_POINT('',(278.266563068927,-44.94,4.74418127536778));
#13875=CARTESIAN_POINT('Ctrl Pts',(278.266563068927,-45.34,4.74418127536778));
#13876=CARTESIAN_POINT('Ctrl Pts',(278.095595056581,-45.34,4.75967508425589));
#13877=CARTESIAN_POINT('Ctrl Pts',(277.757165665175,-45.34,4.79034491682067));
#13878=CARTESIAN_POINT('Ctrl Pts',(277.506249223659,-45.34,5.01915484690112));
#13879=CARTESIAN_POINT('Ctrl Pts',(277.382090937198,-45.34,5.13237440586094));
#13880=CARTESIAN_POINT('Ctrl Pts',(279.155602406562,-44.94,5.13541901111607));
#13881=CARTESIAN_POINT('Ctrl Pts',(279.155602406562,-45.34,5.13541901111607));
#13882=CARTESIAN_POINT('Ctrl Pts',(279.03036531199,-44.94,5.02130980007254));
#13883=CARTESIAN_POINT('Ctrl Pts',(279.03036531199,-45.34,5.02130980007254));
#13884=CARTESIAN_POINT('Ctrl Pts',(278.778011590994,-44.94,4.79137885105762));
#13885=CARTESIAN_POINT('Ctrl Pts',(278.778011590994,-45.34,4.79137885105762));
#13886=CARTESIAN_POINT('Ctrl Pts',(278.437890317964,-44.94,4.75999172442627));
#13887=CARTESIAN_POINT('Ctrl Pts',(278.437890317964,-45.34,4.75999172442627));
#13888=CARTESIAN_POINT('Ctrl Pts',(278.266563068927,-44.94,4.74418127536778));
#13889=CARTESIAN_POINT('Ctrl Pts',(278.266563068927,-45.34,4.74418127536778));
#13890=CARTESIAN_POINT('',(279.155602406562,-44.94,5.13541901111607));
#13891=CARTESIAN_POINT('Ctrl Pts',(279.155602406562,-44.94,5.13541901111607));
#13892=CARTESIAN_POINT('Ctrl Pts',(279.03036531199,-44.94,5.02130980007254));
#13893=CARTESIAN_POINT('Ctrl Pts',(278.778011590994,-44.94,4.79137885105762));
#13894=CARTESIAN_POINT('Ctrl Pts',(278.437890317964,-44.94,4.75999172442627));
#13895=CARTESIAN_POINT('Ctrl Pts',(278.266563068927,-44.94,4.74418127536778));
#13896=CARTESIAN_POINT('',(279.155602406562,-45.34,5.13541901111607));
#13897=CARTESIAN_POINT('',(279.155602406562,-44.94,5.13541901111607));
#13898=CARTESIAN_POINT('Ctrl Pts',(279.155602406562,-45.34,5.13541901111607));
#13899=CARTESIAN_POINT('Ctrl Pts',(279.03036531199,-45.34,5.02130980007254));
#13900=CARTESIAN_POINT('Ctrl Pts',(278.778011590994,-45.34,4.79137885105762));
#13901=CARTESIAN_POINT('Ctrl Pts',(278.437890317964,-45.34,4.75999172442627));
#13902=CARTESIAN_POINT('Ctrl Pts',(278.266563068927,-45.34,4.74418127536778));
#13903=CARTESIAN_POINT('Ctrl Pts',(279.505737524331,-44.94,6.28477656841282));
#13904=CARTESIAN_POINT('Ctrl Pts',(279.505737524331,-45.34,6.28477656841282));
#13905=CARTESIAN_POINT('Ctrl Pts',(279.497969849854,-44.94,6.05568332011725));
#13906=CARTESIAN_POINT('Ctrl Pts',(279.497969849854,-45.34,6.05568332011725));
#13907=CARTESIAN_POINT('Ctrl Pts',(279.483848934228,-44.94,5.63921292875301));
#13908=CARTESIAN_POINT('Ctrl Pts',(279.483848934228,-45.34,5.63921292875301));
#13909=CARTESIAN_POINT('Ctrl Pts',(279.257459072473,-44.94,5.29174897786974));
#13910=CARTESIAN_POINT('Ctrl Pts',(279.257459072473,-45.34,5.29174897786974));
#13911=CARTESIAN_POINT('Ctrl Pts',(279.155602406562,-44.94,5.13541901111607));
#13912=CARTESIAN_POINT('Ctrl Pts',(279.155602406562,-45.34,5.13541901111607));
#13913=CARTESIAN_POINT('',(279.505737524331,-44.94,6.28477656841282));
#13914=CARTESIAN_POINT('Ctrl Pts',(279.505737524331,-44.94,6.28477656841282));
#13915=CARTESIAN_POINT('Ctrl Pts',(279.497969849854,-44.94,6.05568332011725));
#13916=CARTESIAN_POINT('Ctrl Pts',(279.483848934228,-44.94,5.63921292875301));
#13917=CARTESIAN_POINT('Ctrl Pts',(279.257459072473,-44.94,5.29174897786974));
#13918=CARTESIAN_POINT('Ctrl Pts',(279.155602406562,-44.94,5.13541901111607));
#13919=CARTESIAN_POINT('',(279.505737524331,-45.34,6.28477656841282));
#13920=CARTESIAN_POINT('',(279.505737524331,-44.94,6.28477656841282));
#13921=CARTESIAN_POINT('Ctrl Pts',(279.505737524331,-45.34,6.28477656841282));
#13922=CARTESIAN_POINT('Ctrl Pts',(279.497969849854,-45.34,6.05568332011725));
#13923=CARTESIAN_POINT('Ctrl Pts',(279.483848934228,-45.34,5.63921292875301));
#13924=CARTESIAN_POINT('Ctrl Pts',(279.257459072473,-45.34,5.29174897786974));
#13925=CARTESIAN_POINT('Ctrl Pts',(279.155602406562,-45.34,5.13541901111607));
#13926=CARTESIAN_POINT('Ctrl Pts',(279.164736222327,-44.94,7.43717843294148));
#13927=CARTESIAN_POINT('Ctrl Pts',(279.164736222327,-45.34,7.43717843294148));
#13928=CARTESIAN_POINT('Ctrl Pts',(279.263880362894,-44.94,7.28188273141568));
#13929=CARTESIAN_POINT('Ctrl Pts',(279.263880362894,-45.34,7.28188273141568));
#13930=CARTESIAN_POINT('Ctrl Pts',(279.486901100276,-44.94,6.93255132697252));
#13931=CARTESIAN_POINT('Ctrl Pts',(279.486901100276,-45.34,6.93255132697252));
#13932=CARTESIAN_POINT('Ctrl Pts',(279.499011061259,-44.94,6.51609611077492));
#13933=CARTESIAN_POINT('Ctrl Pts',(279.499011061259,-45.34,6.51609611077492));
#13934=CARTESIAN_POINT('Ctrl Pts',(279.505737524331,-44.94,6.28477656841282));
#13935=CARTESIAN_POINT('Ctrl Pts',(279.505737524331,-45.34,6.28477656841282));
#13936=CARTESIAN_POINT('Ctrl Pts',(279.164736222327,-44.94,7.43717843294148));
#13937=CARTESIAN_POINT('Ctrl Pts',(279.263880362894,-44.94,7.28188273141568));
#13938=CARTESIAN_POINT('Ctrl Pts',(279.486901100276,-44.94,6.93255132697252));
#13939=CARTESIAN_POINT('Ctrl Pts',(279.499011061259,-44.94,6.51609611077492));
#13940=CARTESIAN_POINT('Ctrl Pts',(279.505737524331,-44.94,6.28477656841282));
#13941=CARTESIAN_POINT('Ctrl Pts',(279.164736222327,-45.34,7.43717843294148));
#13942=CARTESIAN_POINT('Ctrl Pts',(279.263880362894,-45.34,7.28188273141568));
#13943=CARTESIAN_POINT('Ctrl Pts',(279.486901100276,-45.34,6.93255132697252));
#13944=CARTESIAN_POINT('Ctrl Pts',(279.499011061259,-45.34,6.51609611077492));
#13945=CARTESIAN_POINT('Ctrl Pts',(279.505737524331,-45.34,6.28477656841282));
#13946=CARTESIAN_POINT('Ctrl Pts',(278.263518463672,-44.94,3.97388362884526));
#13947=CARTESIAN_POINT('Ctrl Pts',(278.263518463672,-45.34,3.97388362884526));
#13948=CARTESIAN_POINT('Ctrl Pts',(278.573357331048,-44.94,3.99418510720208));
#13949=CARTESIAN_POINT('Ctrl Pts',(278.573357331048,-45.34,3.99418510720208));
#13950=CARTESIAN_POINT('Ctrl Pts',(279.16571678518,-44.94,4.03299809648044));
#13951=CARTESIAN_POINT('Ctrl Pts',(279.16571678518,-45.34,4.03299809648044));
#13952=CARTESIAN_POINT('Ctrl Pts',(279.626819873411,-44.94,4.40423456815277));
#13953=CARTESIAN_POINT('Ctrl Pts',(279.626819873411,-45.34,4.40423456815277));
#13954=CARTESIAN_POINT('Ctrl Pts',(279.846738900841,-44.94,4.5812925100327));
#13955=CARTESIAN_POINT('Ctrl Pts',(279.846738900841,-45.34,4.5812925100327));
#13956=CARTESIAN_POINT('',(278.263518463672,-45.34,3.97388362884526));
#13957=CARTESIAN_POINT('',(278.263518463672,-44.94,3.97388362884526));
#13958=CARTESIAN_POINT('Ctrl Pts',(278.263518463672,-45.34,3.97388362884526));
#13959=CARTESIAN_POINT('Ctrl Pts',(278.573357331048,-45.34,3.99418510720208));
#13960=CARTESIAN_POINT('Ctrl Pts',(279.16571678518,-45.34,4.03299809648044));
#13961=CARTESIAN_POINT('Ctrl Pts',(279.626819873411,-45.34,4.40423456815277));
#13962=CARTESIAN_POINT('Ctrl Pts',(279.846738900841,-45.34,4.5812925100327));
#13963=CARTESIAN_POINT('Ctrl Pts',(276.692476522029,-44.94,4.58433711528782));
#13964=CARTESIAN_POINT('Ctrl Pts',(276.692476522029,-45.34,4.58433711528782));
#13965=CARTESIAN_POINT('Ctrl Pts',(276.911222968114,-44.94,4.40637428380964));
#13966=CARTESIAN_POINT('Ctrl Pts',(276.911222968114,-45.34,4.40637428380964));
#13967=CARTESIAN_POINT('Ctrl Pts',(277.367885445088,-44.94,4.03485305964));
#13968=CARTESIAN_POINT('Ctrl Pts',(277.367885445088,-45.34,4.03485305964));
#13969=CARTESIAN_POINT('Ctrl Pts',(277.956734636498,-44.94,3.99476766832539));
#13970=CARTESIAN_POINT('Ctrl Pts',(277.956734636498,-45.34,3.99476766832539));
#13971=CARTESIAN_POINT('Ctrl Pts',(278.263518463672,-44.94,3.97388362884526));
#13972=CARTESIAN_POINT('Ctrl Pts',(278.263518463672,-45.34,3.97388362884526));
#13973=CARTESIAN_POINT('',(276.692476522029,-45.34,4.58433711528782));
#13974=CARTESIAN_POINT('',(276.692476522029,-44.94,4.58433711528782));
#13975=CARTESIAN_POINT('Ctrl Pts',(276.692476522029,-45.34,4.58433711528782));
#13976=CARTESIAN_POINT('Ctrl Pts',(276.911222968114,-45.34,4.40637428380964));
#13977=CARTESIAN_POINT('Ctrl Pts',(277.367885445088,-45.34,4.03485305964));
#13978=CARTESIAN_POINT('Ctrl Pts',(277.956734636498,-45.34,3.99476766832539));
#13979=CARTESIAN_POINT('Ctrl Pts',(278.263518463672,-45.34,3.97388362884526));
#13980=CARTESIAN_POINT('Ctrl Pts',(276.104858171046,-44.94,6.27564275264744));
#13981=CARTESIAN_POINT('Ctrl Pts',(276.104858171046,-45.34,6.27564275264744));
#13982=CARTESIAN_POINT('Ctrl Pts',(276.122005818075,-44.94,5.94302102862344));
#13983=CARTESIAN_POINT('Ctrl Pts',(276.122005818075,-45.34,5.94302102862344));
#13984=CARTESIAN_POINT('Ctrl Pts',(276.154130560806,-44.94,5.31988088041825));
#13985=CARTESIAN_POINT('Ctrl Pts',(276.154130560806,-45.34,5.31988088041825));
#13986=CARTESIAN_POINT('Ctrl Pts',(276.521297237944,-44.94,4.81821990478966));
#13987=CARTESIAN_POINT('Ctrl Pts',(276.521297237944,-45.34,4.81821990478966));
#13988=CARTESIAN_POINT('Ctrl Pts',(276.692476522029,-44.94,4.58433711528782));
#13989=CARTESIAN_POINT('Ctrl Pts',(276.692476522029,-45.34,4.58433711528782));
#13990=CARTESIAN_POINT('',(276.104858171046,-45.34,6.27564275264744));
#13991=CARTESIAN_POINT('',(276.104858171046,-44.94,6.27564275264744));
#13992=CARTESIAN_POINT('Ctrl Pts',(276.104858171046,-45.34,6.27564275264744));
#13993=CARTESIAN_POINT('Ctrl Pts',(276.122005818075,-45.34,5.94302102862344));
#13994=CARTESIAN_POINT('Ctrl Pts',(276.154130560806,-45.34,5.31988088041825));
#13995=CARTESIAN_POINT('Ctrl Pts',(276.521297237944,-45.34,4.81821990478966));
#13996=CARTESIAN_POINT('Ctrl Pts',(276.692476522029,-45.34,4.58433711528782));
#13997=CARTESIAN_POINT('Ctrl Pts',(276.697043429911,-44.94,7.97760450840001));
#13998=CARTESIAN_POINT('Ctrl Pts',(276.697043429911,-45.34,7.97760450840001));
#13999=CARTESIAN_POINT('Ctrl Pts',(276.524539732031,-44.94,7.74266537448517));
#14000=CARTESIAN_POINT('Ctrl Pts',(276.524539732031,-45.34,7.74266537448517));
#14001=CARTESIAN_POINT('Ctrl Pts',(276.154142559427,-44.94,7.23820783528237));
#14002=CARTESIAN_POINT('Ctrl Pts',(276.154142559427,-45.34,7.23820783528237));
#14003=CARTESIAN_POINT('Ctrl Pts',(276.122020267435,-44.94,6.61083276456484));
#14004=CARTESIAN_POINT('Ctrl Pts',(276.122020267435,-45.34,6.61083276456484));
#14005=CARTESIAN_POINT('Ctrl Pts',(276.104858171046,-44.94,6.27564275264744));
#14006=CARTESIAN_POINT('Ctrl Pts',(276.104858171046,-45.34,6.27564275264744));
#14007=CARTESIAN_POINT('',(276.697043429911,-45.34,7.97760450840001));
#14008=CARTESIAN_POINT('',(276.697043429911,-44.94,7.97760450840001));
#14009=CARTESIAN_POINT('Ctrl Pts',(276.697043429911,-45.34,7.97760450840001));
#14010=CARTESIAN_POINT('Ctrl Pts',(276.524539732031,-45.34,7.74266537448517));
#14011=CARTESIAN_POINT('Ctrl Pts',(276.154142559427,-45.34,7.23820783528237));
#14012=CARTESIAN_POINT('Ctrl Pts',(276.122020267435,-45.34,6.61083276456484));
#14013=CARTESIAN_POINT('Ctrl Pts',(276.104858171046,-45.34,6.27564275264744));
#14014=CARTESIAN_POINT('Ctrl Pts',(278.275697182715,-44.94,8.58958029747014));
#14015=CARTESIAN_POINT('Ctrl Pts',(278.275697182715,-45.34,8.58958029747014));
#14016=CARTESIAN_POINT('Ctrl Pts',(277.96780095589,-44.94,8.56857781301558));
#14017=CARTESIAN_POINT('Ctrl Pts',(277.96780095589,-45.34,8.56857781301558));
#14018=CARTESIAN_POINT('Ctrl Pts',(277.37649041396,-44.94,8.5282428255012));
#14019=CARTESIAN_POINT('Ctrl Pts',(277.37649041396,-45.34,8.5282428255012));
#14020=CARTESIAN_POINT('Ctrl Pts',(276.917186941423,-44.94,8.15601350210447));
#14021=CARTESIAN_POINT('Ctrl Pts',(276.917186941423,-45.34,8.15601350210447));
#14022=CARTESIAN_POINT('Ctrl Pts',(276.697043429911,-44.94,7.97760450840001));
#14023=CARTESIAN_POINT('Ctrl Pts',(276.697043429911,-45.34,7.97760450840001));
#14024=CARTESIAN_POINT('',(278.275697182715,-45.34,8.58958029747014));
#14025=CARTESIAN_POINT('',(278.275697182715,-44.94,8.58958029747014));
#14026=CARTESIAN_POINT('Ctrl Pts',(278.275697182715,-45.34,8.58958029747014));
#14027=CARTESIAN_POINT('Ctrl Pts',(277.96780095589,-45.34,8.56857781301558));
#14028=CARTESIAN_POINT('Ctrl Pts',(277.37649041396,-45.34,8.5282428255012));
#14029=CARTESIAN_POINT('Ctrl Pts',(276.917186941423,-45.34,8.15601350210447));
#14030=CARTESIAN_POINT('Ctrl Pts',(276.697043429911,-45.34,7.97760450840001));
#14031=CARTESIAN_POINT('Ctrl Pts',(279.237807940543,-44.94,8.41299021244053));
#14032=CARTESIAN_POINT('Ctrl Pts',(279.237807940543,-45.34,8.41299021244053));
#14033=CARTESIAN_POINT('Ctrl Pts',(279.089493404726,-44.94,8.46446394040422));
#14034=CARTESIAN_POINT('Ctrl Pts',(279.089493404726,-45.34,8.46446394040422));
#14035=CARTESIAN_POINT('Ctrl Pts',(278.778067672699,-44.94,8.57254669387815));
#14036=CARTESIAN_POINT('Ctrl Pts',(278.778067672699,-45.34,8.57254669387815));
#14037=CARTESIAN_POINT('Ctrl Pts',(278.448375528037,-44.94,8.5837253865194));
#14038=CARTESIAN_POINT('Ctrl Pts',(278.448375528037,-45.34,8.5837253865194));
#14039=CARTESIAN_POINT('Ctrl Pts',(278.275697182715,-44.94,8.58958029747014));
#14040=CARTESIAN_POINT('Ctrl Pts',(278.275697182715,-45.34,8.58958029747014));
#14041=CARTESIAN_POINT('',(279.237807940543,-45.34,8.41299021244053));
#14042=CARTESIAN_POINT('',(279.237807940543,-44.94,8.41299021244053));
#14043=CARTESIAN_POINT('Ctrl Pts',(279.237807940543,-45.34,8.41299021244053));
#14044=CARTESIAN_POINT('Ctrl Pts',(279.089493404726,-45.34,8.46446394040422));
#14045=CARTESIAN_POINT('Ctrl Pts',(278.778067672699,-45.34,8.57254669387815));
#14046=CARTESIAN_POINT('Ctrl Pts',(278.448375528037,-45.34,8.5837253865194));
#14047=CARTESIAN_POINT('Ctrl Pts',(278.275697182715,-45.34,8.58958029747014));
#14048=CARTESIAN_POINT('Ctrl Pts',(279.814770024121,-44.94,8.01109576225285));
#14049=CARTESIAN_POINT('Ctrl Pts',(279.814770024121,-45.34,8.01109576225285));
#14050=CARTESIAN_POINT('Ctrl Pts',(279.726394555892,-44.94,8.09494623439923));
#14051=CARTESIAN_POINT('Ctrl Pts',(279.726394555892,-45.34,8.09494623439923));
#14052=CARTESIAN_POINT('Ctrl Pts',(279.554345036733,-44.94,8.25818648311469));
#14053=CARTESIAN_POINT('Ctrl Pts',(279.554345036733,-45.34,8.25818648311469));
#14054=CARTESIAN_POINT('Ctrl Pts',(279.34138048608,-44.94,8.36233764597096));
#14055=CARTESIAN_POINT('Ctrl Pts',(279.34138048608,-45.34,8.36233764597096));
#14056=CARTESIAN_POINT('Ctrl Pts',(279.237807940543,-44.94,8.41299021244053));
#14057=CARTESIAN_POINT('Ctrl Pts',(279.237807940543,-45.34,8.41299021244053));
#14058=CARTESIAN_POINT('',(279.814770024121,-45.34,8.01109576225285));
#14059=CARTESIAN_POINT('',(279.814770024121,-44.94,8.01109576225285));
#14060=CARTESIAN_POINT('Ctrl Pts',(279.814770024121,-45.34,8.01109576225285));
#14061=CARTESIAN_POINT('Ctrl Pts',(279.726394555892,-45.34,8.09494623439923));
#14062=CARTESIAN_POINT('Ctrl Pts',(279.554345036733,-45.34,8.25818648311469));
#14063=CARTESIAN_POINT('Ctrl Pts',(279.34138048608,-45.34,8.36233764597096));
#14064=CARTESIAN_POINT('Ctrl Pts',(279.237807940543,-45.34,8.41299021244053));
#14065=CARTESIAN_POINT('Ctrl Pts',(280.230365384221,-44.94,7.39912027120595));
#14066=CARTESIAN_POINT('Ctrl Pts',(280.230365384221,-45.34,7.39912027120595));
#14067=CARTESIAN_POINT('Ctrl Pts',(280.174858949326,-44.94,7.51000504964772));
#14068=CARTESIAN_POINT('Ctrl Pts',(280.174858949326,-45.34,7.51000504964772));
#14069=CARTESIAN_POINT('Ctrl Pts',(280.063509909869,-44.94,7.73244617009211));
#14070=CARTESIAN_POINT('Ctrl Pts',(280.063509909869,-45.34,7.73244617009211));
#14071=CARTESIAN_POINT('Ctrl Pts',(279.897850031858,-44.94,7.9180258060495));
#14072=CARTESIAN_POINT('Ctrl Pts',(279.897850031858,-45.34,7.9180258060495));
#14073=CARTESIAN_POINT('Ctrl Pts',(279.814770024121,-44.94,8.01109576225285));
#14074=CARTESIAN_POINT('Ctrl Pts',(279.814770024121,-45.34,8.01109576225285));
#14075=CARTESIAN_POINT('',(280.230365384221,-45.34,7.39912027120595));
#14076=CARTESIAN_POINT('',(280.230365384221,-44.94,7.39912027120595));
#14077=CARTESIAN_POINT('Ctrl Pts',(280.230365384221,-45.34,7.39912027120595));
#14078=CARTESIAN_POINT('Ctrl Pts',(280.174858949326,-45.34,7.51000504964772));
#14079=CARTESIAN_POINT('Ctrl Pts',(280.063509909869,-45.34,7.73244617009211));
#14080=CARTESIAN_POINT('Ctrl Pts',(279.897850031858,-45.34,7.9180258060495));
#14081=CARTESIAN_POINT('Ctrl Pts',(279.814770024121,-45.34,8.01109576225285));
#14082=CARTESIAN_POINT('Ctrl Pts',(280.434357251823,-44.94,6.25432991981511));
#14083=CARTESIAN_POINT('Ctrl Pts',(280.434357251823,-45.34,6.25432991981511));
#14084=CARTESIAN_POINT('Ctrl Pts',(280.428785741373,-44.94,6.46552623590242));
#14085=CARTESIAN_POINT('Ctrl Pts',(280.428785741373,-45.34,6.46552623590242));
#14086=CARTESIAN_POINT('Ctrl Pts',(280.418435499051,-44.94,6.85786742748068));
#14087=CARTESIAN_POINT('Ctrl Pts',(280.418435499051,-45.34,6.85786742748068));
#14088=CARTESIAN_POINT('Ctrl Pts',(280.289770380246,-44.94,7.22815678208964));
#14089=CARTESIAN_POINT('Ctrl Pts',(280.289770380246,-45.34,7.22815678208964));
#14090=CARTESIAN_POINT('Ctrl Pts',(280.230365384221,-44.94,7.39912027120595));
#14091=CARTESIAN_POINT('Ctrl Pts',(280.230365384221,-45.34,7.39912027120595));
#14092=CARTESIAN_POINT('Ctrl Pts',(280.434357251823,-44.9400988809156,6.25432991981511));
#14093=CARTESIAN_POINT('Ctrl Pts',(280.430399662977,-44.9400667478605,6.40434815855039));
#14094=CARTESIAN_POINT('Ctrl Pts',(280.426504729259,-44.94,6.55472176578032));
#14095=CARTESIAN_POINT('Ctrl Pts',(280.409999999999,-44.94,6.7038818455849));
#14096=CARTESIAN_POINT('Ctrl Pts',(280.434357251823,-45.34,6.25432991981511));
#14097=CARTESIAN_POINT('Ctrl Pts',(280.428785741373,-45.34,6.46552623590242));
#14098=CARTESIAN_POINT('Ctrl Pts',(280.418435499051,-45.34,6.85786742748068));
#14099=CARTESIAN_POINT('Ctrl Pts',(280.289770380246,-45.34,7.22815678208964));
#14100=CARTESIAN_POINT('Ctrl Pts',(280.230365384221,-45.34,7.39912027120595));
#14101=CARTESIAN_POINT('Origin',(263.828810591102,-45.34,6.2817319631577));
#14102=CARTESIAN_POINT('Origin',(280.409999999999,-47.94,0.));
#14103=CARTESIAN_POINT('',(283.409999999999,-47.94,9.));
#14104=CARTESIAN_POINT('Origin',(280.409999999999,-47.94,9.));
#14105=CARTESIAN_POINT('',(283.409999999999,-47.94,-1.5));
#14106=CARTESIAN_POINT('',(283.409999999999,-47.94,0.));
#14107=CARTESIAN_POINT('Origin',(280.409999999999,-47.94,-1.5));
#14108=CARTESIAN_POINT('Origin',(193.41,-44.94,0.));
#14109=CARTESIAN_POINT('Origin',(283.409999999999,-113.932179855668,-1.75));
#14110=CARTESIAN_POINT('',(197.917820144332,-113.932179855668,2.25));
#14111=CARTESIAN_POINT('',(199.91,-111.94,1.71860482365334));
#14112=CARTESIAN_POINT('Origin',(197.917820144332,-113.932179855668,-1.75));
#14113=CARTESIAN_POINT('',(196.41,-113.932179855668,2.25));
#14114=CARTESIAN_POINT('',(283.409999999999,-113.932179855668,2.25));
#14115=CARTESIAN_POINT('',(196.41,-109.94,-1.5));
#14116=CARTESIAN_POINT('Origin',(196.41,-113.932179855668,-1.75));
#14117=CARTESIAN_POINT('',(199.91,-109.94,-1.5));
#14118=CARTESIAN_POINT('',(283.409999999999,-109.94,-1.5));
#14119=CARTESIAN_POINT('',(201.324213562393,-110.525786437632,0.346779406955261));
#14120=CARTESIAN_POINT('Ctrl Pts',(201.324213562373,-110.525786437627,0.346779406978102));
#14121=CARTESIAN_POINT('Ctrl Pts',(201.082295548833,-110.283868424087,-0.0462366281302955));
#14122=CARTESIAN_POINT('Ctrl Pts',(200.74709756226,-110.096328280767,-0.539638868478084));
#14123=CARTESIAN_POINT('Ctrl Pts',(200.360604214793,-109.989570632789,-1.06534439946612));
#14124=CARTESIAN_POINT('Ctrl Pts',(200.271748277094,-109.971082292436,-1.18401645793238));
#14125=CARTESIAN_POINT('Ctrl Pts',(200.14309719228,-109.953158172724,-1.33763583487525));
#14126=CARTESIAN_POINT('Ctrl Pts',(200.101944881949,-109.948777511441,-1.38390417384891));
#14127=CARTESIAN_POINT('Ctrl Pts',(200.038225484495,-109.944000424431,-1.44210190925628));
#14128=CARTESIAN_POINT('Ctrl Pts',(200.01706600529,-109.942729520729,-1.45933197128462));
#14129=CARTESIAN_POINT('Ctrl Pts',(199.981840573552,-109.941256140089,-1.48059620696851));
#14130=CARTESIAN_POINT('Ctrl Pts',(199.969567753416,-109.940842012324,-1.48684678039936));
#14131=CARTESIAN_POINT('Ctrl Pts',(199.942401915254,-109.940215420994,-1.49654379071609));
#14132=CARTESIAN_POINT('Ctrl Pts',(199.927512454835,-109.94,-1.5));
#14133=CARTESIAN_POINT('Ctrl Pts',(199.91,-109.94,-1.5));
#14134=CARTESIAN_POINT('Origin',(197.917820144332,-113.932179855668,-1.75));
#14135=CARTESIAN_POINT('Origin',(196.41,-109.94,2.25));
#14136=CARTESIAN_POINT('',(197.917820144332,-124.821948390244,2.25));
#14137=CARTESIAN_POINT('',(197.917820144332,-136.84,2.25));
#14138=CARTESIAN_POINT('',(196.41,-119.129291564826,2.25));
#14139=CARTESIAN_POINT('Origin',(207.91,-119.129291564826,2.25));
#14140=CARTESIAN_POINT('',(196.41,-109.94,2.25));
#14141=CARTESIAN_POINT('Origin',(197.917820144332,-136.84,-1.75));
#14142=CARTESIAN_POINT('',(201.91,-111.94,-1.5));
#14143=CARTESIAN_POINT('Origin',(197.917820144332,-111.94,-1.75));
#14144=CARTESIAN_POINT('',(201.91,-128.94,-1.5));
#14145=CARTESIAN_POINT('',(201.91,-136.84,-1.5));
#14146=CARTESIAN_POINT('Ctrl Pts',(201.91,-128.94,-1.5));
#14147=CARTESIAN_POINT('Ctrl Pts',(201.89544140314,-128.931096302399,-1.2675178515602));
#14148=CARTESIAN_POINT('Ctrl Pts',(201.859263442785,-128.909024098221,-1.02708061473053));
#14149=CARTESIAN_POINT('Ctrl Pts',(201.723681095246,-128.824031583753,-0.476194168714267));
#14150=CARTESIAN_POINT('Ctrl Pts',(201.60512124541,-128.748273536425,-0.172220653389222));
#14151=CARTESIAN_POINT('Ctrl Pts',(201.31321313667,-128.550997690372,0.392163923464844));
#14152=CARTESIAN_POINT('Ctrl Pts',(201.105791625062,-128.404985695358,0.690304370573633));
#14153=CARTESIAN_POINT('Ctrl Pts',(200.642520315,-128.046661913479,1.19860219224267));
#14154=CARTESIAN_POINT('Ctrl Pts',(200.387719717199,-127.833813643129,1.40933678610861));
#14155=CARTESIAN_POINT('Ctrl Pts',(199.6198461874,-127.131796694402,1.92585960488944));
#14156=CARTESIAN_POINT('Ctrl Pts',(199.104618383836,-126.567368849094,2.09870119693169));
#14157=CARTESIAN_POINT('Ctrl Pts',(198.383085228387,-125.585263142661,2.23158231755558));
#14158=CARTESIAN_POINT('Ctrl Pts',(198.140098738662,-125.212108514194,2.24999999999996));
#14159=CARTESIAN_POINT('Ctrl Pts',(197.917820144333,-124.821948390245,2.24999999999999));
#14160=CARTESIAN_POINT('Origin',(197.917820144332,-136.84,-1.75));
#14161=CARTESIAN_POINT('Ctrl Pts',(201.91,-111.94,-1.5));
#14162=CARTESIAN_POINT('Ctrl Pts',(201.91,-111.910724867083,-1.49999999999999));
#14163=CARTESIAN_POINT('Ctrl Pts',(201.909437472496,-111.888138938751,-1.49092710342543));
#14164=CARTESIAN_POINT('Ctrl Pts',(201.907910367927,-111.84622369424,-1.46838393033955));
#14165=CARTESIAN_POINT('Ctrl Pts',(201.906907571949,-111.827226172703,-1.4543046761739));
#14166=CARTESIAN_POINT('Ctrl Pts',(201.903176071003,-111.770660080824,-1.40654775435561));
#14167=CARTESIAN_POINT('Ctrl Pts',(201.899778795228,-111.734540888455,-1.36815009803903));
#14168=CARTESIAN_POINT('Ctrl Pts',(201.88614193112,-111.623151073236,-1.24025103093989));
#14169=CARTESIAN_POINT('Ctrl Pts',(201.872382777729,-111.547364151816,-1.14146842806999));
#14170=CARTESIAN_POINT('Ctrl Pts',(201.789134662432,-111.196873059742,-0.673992071448334));
#14171=CARTESIAN_POINT('Ctrl Pts',(201.637615933185,-110.88772854826,-0.222610732356574));
#14172=CARTESIAN_POINT('Ctrl Pts',(201.406341588457,-110.611770277726,0.208618973330179));
#14173=CARTESIAN_POINT('Ctrl Pts',(201.366805318632,-110.568378193887,0.277585538655967));
#14174=CARTESIAN_POINT('Ctrl Pts',(201.324213562392,-110.525786437646,0.346779406946643));
#14175=CARTESIAN_POINT('Origin',(283.409999999999,-113.932179855668,9.25));
#14176=CARTESIAN_POINT('',(196.41,-109.94,9.));
#14177=CARTESIAN_POINT('',(196.41,-113.932179855668,5.25));
#14178=CARTESIAN_POINT('Origin',(196.41,-113.932179855668,9.25));
#14179=CARTESIAN_POINT('',(197.917820144332,-113.932179855668,5.25));
#14180=CARTESIAN_POINT('',(283.409999999999,-113.932179855668,5.25));
#14181=CARTESIAN_POINT('',(199.91,-111.94,5.78139517634666));
#14182=CARTESIAN_POINT('Origin',(197.917820144332,-113.932179855668,9.25));
#14183=CARTESIAN_POINT('',(201.324213562393,-110.525786437632,7.15322059304474));
#14184=CARTESIAN_POINT('Origin',(197.917820144332,-113.932179855668,9.25));
#14185=CARTESIAN_POINT('',(199.91,-109.94,9.));
#14186=CARTESIAN_POINT('Ctrl Pts',(199.91,-109.94,9.));
#14187=CARTESIAN_POINT('Ctrl Pts',(199.939275132917,-109.94,9.));
#14188=CARTESIAN_POINT('Ctrl Pts',(199.961861061249,-109.940562527504,8.99092710342542));
#14189=CARTESIAN_POINT('Ctrl Pts',(200.00377630576,-109.942089632073,8.96838393033945));
#14190=CARTESIAN_POINT('Ctrl Pts',(200.022773827297,-109.943092428051,8.95430467617377));
#14191=CARTESIAN_POINT('Ctrl Pts',(200.079339919176,-109.946823928997,8.90654775435548));
#14192=CARTESIAN_POINT('Ctrl Pts',(200.115459111545,-109.950221204772,8.86815009803902));
#14193=CARTESIAN_POINT('Ctrl Pts',(200.226848926764,-109.96385806888,8.74025103093986));
#14194=CARTESIAN_POINT('Ctrl Pts',(200.302635848184,-109.977617222271,8.64146842806999));
#14195=CARTESIAN_POINT('Ctrl Pts',(200.653126940258,-110.060865337568,8.17399207144834));
#14196=CARTESIAN_POINT('Ctrl Pts',(200.96227145174,-110.212384066815,7.72261073235657));
#14197=CARTESIAN_POINT('Ctrl Pts',(201.23822972228,-110.443658411548,7.29138102666092));
#14198=CARTESIAN_POINT('Ctrl Pts',(201.281621806124,-110.483194681378,7.22241446132603));
#14199=CARTESIAN_POINT('Ctrl Pts',(201.32421356237,-110.525786437624,7.15322059302625));
#14200=CARTESIAN_POINT('',(283.409999999999,-109.94,9.));
#14201=CARTESIAN_POINT('Origin',(199.91,-111.94,0.));
#14202=CARTESIAN_POINT('',(201.91,-111.94,9.));
#14203=CARTESIAN_POINT('Ctrl Pts',(201.324213562393,-110.525786437646,7.1532205930534));
#14204=CARTESIAN_POINT('Ctrl Pts',(201.366805318632,-110.568378193887,7.22241446134406));
#14205=CARTESIAN_POINT('Ctrl Pts',(201.406341588457,-110.611770277726,7.29138102666983));
#14206=CARTESIAN_POINT('Ctrl Pts',(201.637615933185,-110.88772854826,7.72261073235657));
#14207=CARTESIAN_POINT('Ctrl Pts',(201.789134662432,-111.196873059742,8.17399207144833));
#14208=CARTESIAN_POINT('Ctrl Pts',(201.872382777729,-111.547364151816,8.64146842806999));
#14209=CARTESIAN_POINT('Ctrl Pts',(201.88614193112,-111.623151073236,8.74025103093989));
#14210=CARTESIAN_POINT('Ctrl Pts',(201.899778795228,-111.734540888455,8.86815009803903));
#14211=CARTESIAN_POINT('Ctrl Pts',(201.903176071003,-111.770660080825,8.90654775435535));
#14212=CARTESIAN_POINT('Ctrl Pts',(201.906907571949,-111.827226172703,8.95430467617365));
#14213=CARTESIAN_POINT('Ctrl Pts',(201.907910367927,-111.84622369424,8.96838393033941));
#14214=CARTESIAN_POINT('Ctrl Pts',(201.909437472496,-111.888138938751,8.99092710342533));
#14215=CARTESIAN_POINT('Ctrl Pts',(201.91,-111.910724867083,9.));
#14216=CARTESIAN_POINT('Ctrl Pts',(201.91,-111.94,9.));
#14217=CARTESIAN_POINT('Origin',(199.91,-111.94,9.));
#14218=CARTESIAN_POINT('Origin',(197.917820144332,-136.84,9.25));
#14219=CARTESIAN_POINT('Origin',(197.917820144332,-111.94,9.25));
#14220=CARTESIAN_POINT('Origin',(197.917820144332,-136.84,9.25));
#14221=CARTESIAN_POINT('',(197.917820144332,-124.821948390244,5.25));
#14222=CARTESIAN_POINT('',(197.917820144332,-136.84,5.25));
#14223=CARTESIAN_POINT('',(201.91,-128.94,9.));
#14224=CARTESIAN_POINT('Ctrl Pts',(197.917820144333,-124.821948390245,5.25000000000001));
#14225=CARTESIAN_POINT('Ctrl Pts',(198.140098738662,-125.212108514194,5.25000000000004));
#14226=CARTESIAN_POINT('Ctrl Pts',(198.383085228387,-125.585263142661,5.26841768244442));
#14227=CARTESIAN_POINT('Ctrl Pts',(199.104618383836,-126.567368849094,5.40129880306831));
#14228=CARTESIAN_POINT('Ctrl Pts',(199.6198461874,-127.131796694402,5.57414039511056));
#14229=CARTESIAN_POINT('Ctrl Pts',(200.387719717199,-127.833813643129,6.09066321389139));
#14230=CARTESIAN_POINT('Ctrl Pts',(200.642520315,-128.046661913479,6.30139780775733));
#14231=CARTESIAN_POINT('Ctrl Pts',(201.105791625062,-128.404985695358,6.80969562942637));
#14232=CARTESIAN_POINT('Ctrl Pts',(201.31321313667,-128.550997690372,7.10783607653516));
#14233=CARTESIAN_POINT('Ctrl Pts',(201.60512124541,-128.748273536425,7.67222065338922));
#14234=CARTESIAN_POINT('Ctrl Pts',(201.723681095246,-128.824031583753,7.97619416871427));
#14235=CARTESIAN_POINT('Ctrl Pts',(201.859263442785,-128.909024098221,8.52708061473052));
#14236=CARTESIAN_POINT('Ctrl Pts',(201.89544140314,-128.931096302399,8.7675178515602));
#14237=CARTESIAN_POINT('Ctrl Pts',(201.91,-128.94,9.));
#14238=CARTESIAN_POINT('',(201.91,-136.84,9.));
#14239=CARTESIAN_POINT('Origin',(201.91,-136.84,0.));
#14240=CARTESIAN_POINT('',(201.91,-128.94,1.875));
#14241=CARTESIAN_POINT('',(201.91,-134.84,-1.5));
#14242=CARTESIAN_POINT('',(201.91,-136.84,-1.5));
#14243=CARTESIAN_POINT('',(201.91,-134.84,9.));
#14244=CARTESIAN_POINT('',(201.91,-134.84,0.));
#14245=CARTESIAN_POINT('',(201.91,-136.84,9.));
#14246=CARTESIAN_POINT('Origin',(207.91,-119.129291564826,1.875));
#14247=CARTESIAN_POINT('',(196.41,-119.129291564826,5.25));
#14248=CARTESIAN_POINT('Origin',(207.91,-119.129291564826,5.25));
#14249=CARTESIAN_POINT('',(196.41,-119.129291564826,1.875));
#14250=CARTESIAN_POINT('Origin',(196.41,-109.94,5.25));
#14251=CARTESIAN_POINT('',(196.41,-109.94,5.25));
#14252=CARTESIAN_POINT('',(196.41,-109.94,0.));
#14253=CARTESIAN_POINT('Origin',(201.91,-109.94,5.25));
#14254=CARTESIAN_POINT('Origin',(261.51,-111.94,0.));
#14255=CARTESIAN_POINT('',(259.51,-111.94,-1.5));
#14256=CARTESIAN_POINT('',(261.51,-109.94,-1.5));
#14257=CARTESIAN_POINT('Origin',(261.51,-111.94,-1.5));
#14258=CARTESIAN_POINT('',(261.51,-109.94,9.));
#14259=CARTESIAN_POINT('',(261.51,-109.94,0.));
#14260=CARTESIAN_POINT('',(259.51,-111.94,9.));
#14261=CARTESIAN_POINT('Origin',(261.51,-111.94,9.));
#14262=CARTESIAN_POINT('',(259.51,-111.94,0.));
#14263=CARTESIAN_POINT('Origin',(283.409999999999,-109.94,0.));
#14264=CARTESIAN_POINT('',(280.409999999999,-109.94,-1.5));
#14265=CARTESIAN_POINT('',(283.409999999999,-109.94,-1.5));
#14266=CARTESIAN_POINT('',(280.409999999999,-109.94,9.));
#14267=CARTESIAN_POINT('',(280.409999999999,-109.94,0.));
#14268=CARTESIAN_POINT('',(283.409999999999,-109.94,9.));
#14269=CARTESIAN_POINT('Origin',(257.51,-134.84,0.));
#14270=CARTESIAN_POINT('',(259.51,-134.84,9.));
#14271=CARTESIAN_POINT('',(257.51,-136.84,9.));
#14272=CARTESIAN_POINT('Origin',(257.51,-134.84,9.));
#14273=CARTESIAN_POINT('',(257.51,-136.84,-1.5));
#14274=CARTESIAN_POINT('',(257.51,-136.84,0.));
#14275=CARTESIAN_POINT('',(259.51,-134.84,-1.5));
#14276=CARTESIAN_POINT('Origin',(257.51,-134.84,-1.5));
#14277=CARTESIAN_POINT('',(259.51,-134.84,0.));
#14278=CARTESIAN_POINT('Origin',(259.51,-136.84,0.));
#14279=CARTESIAN_POINT('',(203.91,-136.84,9.));
#14280=CARTESIAN_POINT('',(259.51,-136.84,9.));
#14281=CARTESIAN_POINT('',(203.91,-136.84,-1.5));
#14282=CARTESIAN_POINT('',(203.91,-136.84,0.));
#14283=CARTESIAN_POINT('',(259.51,-136.84,-1.5));
#14284=CARTESIAN_POINT('Origin',(238.41,-90.89,9.));
#14285=CARTESIAN_POINT('',(193.41,-47.94,9.));
#14286=CARTESIAN_POINT('Origin',(196.41,-47.94,9.));
#14287=CARTESIAN_POINT('',(193.41,-106.94,9.));
#14288=CARTESIAN_POINT('',(193.41,-109.94,9.));
#14289=CARTESIAN_POINT('Origin',(196.41,-106.94,9.));
#14290=CARTESIAN_POINT('Origin',(203.91,-134.84,9.));
#14291=CARTESIAN_POINT('',(259.51,-109.94,9.));
#14292=CARTESIAN_POINT('',(283.409999999999,-106.94,9.));
#14293=CARTESIAN_POINT('Origin',(280.409999999999,-106.94,9.));
#14294=CARTESIAN_POINT('',(283.409999999999,-44.94,9.));
#14295=CARTESIAN_POINT('',(280.009999999999,-46.34,9.));
#14296=CARTESIAN_POINT('',(194.81,-46.34,9.));
#14297=CARTESIAN_POINT('',(282.009999999999,-48.34,9.));
#14298=CARTESIAN_POINT('Origin',(280.009999999999,-48.34,9.));
#14299=CARTESIAN_POINT('',(282.009999999999,-106.54,9.));
#14300=CARTESIAN_POINT('',(282.009999999999,-46.34,9.));
#14301=CARTESIAN_POINT('',(280.009999999999,-108.54,9.));
#14302=CARTESIAN_POINT('Origin',(280.009999999999,-106.54,9.));
#14303=CARTESIAN_POINT('',(258.01,-108.54,9.));
#14304=CARTESIAN_POINT('',(282.009999999999,-108.54,9.));
#14305=CARTESIAN_POINT('',(258.01,-134.94,9.));
#14306=CARTESIAN_POINT('',(258.01,-97.2967624725649,9.));
#14307=CARTESIAN_POINT('',(257.61,-135.34,9.));
#14308=CARTESIAN_POINT('Origin',(258.01,-135.34,9.));
#14309=CARTESIAN_POINT('',(256.135,-135.34,9.));
#14310=CARTESIAN_POINT('',(258.01,-135.34,9.));
#14311=CARTESIAN_POINT('',(255.335,-135.34,9.));
#14312=CARTESIAN_POINT('Origin',(255.735,-135.34,9.));
#14313=CARTESIAN_POINT('',(253.86,-135.34,9.));
#14314=CARTESIAN_POINT('',(258.01,-135.34,9.));
#14315=CARTESIAN_POINT('',(253.06,-135.34,9.));
#14316=CARTESIAN_POINT('Origin',(253.46,-135.34,9.));
#14317=CARTESIAN_POINT('',(251.585,-135.34,9.));
#14318=CARTESIAN_POINT('',(258.01,-135.34,9.));
#14319=CARTESIAN_POINT('',(250.785,-135.34,9.));
#14320=CARTESIAN_POINT('Origin',(251.185,-135.34,9.));
#14321=CARTESIAN_POINT('',(249.31,-135.34,9.));
#14322=CARTESIAN_POINT('',(258.01,-135.34,9.));
#14323=CARTESIAN_POINT('',(248.51,-135.34,9.));
#14324=CARTESIAN_POINT('Origin',(248.91,-135.34,9.));
#14325=CARTESIAN_POINT('',(247.035,-135.34,9.));
#14326=CARTESIAN_POINT('',(258.01,-135.34,9.));
#14327=CARTESIAN_POINT('',(246.235,-135.34,9.));
#14328=CARTESIAN_POINT('Origin',(246.635,-135.34,9.));
#14329=CARTESIAN_POINT('',(244.76,-135.34,9.));
#14330=CARTESIAN_POINT('',(258.01,-135.34,9.));
#14331=CARTESIAN_POINT('',(243.96,-135.34,9.));
#14332=CARTESIAN_POINT('Origin',(244.36,-135.34,9.));
#14333=CARTESIAN_POINT('',(242.485,-135.34,9.));
#14334=CARTESIAN_POINT('',(258.01,-135.34,9.));
#14335=CARTESIAN_POINT('',(241.685,-135.34,9.));
#14336=CARTESIAN_POINT('Origin',(242.085,-135.34,9.));
#14337=CARTESIAN_POINT('',(240.21,-135.34,9.));
#14338=CARTESIAN_POINT('',(258.01,-135.34,9.));
#14339=CARTESIAN_POINT('',(239.41,-135.34,9.));
#14340=CARTESIAN_POINT('Origin',(239.81,-135.34,9.));
#14341=CARTESIAN_POINT('',(237.935,-135.34,9.));
#14342=CARTESIAN_POINT('',(258.01,-135.34,9.));
#14343=CARTESIAN_POINT('',(237.135,-135.34,9.));
#14344=CARTESIAN_POINT('Origin',(237.535,-135.34,9.));
#14345=CARTESIAN_POINT('',(235.66,-135.34,9.));
#14346=CARTESIAN_POINT('',(258.01,-135.34,9.));
#14347=CARTESIAN_POINT('',(234.86,-135.34,9.));
#14348=CARTESIAN_POINT('Origin',(235.26,-135.34,9.));
#14349=CARTESIAN_POINT('',(233.385,-135.34,9.));
#14350=CARTESIAN_POINT('',(258.01,-135.34,9.));
#14351=CARTESIAN_POINT('',(232.585,-135.34,9.));
#14352=CARTESIAN_POINT('Origin',(232.985,-135.34,9.));
#14353=CARTESIAN_POINT('',(231.11,-135.34,9.));
#14354=CARTESIAN_POINT('',(258.01,-135.34,9.));
#14355=CARTESIAN_POINT('',(230.31,-135.34,9.));
#14356=CARTESIAN_POINT('Origin',(230.71,-135.34,9.));
#14357=CARTESIAN_POINT('',(228.835,-135.34,9.));
#14358=CARTESIAN_POINT('',(258.01,-135.34,9.));
#14359=CARTESIAN_POINT('',(228.035,-135.34,9.));
#14360=CARTESIAN_POINT('Origin',(228.435,-135.34,9.));
#14361=CARTESIAN_POINT('',(226.56,-135.34,9.));
#14362=CARTESIAN_POINT('',(258.01,-135.34,9.));
#14363=CARTESIAN_POINT('',(225.76,-135.34,9.));
#14364=CARTESIAN_POINT('Origin',(226.16,-135.34,9.));
#14365=CARTESIAN_POINT('',(224.285,-135.34,9.));
#14366=CARTESIAN_POINT('',(258.01,-135.34,9.));
#14367=CARTESIAN_POINT('',(223.485,-135.34,9.));
#14368=CARTESIAN_POINT('Origin',(223.885,-135.34,9.));
#14369=CARTESIAN_POINT('',(222.01,-135.34,9.));
#14370=CARTESIAN_POINT('',(258.01,-135.34,9.));
#14371=CARTESIAN_POINT('',(221.21,-135.34,9.));
#14372=CARTESIAN_POINT('Origin',(221.61,-135.34,9.));
#14373=CARTESIAN_POINT('',(219.735,-135.34,9.));
#14374=CARTESIAN_POINT('',(258.01,-135.34,9.));
#14375=CARTESIAN_POINT('',(218.935,-135.34,9.));
#14376=CARTESIAN_POINT('Origin',(219.335,-135.34,9.));
#14377=CARTESIAN_POINT('',(217.46,-135.34,9.));
#14378=CARTESIAN_POINT('',(258.01,-135.34,9.));
#14379=CARTESIAN_POINT('',(216.66,-135.34,9.));
#14380=CARTESIAN_POINT('Origin',(217.06,-135.34,9.));
#14381=CARTESIAN_POINT('',(215.185,-135.34,9.));
#14382=CARTESIAN_POINT('',(258.01,-135.34,9.));
#14383=CARTESIAN_POINT('',(214.385,-135.34,9.));
#14384=CARTESIAN_POINT('Origin',(214.785,-135.34,9.));
#14385=CARTESIAN_POINT('',(212.91,-135.34,9.));
#14386=CARTESIAN_POINT('',(258.01,-135.34,9.));
#14387=CARTESIAN_POINT('',(212.11,-135.34,9.));
#14388=CARTESIAN_POINT('Origin',(212.51,-135.34,9.));
#14389=CARTESIAN_POINT('',(210.635,-135.34,9.));
#14390=CARTESIAN_POINT('',(258.01,-135.34,9.));
#14391=CARTESIAN_POINT('',(209.835,-135.34,9.));
#14392=CARTESIAN_POINT('Origin',(210.235,-135.34,9.));
#14393=CARTESIAN_POINT('',(208.36,-135.34,9.));
#14394=CARTESIAN_POINT('',(258.01,-135.34,9.));
#14395=CARTESIAN_POINT('',(207.56,-135.34,9.));
#14396=CARTESIAN_POINT('Origin',(207.96,-135.34,9.));
#14397=CARTESIAN_POINT('',(206.085,-135.34,9.));
#14398=CARTESIAN_POINT('',(258.01,-135.34,9.));
#14399=CARTESIAN_POINT('',(205.285,-135.34,9.));
#14400=CARTESIAN_POINT('Origin',(205.685,-135.34,9.));
#14401=CARTESIAN_POINT('',(203.81,-135.34,9.));
#14402=CARTESIAN_POINT('',(258.01,-135.34,9.));
#14403=CARTESIAN_POINT('',(203.41,-134.94,9.));
#14404=CARTESIAN_POINT('Origin',(203.41,-135.34,9.));
#14405=CARTESIAN_POINT('',(203.41,-109.94,9.));
#14406=CARTESIAN_POINT('',(203.41,-135.34,9.));
#14407=CARTESIAN_POINT('',(254.01,-109.94,9.));
#14408=CARTESIAN_POINT('',(283.409999999999,-109.94,9.));
#14409=CARTESIAN_POINT('',(254.01,-108.54,9.));
#14410=CARTESIAN_POINT('',(254.01,-100.415,9.));
#14411=CARTESIAN_POINT('',(196.81,-108.54,9.));
#14412=CARTESIAN_POINT('',(282.009999999999,-108.54,9.));
#14413=CARTESIAN_POINT('',(194.81,-106.54,9.));
#14414=CARTESIAN_POINT('Origin',(196.81,-106.54,9.));
#14415=CARTESIAN_POINT('',(194.81,-48.34,9.));
#14416=CARTESIAN_POINT('',(194.81,-108.54,9.));
#14417=CARTESIAN_POINT('',(196.81,-46.34,9.));
#14418=CARTESIAN_POINT('Origin',(196.81,-48.34,9.));
#14419=CARTESIAN_POINT('',(194.81,-46.34,9.));
#14420=CARTESIAN_POINT('Origin',(203.91,-134.84,0.));
#14421=CARTESIAN_POINT('Origin',(203.91,-134.84,-1.5));
#14422=CARTESIAN_POINT('Origin',(238.41,-90.89,-1.5));
#14423=CARTESIAN_POINT('Origin',(199.91,-111.94,-1.5));
#14424=CARTESIAN_POINT('',(193.41,-106.94,-1.5));
#14425=CARTESIAN_POINT('Origin',(196.41,-106.94,-1.5));
#14426=CARTESIAN_POINT('',(193.41,-47.94,-1.5));
#14427=CARTESIAN_POINT('',(193.41,-109.94,-1.5));
#14428=CARTESIAN_POINT('Origin',(196.41,-47.94,-1.5));
#14429=CARTESIAN_POINT('',(283.409999999999,-106.94,-1.5));
#14430=CARTESIAN_POINT('',(283.409999999999,-44.94,-1.5));
#14431=CARTESIAN_POINT('Origin',(280.409999999999,-106.94,-1.5));
#14432=CARTESIAN_POINT('',(259.51,-109.94,-1.5));
#14433=CARTESIAN_POINT('',(258.01,-134.94,-1.5));
#14434=CARTESIAN_POINT('',(258.01,-109.94,-1.5));
#14435=CARTESIAN_POINT('',(258.01,-109.94,-1.5));
#14436=CARTESIAN_POINT('',(203.41,-109.94,-1.5));
#14437=CARTESIAN_POINT('',(283.409999999999,-109.94,-1.5));
#14438=CARTESIAN_POINT('',(203.41,-134.94,-1.5));
#14439=CARTESIAN_POINT('',(203.41,-135.34,-1.5));
#14440=CARTESIAN_POINT('',(203.81,-135.34,-1.5));
#14441=CARTESIAN_POINT('Origin',(203.41,-135.34,-1.5));
#14442=CARTESIAN_POINT('',(205.285,-135.34,-1.5));
#14443=CARTESIAN_POINT('',(258.01,-135.34,-1.5));
#14444=CARTESIAN_POINT('',(206.085,-135.34,-1.5));
#14445=CARTESIAN_POINT('Origin',(205.685,-135.34,-1.5));
#14446=CARTESIAN_POINT('',(207.56,-135.34,-1.5));
#14447=CARTESIAN_POINT('',(258.01,-135.34,-1.5));
#14448=CARTESIAN_POINT('',(208.36,-135.34,-1.5));
#14449=CARTESIAN_POINT('Origin',(207.96,-135.34,-1.5));
#14450=CARTESIAN_POINT('',(209.835,-135.34,-1.5));
#14451=CARTESIAN_POINT('',(258.01,-135.34,-1.5));
#14452=CARTESIAN_POINT('',(210.635,-135.34,-1.5));
#14453=CARTESIAN_POINT('Origin',(210.235,-135.34,-1.5));
#14454=CARTESIAN_POINT('',(212.11,-135.34,-1.5));
#14455=CARTESIAN_POINT('',(258.01,-135.34,-1.5));
#14456=CARTESIAN_POINT('',(212.91,-135.34,-1.5));
#14457=CARTESIAN_POINT('Origin',(212.51,-135.34,-1.5));
#14458=CARTESIAN_POINT('',(214.385,-135.34,-1.5));
#14459=CARTESIAN_POINT('',(258.01,-135.34,-1.5));
#14460=CARTESIAN_POINT('',(215.185,-135.34,-1.5));
#14461=CARTESIAN_POINT('Origin',(214.785,-135.34,-1.5));
#14462=CARTESIAN_POINT('',(216.66,-135.34,-1.5));
#14463=CARTESIAN_POINT('',(258.01,-135.34,-1.5));
#14464=CARTESIAN_POINT('',(217.46,-135.34,-1.5));
#14465=CARTESIAN_POINT('Origin',(217.06,-135.34,-1.5));
#14466=CARTESIAN_POINT('',(218.935,-135.34,-1.5));
#14467=CARTESIAN_POINT('',(258.01,-135.34,-1.5));
#14468=CARTESIAN_POINT('',(219.735,-135.34,-1.5));
#14469=CARTESIAN_POINT('Origin',(219.335,-135.34,-1.5));
#14470=CARTESIAN_POINT('',(221.21,-135.34,-1.5));
#14471=CARTESIAN_POINT('',(258.01,-135.34,-1.5));
#14472=CARTESIAN_POINT('',(222.01,-135.34,-1.5));
#14473=CARTESIAN_POINT('Origin',(221.61,-135.34,-1.5));
#14474=CARTESIAN_POINT('',(223.485,-135.34,-1.5));
#14475=CARTESIAN_POINT('',(258.01,-135.34,-1.5));
#14476=CARTESIAN_POINT('',(224.285,-135.34,-1.5));
#14477=CARTESIAN_POINT('Origin',(223.885,-135.34,-1.5));
#14478=CARTESIAN_POINT('',(225.76,-135.34,-1.5));
#14479=CARTESIAN_POINT('',(258.01,-135.34,-1.5));
#14480=CARTESIAN_POINT('',(226.56,-135.34,-1.5));
#14481=CARTESIAN_POINT('Origin',(226.16,-135.34,-1.5));
#14482=CARTESIAN_POINT('',(228.035,-135.34,-1.5));
#14483=CARTESIAN_POINT('',(258.01,-135.34,-1.5));
#14484=CARTESIAN_POINT('',(228.835,-135.34,-1.5));
#14485=CARTESIAN_POINT('Origin',(228.435,-135.34,-1.5));
#14486=CARTESIAN_POINT('',(230.31,-135.34,-1.5));
#14487=CARTESIAN_POINT('',(258.01,-135.34,-1.5));
#14488=CARTESIAN_POINT('',(231.11,-135.34,-1.5));
#14489=CARTESIAN_POINT('Origin',(230.71,-135.34,-1.5));
#14490=CARTESIAN_POINT('',(232.585,-135.34,-1.5));
#14491=CARTESIAN_POINT('',(258.01,-135.34,-1.5));
#14492=CARTESIAN_POINT('',(233.385,-135.34,-1.5));
#14493=CARTESIAN_POINT('Origin',(232.985,-135.34,-1.5));
#14494=CARTESIAN_POINT('',(234.86,-135.34,-1.5));
#14495=CARTESIAN_POINT('',(258.01,-135.34,-1.5));
#14496=CARTESIAN_POINT('',(235.66,-135.34,-1.5));
#14497=CARTESIAN_POINT('Origin',(235.26,-135.34,-1.5));
#14498=CARTESIAN_POINT('',(237.135,-135.34,-1.5));
#14499=CARTESIAN_POINT('',(258.01,-135.34,-1.5));
#14500=CARTESIAN_POINT('',(237.935,-135.34,-1.5));
#14501=CARTESIAN_POINT('Origin',(237.535,-135.34,-1.5));
#14502=CARTESIAN_POINT('',(239.41,-135.34,-1.5));
#14503=CARTESIAN_POINT('',(258.01,-135.34,-1.5));
#14504=CARTESIAN_POINT('',(240.21,-135.34,-1.5));
#14505=CARTESIAN_POINT('Origin',(239.81,-135.34,-1.5));
#14506=CARTESIAN_POINT('',(241.685,-135.34,-1.5));
#14507=CARTESIAN_POINT('',(258.01,-135.34,-1.5));
#14508=CARTESIAN_POINT('',(242.485,-135.34,-1.5));
#14509=CARTESIAN_POINT('Origin',(242.085,-135.34,-1.5));
#14510=CARTESIAN_POINT('',(243.96,-135.34,-1.5));
#14511=CARTESIAN_POINT('',(258.01,-135.34,-1.5));
#14512=CARTESIAN_POINT('',(244.76,-135.34,-1.5));
#14513=CARTESIAN_POINT('Origin',(244.36,-135.34,-1.5));
#14514=CARTESIAN_POINT('',(246.235,-135.34,-1.5));
#14515=CARTESIAN_POINT('',(258.01,-135.34,-1.5));
#14516=CARTESIAN_POINT('',(247.035,-135.34,-1.5));
#14517=CARTESIAN_POINT('Origin',(246.635,-135.34,-1.5));
#14518=CARTESIAN_POINT('',(248.51,-135.34,-1.5));
#14519=CARTESIAN_POINT('',(258.01,-135.34,-1.5));
#14520=CARTESIAN_POINT('',(249.31,-135.34,-1.5));
#14521=CARTESIAN_POINT('Origin',(248.91,-135.34,-1.5));
#14522=CARTESIAN_POINT('',(250.785,-135.34,-1.5));
#14523=CARTESIAN_POINT('',(258.01,-135.34,-1.5));
#14524=CARTESIAN_POINT('',(251.585,-135.34,-1.5));
#14525=CARTESIAN_POINT('Origin',(251.185,-135.34,-1.5));
#14526=CARTESIAN_POINT('',(253.06,-135.34,-1.5));
#14527=CARTESIAN_POINT('',(258.01,-135.34,-1.5));
#14528=CARTESIAN_POINT('',(253.86,-135.34,-1.5));
#14529=CARTESIAN_POINT('Origin',(253.46,-135.34,-1.5));
#14530=CARTESIAN_POINT('',(255.335,-135.34,-1.5));
#14531=CARTESIAN_POINT('',(258.01,-135.34,-1.5));
#14532=CARTESIAN_POINT('',(256.135,-135.34,-1.5));
#14533=CARTESIAN_POINT('Origin',(255.735,-135.34,-1.5));
#14534=CARTESIAN_POINT('',(257.61,-135.34,-1.5));
#14535=CARTESIAN_POINT('',(258.01,-135.34,-1.5));
#14536=CARTESIAN_POINT('Origin',(258.01,-135.34,-1.5));
#14537=CARTESIAN_POINT('Origin',(199.91,-111.94,0.));
#14538=CARTESIAN_POINT('Origin',(238.41,-90.89,0.));
#14539=CARTESIAN_POINT('',(276.117600963634,-106.54,0.));
#14540=CARTESIAN_POINT('',(256.01,-106.54,0.));
#14541=CARTESIAN_POINT('',(260.209999999999,-106.54,0.));
#14542=CARTESIAN_POINT('',(275.91,-105.55444909244,0.));
#14543=CARTESIAN_POINT('Origin',(278.90578576289,-105.43804350183,0.));
#14544=CARTESIAN_POINT('',(275.91,-105.44,0.));
#14545=CARTESIAN_POINT('',(275.91,-98.165,0.));
#14546=CARTESIAN_POINT('',(275.912360000007,-105.271656,0.));
#14547=CARTESIAN_POINT('',(276.009463344727,-98.3450604564316,0.));
#14548=CARTESIAN_POINT('',(280.009999999999,-102.650752071566,0.));
#14549=CARTESIAN_POINT('Origin',(278.90578576289,-105.43804350183,0.));
#14550=CARTESIAN_POINT('',(280.009999999999,-52.2253349320944,0.));
#14551=CARTESIAN_POINT('',(280.009999999999,-68.615,0.));
#14552=CARTESIAN_POINT('',(275.91,-49.5544490924403,0.));
#14553=CARTESIAN_POINT('Origin',(278.90578576289,-49.43804350183,0.));
#14554=CARTESIAN_POINT('',(275.91,-49.44,0.));
#14555=CARTESIAN_POINT('',(275.91,-70.165,0.));
#14556=CARTESIAN_POINT('',(275.912360000007,-49.2716560000004,0.));
#14557=CARTESIAN_POINT('',(275.617010891524,-70.3395586993832,0.));
#14558=CARTESIAN_POINT('',(276.116057627973,-48.34,0.));
#14559=CARTESIAN_POINT('Origin',(278.90578576289,-49.43804350183,0.));
#14560=CARTESIAN_POINT('',(200.695513897807,-48.34,0.));
#14561=CARTESIAN_POINT('',(216.61,-48.34,0.));
#14562=CARTESIAN_POINT('',(196.81,-52.2286592332605,0.));
#14563=CARTESIAN_POINT('Origin',(197.90578576289,-49.43804350183,0.));
#14564=CARTESIAN_POINT('',(196.81,-102.6474277704,0.));
#14565=CARTESIAN_POINT('',(196.81,-99.715,0.));
#14566=CARTESIAN_POINT('',(200.693970562146,-106.54,0.));
#14567=CARTESIAN_POINT('Origin',(197.90578576289,-105.43804350183,0.));
#14568=CARTESIAN_POINT('',(260.209999999999,-106.54,0.));
#14569=CARTESIAN_POINT('Origin',(256.01,-100.415,2.));
#14570=CARTESIAN_POINT('',(254.01,-108.54,2.));
#14571=CARTESIAN_POINT('Origin',(256.01,-106.54,2.));
#14572=CARTESIAN_POINT('',(254.01,-109.94,2.));
#14573=CARTESIAN_POINT('',(254.01,-100.415,2.));
#14574=CARTESIAN_POINT('',(258.01,-109.94,2.));
#14575=CARTESIAN_POINT('Origin',(256.01,-109.94,2.));
#14576=CARTESIAN_POINT('',(258.01,-108.54,2.));
#14577=CARTESIAN_POINT('',(258.01,-113.115,2.));
#14578=CARTESIAN_POINT('Origin',(256.01,-106.54,2.));
#14579=CARTESIAN_POINT('Origin',(254.01,-109.94,9.));
#14580=CARTESIAN_POINT('',(254.01,-108.54,4.5));
#14581=CARTESIAN_POINT('',(254.01,-109.94,4.5));
#14582=CARTESIAN_POINT('Origin',(280.009999999999,-106.54,2.));
#14583=CARTESIAN_POINT('',(280.009999999246,-108.225334932691,0.923131315037949));
#14584=CARTESIAN_POINT('',(281.693970562756,-106.539999999228,0.920999006594674));
#14585=CARTESIAN_POINT('Ctrl Pts',(280.009999998982,-108.225334932497,0.92313131473515));
#14586=CARTESIAN_POINT('Ctrl Pts',(280.066797038514,-108.202834199733,0.887916927399209));
#14587=CARTESIAN_POINT('Ctrl Pts',(280.123631594516,-108.178231366582,0.856537985132387));
#14588=CARTESIAN_POINT('Ctrl Pts',(280.31724492807,-108.087569403536,0.759231229626399));
#14589=CARTESIAN_POINT('Ctrl Pts',(280.471228941275,-108.00125567146,0.701626338453276));
#14590=CARTESIAN_POINT('Ctrl Pts',(280.766604648509,-107.795589268068,0.627112737909663));
#14591=CARTESIAN_POINT('Ctrl Pts',(280.907854507395,-107.676096447373,0.610028852121639));
#14592=CARTESIAN_POINT('Ctrl Pts',(281.147931748662,-107.43552732486,0.610028852121639));
#14593=CARTESIAN_POINT('Ctrl Pts',(281.267135216355,-107.294033190272,0.627112737909647));
#14594=CARTESIAN_POINT('Ctrl Pts',(281.472196629643,-106.998237154651,0.701626338453267));
#14595=CARTESIAN_POINT('Ctrl Pts',(281.558195014623,-106.844076801615,0.759231229626377));
#14596=CARTESIAN_POINT('Ctrl Pts',(281.647955870284,-106.651361765022,0.855993980139503));
#14597=CARTESIAN_POINT('Ctrl Pts',(281.67195936289,-106.595693025403,0.886646663182526));
#14598=CARTESIAN_POINT('Ctrl Pts',(281.693970562557,-106.539999998959,0.920999006285));
#14599=CARTESIAN_POINT('',(280.009999999999,-108.54,2.));
#14600=CARTESIAN_POINT('Origin',(280.009999999999,-106.54,2.));
#14601=CARTESIAN_POINT('',(282.009999999999,-106.54,2.));
#14602=CARTESIAN_POINT('Origin',(280.009999999999,-106.54,2.));
#14603=CARTESIAN_POINT('Origin',(280.009999999999,-106.54,2.));
#14604=CARTESIAN_POINT('Origin',(280.009999999999,-106.54,0.));
#14605=CARTESIAN_POINT('',(280.009999999999,-108.54,0.));
#14606=CARTESIAN_POINT('',(282.009999999999,-106.54,0.));
#14607=CARTESIAN_POINT('Origin',(282.009999999999,-108.54,0.));
#14608=CARTESIAN_POINT('',(260.209999999999,-108.54,2.));
#14609=CARTESIAN_POINT('',(258.01,-108.54,4.5));
#14610=CARTESIAN_POINT('Origin',(260.209999999999,-106.54,2.));
#14611=CARTESIAN_POINT('Ctrl Pts',(280.009999998982,-108.225334932497,0.923131314735144));
#14612=CARTESIAN_POINT('Ctrl Pts',(279.87839796464,-108.277470435165,1.00472509220425));
#14613=CARTESIAN_POINT('Ctrl Pts',(279.744897918015,-108.319727702941,1.08420959588899));
#14614=CARTESIAN_POINT('Ctrl Pts',(279.392058582033,-108.404690452188,1.26647885160764));
#14615=CARTESIAN_POINT('Ctrl Pts',(279.171663004658,-108.436089965556,1.36372738349203));
#14616=CARTESIAN_POINT('Ctrl Pts',(278.639908521122,-108.436089965556,1.36372738349203));
#14617=CARTESIAN_POINT('Ctrl Pts',(278.419512943747,-108.404690452188,1.26647885160762));
#14618=CARTESIAN_POINT('Ctrl Pts',(277.988243536505,-108.300841955809,1.04369429825437));
#14619=CARTESIAN_POINT('Ctrl Pts',(277.781012364505,-108.22631611737,0.912135309923588));
#14620=CARTESIAN_POINT('Ctrl Pts',(277.171824964185,-107.925381369156,0.520417280597938));
#14621=CARTESIAN_POINT('Ctrl Pts',(276.791533810404,-107.62422012347,0.263403201994258));
#14622=CARTESIAN_POINT('Ctrl Pts',(276.360534048433,-107.037161374116,0.053873622351674));
#14623=CARTESIAN_POINT('Ctrl Pts',(276.238184710434,-106.827338550917,0.00835406722916952));
#14624=CARTESIAN_POINT('Ctrl Pts',(276.135227089805,-106.583838393037,0.000361866593070021));
#14625=CARTESIAN_POINT('Ctrl Pts',(276.126279916963,-106.561959601659,5.56635265773408E-16));
#14626=CARTESIAN_POINT('Ctrl Pts',(276.117600963634,-106.54,5.55111512312578E-16));
#14627=CARTESIAN_POINT('Origin',(280.009999999999,-48.34,2.));
#14628=CARTESIAN_POINT('',(281.695513898435,-48.3400000007972,0.923411453627558));
#14629=CARTESIAN_POINT('',(280.009999999256,-46.6507520709765,0.929279945882269));
#14630=CARTESIAN_POINT('Ctrl Pts',(281.69551389823,-48.3400000010749,0.923411453307469));
#14631=CARTESIAN_POINT('Ctrl Pts',(281.673592236004,-48.284305051062,0.889090758991712));
#14632=CARTESIAN_POINT('Ctrl Pts',(281.649679450588,-48.2286296709776,0.858468878030271));
#14633=CARTESIAN_POINT('Ctrl Pts',(281.560269727963,-48.0359470589953,0.76184278962512));
#14634=CARTESIAN_POINT('Ctrl Pts',(281.474585966142,-47.8818074664383,0.704332825382236));
#14635=CARTESIAN_POINT('Ctrl Pts',(281.270199465183,-47.5859763000115,0.629944729135541));
#14636=CARTESIAN_POINT('Ctrl Pts',(281.151356531603,-47.4444256298841,0.612891672097457));
#14637=CARTESIAN_POINT('Ctrl Pts',(280.911956428722,-47.2036801571181,0.612891672097455));
#14638=CARTESIAN_POINT('Ctrl Pts',(280.771073972823,-47.0840458447525,0.629944729135546));
#14639=CARTESIAN_POINT('Ctrl Pts',(280.476392826282,-46.8780047258535,0.70433282538224));
#14640=CARTESIAN_POINT('Ctrl Pts',(280.322735822815,-46.7914585166992,0.761842789625118));
#14641=CARTESIAN_POINT('Ctrl Pts',(280.127591419401,-46.6995739206155,0.859960095640725));
#14642=CARTESIAN_POINT('Ctrl Pts',(280.068714213345,-46.6740123125025,0.892582851512168));
#14643=CARTESIAN_POINT('Ctrl Pts',(280.009999998992,-46.6507520711669,0.929279945581987));
#14644=CARTESIAN_POINT('',(282.009999999999,-48.34,2.));
#14645=CARTESIAN_POINT('Origin',(280.009999999999,-48.34,2.));
#14646=CARTESIAN_POINT('',(280.009999999999,-46.34,2.));
#14647=CARTESIAN_POINT('Origin',(280.009999999999,-48.34,2.));
#14648=CARTESIAN_POINT('Origin',(280.009999999999,-48.34,2.));
#14649=CARTESIAN_POINT('Origin',(280.009999999999,-48.34,0.));
#14650=CARTESIAN_POINT('',(282.009999999999,-48.34,0.));
#14651=CARTESIAN_POINT('',(280.009999999999,-46.34,0.));
#14652=CARTESIAN_POINT('Origin',(282.009999999999,-46.34,0.));
#14653=CARTESIAN_POINT('',(282.009999999999,-68.615,2.));
#14654=CARTESIAN_POINT('Origin',(280.009999999999,-68.615,2.));
#14655=CARTESIAN_POINT('Ctrl Pts',(281.69551389823,-48.3400000010749,0.92341145330746));
#14656=CARTESIAN_POINT('Ctrl Pts',(281.746509001987,-48.4695599644257,1.00324971314053));
#14657=CARTESIAN_POINT('Ctrl Pts',(281.787968300092,-48.6010113734077,1.08093659272033));
#14658=CARTESIAN_POINT('Ctrl Pts',(281.872456189715,-48.9518514174783,1.26092758672666));
#14659=CARTESIAN_POINT('Ctrl Pts',(281.903832226616,-49.1726605054327,1.35703849459907));
#14660=CARTESIAN_POINT('Ctrl Pts',(281.903832226616,-49.7034264982274,1.35703849459907));
#14661=CARTESIAN_POINT('Ctrl Pts',(281.872456189715,-49.9242355861818,1.26092758672666));
#14662=CARTESIAN_POINT('Ctrl Pts',(281.768537218822,-50.3557641341233,1.03954107854784));
#14663=CARTESIAN_POINT('Ctrl Pts',(281.693963534473,-50.5630404405975,0.908562066060075));
#14664=CARTESIAN_POINT('Ctrl Pts',(281.393067401691,-51.1720549939628,0.518445279104449));
#14665=CARTESIAN_POINT('Ctrl Pts',(281.092108701981,-51.5519379953292,0.262329305522455));
#14666=CARTESIAN_POINT('Ctrl Pts',(280.505953719434,-51.9826303170396,0.0535796847744906));
#14667=CARTESIAN_POINT('Ctrl Pts',(280.296253227979,-52.1050248992739,0.00821303667299825));
#14668=CARTESIAN_POINT('Ctrl Pts',(280.053201090581,-52.2079286162948,0.000351403907687368));
#14669=CARTESIAN_POINT('Ctrl Pts',(280.031639977548,-52.21676203188,5.55111512312578E-16));
#14670=CARTESIAN_POINT('Ctrl Pts',(280.009999999999,-52.2253349320944,5.55111512312578E-16));
#14671=CARTESIAN_POINT('Ctrl Pts',(280.009999999999,-102.650752071566,5.55111512312578E-16));
#14672=CARTESIAN_POINT('Ctrl Pts',(280.031639977548,-102.65932497178,5.55111512312578E-16));
#14673=CARTESIAN_POINT('Ctrl Pts',(280.053201090581,-102.668158387365,0.000351403907688145));
#14674=CARTESIAN_POINT('Ctrl Pts',(280.296253227979,-102.771062104386,0.00821303667298921));
#14675=CARTESIAN_POINT('Ctrl Pts',(280.505953719434,-102.89345668662,0.0535796847744905));
#14676=CARTESIAN_POINT('Ctrl Pts',(281.092108701981,-103.324149008331,0.262329305522455));
#14677=CARTESIAN_POINT('Ctrl Pts',(281.393067401691,-103.704032009697,0.518445279104454));
#14678=CARTESIAN_POINT('Ctrl Pts',(281.693963534473,-104.313046563063,0.908562066060072));
#14679=CARTESIAN_POINT('Ctrl Pts',(281.768537218822,-104.520322869537,1.03954107854785));
#14680=CARTESIAN_POINT('Ctrl Pts',(281.872456189715,-104.951851417478,1.26092758672666));
#14681=CARTESIAN_POINT('Ctrl Pts',(281.903832226616,-105.172660505433,1.35703849459907));
#14682=CARTESIAN_POINT('Ctrl Pts',(281.903832226616,-105.703426498227,1.35703849459907));
#14683=CARTESIAN_POINT('Ctrl Pts',(281.872456189715,-105.924235586182,1.26092758672666));
#14684=CARTESIAN_POINT('Ctrl Pts',(281.787640755816,-106.276435773684,1.08023880017222));
#14685=CARTESIAN_POINT('Ctrl Pts',(281.745674272243,-106.409178593751,1.00169172630401));
#14686=CARTESIAN_POINT('Ctrl Pts',(281.693970562557,-106.539999998959,0.920999006285008));
#14687=CARTESIAN_POINT('Origin',(196.81,-48.34,2.));
#14688=CARTESIAN_POINT('',(196.810000000799,-46.6474277697722,0.934542705941813));
#14689=CARTESIAN_POINT('',(195.116057627361,-48.3400000007771,0.936722407751113));
#14690=CARTESIAN_POINT('Ctrl Pts',(196.81000000108,-46.6474277699755,0.934542705618937));
#14691=CARTESIAN_POINT('Ctrl Pts',(196.751266273605,-46.6704906308237,0.897905331145101));
#14692=CARTESIAN_POINT('Ctrl Pts',(196.692356221874,-46.6958533963976,0.865342301427578));
#14693=CARTESIAN_POINT('Ctrl Pts',(196.497270254885,-46.7869785988434,0.767518298613578));
#14694=CARTESIAN_POINT('Ctrl Pts',(196.343663189688,-46.8728459999863,0.710215164382791));
#14695=CARTESIAN_POINT('Ctrl Pts',(196.048915972602,-47.0774292316876,0.636100457937177));
#14696=CARTESIAN_POINT('Ctrl Pts',(195.907916113897,-47.1962839307621,0.619114513950235));
#14697=CARTESIAN_POINT('Ctrl Pts',(195.668143077438,-47.4355639585918,0.619114513950237));
#14698=CARTESIAN_POINT('Ctrl Pts',(195.548998415622,-47.5763188846428,0.636100457937156));
#14699=CARTESIAN_POINT('Ctrl Pts',(195.343808950587,-47.8706443917127,0.710215164382784));
#14700=CARTESIAN_POINT('Ctrl Pts',(195.257625567907,-48.0240743940172,0.767518298613611));
#14701=CARTESIAN_POINT('Ctrl Pts',(195.165585248068,-48.220066423339,0.865891423980286));
#14702=CARTESIAN_POINT('Ctrl Pts',(195.139610622784,-48.2801604287527,0.899199358937183));
#14703=CARTESIAN_POINT('Ctrl Pts',(195.116057627559,-48.3400000010522,0.936722407436378));
#14704=CARTESIAN_POINT('',(196.81,-46.34,2.));
#14705=CARTESIAN_POINT('Origin',(196.81,-48.34,2.));
#14706=CARTESIAN_POINT('',(194.81,-48.34,2.));
#14707=CARTESIAN_POINT('Origin',(196.81,-48.34,2.));
#14708=CARTESIAN_POINT('Origin',(196.81,-48.34,2.));
#14709=CARTESIAN_POINT('Origin',(196.81,-48.34,0.));
#14710=CARTESIAN_POINT('',(196.81,-46.34,0.));
#14711=CARTESIAN_POINT('',(194.81,-48.34,0.));
#14712=CARTESIAN_POINT('Origin',(194.81,-46.34,0.));
#14713=CARTESIAN_POINT('',(216.61,-46.34,2.));
#14714=CARTESIAN_POINT('Origin',(216.61,-48.34,2.));
#14715=CARTESIAN_POINT('Ctrl Pts',(196.81000000108,-46.6474277699755,0.934542705618959));
#14716=CARTESIAN_POINT('Ctrl Pts',(196.938988290292,-46.5967781842423,1.01500400869162));
#14717=CARTESIAN_POINT('Ctrl Pts',(197.069742170211,-46.5556140504644,1.09339848671944));
#14718=CARTESIAN_POINT('Ctrl Pts',(197.41940306615,-46.4714331968124,1.27622310509985));
#14719=CARTESIAN_POINT('Ctrl Pts',(197.639034089386,-46.4399970381041,1.37550921160782));
#14720=CARTESIAN_POINT('Ctrl Pts',(198.172537436394,-46.4399970381041,1.37550921160782));
#14721=CARTESIAN_POINT('Ctrl Pts',(198.39216845963,-46.4714331968124,1.27622310509985));
#14722=CARTESIAN_POINT('Ctrl Pts',(198.822967767549,-46.5751481215138,1.05097424260574));
#14723=CARTESIAN_POINT('Ctrl Pts',(199.030121187234,-46.6495860337482,0.918398633458051));
#14724=CARTESIAN_POINT('Ctrl Pts',(199.63961810222,-46.9505792464273,0.523872097790257));
#14725=CARTESIAN_POINT('Ctrl Pts',(200.020638870281,-47.2520943769802,0.265279433631268));
#14726=CARTESIAN_POINT('Ctrl Pts',(200.452189116568,-47.8407467210623,0.0543845933414545));
#14727=CARTESIAN_POINT('Ctrl Pts',(200.574459825265,-48.0507815793924,0.00859970754155581));
#14728=CARTESIAN_POINT('Ctrl Pts',(200.677509574904,-48.2950578038643,0.000380352042761101));
#14729=CARTESIAN_POINT('Ctrl Pts',(200.686652648895,-48.3174867977832,5.58235846744964E-16));
#14730=CARTESIAN_POINT('Ctrl Pts',(200.695513897807,-48.34,5.55111512312578E-16));
#14731=CARTESIAN_POINT('Ctrl Pts',(276.116057627973,-48.34,5.55111512312578E-16));
#14732=CARTESIAN_POINT('Ctrl Pts',(276.124918876885,-48.3174867977832,5.58235846744965E-16));
#14733=CARTESIAN_POINT('Ctrl Pts',(276.134061950876,-48.2950578038643,0.00038035204276095));
#14734=CARTESIAN_POINT('Ctrl Pts',(276.237111700515,-48.0507815793924,0.00859970754155695));
#14735=CARTESIAN_POINT('Ctrl Pts',(276.359382409212,-47.8407467210623,0.0543845933414544));
#14736=CARTESIAN_POINT('Ctrl Pts',(276.790932655499,-47.2520943769802,0.265279433631268));
#14737=CARTESIAN_POINT('Ctrl Pts',(277.17195342356,-46.9505792464273,0.523872097790257));
#14738=CARTESIAN_POINT('Ctrl Pts',(277.781450338547,-46.6495860337482,0.918398633458051));
#14739=CARTESIAN_POINT('Ctrl Pts',(277.988603758231,-46.5751481215138,1.05097424260574));
#14740=CARTESIAN_POINT('Ctrl Pts',(278.41940306615,-46.4714331968124,1.27622310509985));
#14741=CARTESIAN_POINT('Ctrl Pts',(278.639034089386,-46.4399970381041,1.37550921160782));
#14742=CARTESIAN_POINT('Ctrl Pts',(279.172537436394,-46.4399970381041,1.37550921160782));
#14743=CARTESIAN_POINT('Ctrl Pts',(279.39216845963,-46.4714331968124,1.27622310509985));
#14744=CARTESIAN_POINT('Ctrl Pts',(279.744754804057,-46.5563183521289,1.0918688790063));
#14745=CARTESIAN_POINT('Ctrl Pts',(279.878290045999,-46.5985738154123,1.01160025900084));
#14746=CARTESIAN_POINT('Ctrl Pts',(280.009999998992,-46.6507520711669,0.929279945581987));
#14747=CARTESIAN_POINT('Origin',(197.90578576289,-49.43804350183,0.));
#14748=CARTESIAN_POINT('',(194.912360000007,-49.2716560000004,1.36836527135947));
#14749=CARTESIAN_POINT('Ctrl Pts',(194.912360000007,-49.2716560000004,1.36836527135947));
#14750=CARTESIAN_POINT('Ctrl Pts',(194.916274867476,-49.2012248377357,1.35660371239648));
#14751=CARTESIAN_POINT('Ctrl Pts',(194.922476329866,-49.1339121360587,1.33832073876069));
#14752=CARTESIAN_POINT('Ctrl Pts',(194.944904373655,-48.9533583922249,1.27669777755838));
#14753=CARTESIAN_POINT('Ctrl Pts',(194.96510180311,-48.8439871692864,1.22524511205379));
#14754=CARTESIAN_POINT('Ctrl Pts',(195.023515944446,-48.6013164146448,1.09746269750298));
#14755=CARTESIAN_POINT('Ctrl Pts',(195.064972617189,-48.4697883843175,1.01810761132514));
#14756=CARTESIAN_POINT('Ctrl Pts',(195.116057627559,-48.3400000010522,0.936722407436391));
#14757=CARTESIAN_POINT('',(194.912360000007,-49.2716560000004,2.4));
#14758=CARTESIAN_POINT('',(194.912360000007,-49.2716560000004,0.));
#14759=CARTESIAN_POINT('',(194.91,-49.5544490924403,2.4));
#14760=CARTESIAN_POINT('Origin',(197.90578576289,-49.43804350183,2.4));
#14761=CARTESIAN_POINT('',(194.91,-49.5544490924403,1.37550020016009));
#14762=CARTESIAN_POINT('',(194.91,-49.5544490924403,0.));
#14763=CARTESIAN_POINT('Ctrl Pts',(196.81,-52.2286592332605,5.55111512312578E-16));
#14764=CARTESIAN_POINT('Ctrl Pts',(196.787167584852,-52.2196936723021,5.55111512312578E-16));
#14765=CARTESIAN_POINT('Ctrl Pts',(196.764421352687,-52.2104382904188,0.000391220618429345));
#14766=CARTESIAN_POINT('Ctrl Pts',(196.519697591625,-52.1073361298493,0.00874213697112529));
#14767=CARTESIAN_POINT('Ctrl Pts',(196.309540382917,-51.9851109127907,0.054680299222908));
#14768=CARTESIAN_POINT('Ctrl Pts',(195.719952116277,-51.5532323654882,0.266370959363289));
#14769=CARTESIAN_POINT('Ctrl Pts',(195.418231059629,-51.1717771495411,0.5258877438571));
#14770=CARTESIAN_POINT('Ctrl Pts',(195.117209203229,-50.5620955063241,0.922054621452047));
#14771=CARTESIAN_POINT('Ctrl Pts',(195.042825005054,-50.3549865127977,1.05522363807661));
#14772=CARTESIAN_POINT('Ctrl Pts',(194.96510180311,-50.0320998343737,1.22524511205379));
#14773=CARTESIAN_POINT('Ctrl Pts',(194.944904373655,-49.9227286114352,1.27669777755839));
#14774=CARTESIAN_POINT('Ctrl Pts',(194.920573737303,-49.7268583195562,1.34354827393054));
#14775=CARTESIAN_POINT('Ctrl Pts',(194.913451259374,-49.643269858203,1.36499996811433));
#14776=CARTESIAN_POINT('Ctrl Pts',(194.91,-49.5544490924403,1.37550020016009));
#14777=CARTESIAN_POINT('Origin',(196.81,-99.715,2.));
#14778=CARTESIAN_POINT('',(194.81,-106.54,2.));
#14779=CARTESIAN_POINT('',(194.81,-99.715,2.));
#14780=CARTESIAN_POINT('',(195.11760096304,-106.539999999249,0.934267622853733));
#14781=CARTESIAN_POINT('Origin',(196.81,-106.54,2.));
#14782=CARTESIAN_POINT('',(194.91,-105.55444909244,1.37550020016009));
#14783=CARTESIAN_POINT('Ctrl Pts',(195.117600963232,-106.539999998982,0.934267622549469));
#14784=CARTESIAN_POINT('Ctrl Pts',(195.065805820983,-106.408947249905,1.01651908708812));
#14785=CARTESIAN_POINT('Ctrl Pts',(195.023842686892,-106.276127980122,1.09674794012146));
#14786=CARTESIAN_POINT('Ctrl Pts',(194.96510180311,-106.032099834374,1.22524511205379));
#14787=CARTESIAN_POINT('Ctrl Pts',(194.944904373655,-105.922728611435,1.27669777755838));
#14788=CARTESIAN_POINT('Ctrl Pts',(194.920573737303,-105.726858319556,1.34354827393054));
#14789=CARTESIAN_POINT('Ctrl Pts',(194.913451259374,-105.643269858203,1.36499996811433));
#14790=CARTESIAN_POINT('Ctrl Pts',(194.91,-105.55444909244,1.37550020016009));
#14791=CARTESIAN_POINT('',(194.91,-105.44,1.37550020016009));
#14792=CARTESIAN_POINT('',(194.91,-99.715,1.37550020016009));
#14793=CARTESIAN_POINT('',(194.912360000007,-105.271656,1.36836527135947));
#14794=CARTESIAN_POINT('Origin',(196.81,30.0911865871045,2.));
#14795=CARTESIAN_POINT('Ctrl Pts',(194.912360000007,-105.271656,1.36836527135947));
#14796=CARTESIAN_POINT('Ctrl Pts',(194.916274867476,-105.201224837736,1.35660371239649));
#14797=CARTESIAN_POINT('Ctrl Pts',(194.922476329866,-105.133912136059,1.33832073876068));
#14798=CARTESIAN_POINT('Ctrl Pts',(194.944904373655,-104.953358392225,1.27669777755838));
#14799=CARTESIAN_POINT('Ctrl Pts',(194.96510180311,-104.843987169286,1.22524511205378));
#14800=CARTESIAN_POINT('Ctrl Pts',(195.042825005054,-104.521100490862,1.05522363807662));
#14801=CARTESIAN_POINT('Ctrl Pts',(195.117209203229,-104.313991497336,0.922054621452045));
#14802=CARTESIAN_POINT('Ctrl Pts',(195.418231059629,-103.704309854119,0.525887743857103));
#14803=CARTESIAN_POINT('Ctrl Pts',(195.719952116277,-103.322854638172,0.266370959363289));
#14804=CARTESIAN_POINT('Ctrl Pts',(196.309540382917,-102.890976090869,0.0546802992229079));
#14805=CARTESIAN_POINT('Ctrl Pts',(196.519697591625,-102.768750873811,0.00874213697112519));
#14806=CARTESIAN_POINT('Ctrl Pts',(196.764421352687,-102.665648713241,0.000391220618429762));
#14807=CARTESIAN_POINT('Ctrl Pts',(196.787167584852,-102.656393331358,5.55111512312578E-16));
#14808=CARTESIAN_POINT('Ctrl Pts',(196.81,-102.6474277704,5.55111512312578E-16));
#14809=CARTESIAN_POINT('',(194.91,-49.44,1.37550020016009));
#14810=CARTESIAN_POINT('',(194.91,-99.715,1.37550020016009));
#14811=CARTESIAN_POINT('Origin',(196.81,86.0911865871045,2.));
#14812=CARTESIAN_POINT('Origin',(196.81,-106.54,2.));
#14813=CARTESIAN_POINT('',(196.810000000808,-108.228659233895,0.928351740643997));
#14814=CARTESIAN_POINT('Ctrl Pts',(195.117600963232,-106.539999998982,0.934267622549485));
#14815=CARTESIAN_POINT('Ctrl Pts',(195.141246367718,-106.599827911917,0.896718364701957));
#14816=CARTESIAN_POINT('Ctrl Pts',(195.167313870508,-106.659903435946,0.863383892354943));
#14817=CARTESIAN_POINT('Ctrl Pts',(195.259707238388,-106.855920620983,0.764874790734705));
#14818=CARTESIAN_POINT('Ctrl Pts',(195.346205959658,-107.009374703306,0.707475229796615));
#14819=CARTESIAN_POINT('Ctrl Pts',(195.552072979872,-107.303671182351,0.633233076376202));
#14820=CARTESIAN_POINT('Ctrl Pts',(195.671580107348,-107.444372352102,0.616215853249242));
#14821=CARTESIAN_POINT('Ctrl Pts',(195.912034678901,-107.683480426302,0.616215853249244));
#14822=CARTESIAN_POINT('Ctrl Pts',(196.05340471987,-107.802195565199,0.633233076376178));
#14823=CARTESIAN_POINT('Ctrl Pts',(196.348852600484,-108.006406724127,0.707475229796587));
#14824=CARTESIAN_POINT('Ctrl Pts',(196.502789994974,-108.092042363559,0.764874790734723));
#14825=CARTESIAN_POINT('Ctrl Pts',(196.696337624285,-108.181946848692,0.861887557700421));
#14826=CARTESIAN_POINT('Ctrl Pts',(196.753193186918,-108.206353010215,0.893202511120562));
#14827=CARTESIAN_POINT('Ctrl Pts',(196.81000000109,-108.228659233689,0.928351740318685));
#14828=CARTESIAN_POINT('',(196.81,-108.54,2.));
#14829=CARTESIAN_POINT('Origin',(196.81,-106.54,2.));
#14830=CARTESIAN_POINT('Origin',(196.81,-106.54,2.));
#14831=CARTESIAN_POINT('Origin',(196.81,-106.54,0.));
#14832=CARTESIAN_POINT('',(194.81,-106.54,0.));
#14833=CARTESIAN_POINT('',(196.81,-108.54,0.));
#14834=CARTESIAN_POINT('Origin',(194.81,-108.54,0.));
#14835=CARTESIAN_POINT('Origin',(197.90578576289,-105.43804350183,0.));
#14836=CARTESIAN_POINT('Ctrl Pts',(200.693970562146,-106.54,5.55111512312578E-16));
#14837=CARTESIAN_POINT('Ctrl Pts',(200.685291608817,-106.561959601659,5.56635265773407E-16));
#14838=CARTESIAN_POINT('Ctrl Pts',(200.676344435975,-106.583838393037,0.000361866593070443));
#14839=CARTESIAN_POINT('Ctrl Pts',(200.573386815346,-106.827338550917,0.00835406722916952));
#14840=CARTESIAN_POINT('Ctrl Pts',(200.451037477347,-107.037161374116,0.053873622351674));
#14841=CARTESIAN_POINT('Ctrl Pts',(200.020037715376,-107.62422012347,0.263403201994258));
#14842=CARTESIAN_POINT('Ctrl Pts',(199.639746561595,-107.925381369156,0.520417280597931));
#14843=CARTESIAN_POINT('Ctrl Pts',(199.030559161275,-108.22631611737,0.912135309923573));
#14844=CARTESIAN_POINT('Ctrl Pts',(198.823327989275,-108.300841955809,1.04369429825437));
#14845=CARTESIAN_POINT('Ctrl Pts',(198.392058582033,-108.404690452188,1.26647885160761));
#14846=CARTESIAN_POINT('Ctrl Pts',(198.171663004658,-108.436089965556,1.36372738349203));
#14847=CARTESIAN_POINT('Ctrl Pts',(197.639908521122,-108.436089965556,1.36372738349203));
#14848=CARTESIAN_POINT('Ctrl Pts',(197.419512943747,-108.404690452188,1.26647885160762));
#14849=CARTESIAN_POINT('Ctrl Pts',(197.069601806552,-108.320432805219,1.08572224076464));
#14850=CARTESIAN_POINT('Ctrl Pts',(196.938883294667,-108.279267590985,1.0080983074207));
#14851=CARTESIAN_POINT('Ctrl Pts',(196.81000000109,-108.228659233689,0.928351740318688));
#14852=CARTESIAN_POINT('',(194.912360000007,-105.271656,2.4));
#14853=CARTESIAN_POINT('',(194.912360000007,-105.271656,0.));
#14854=CARTESIAN_POINT('',(194.91,-105.55444909244,2.4));
#14855=CARTESIAN_POINT('Origin',(197.90578576289,-105.43804350183,2.4));
#14856=CARTESIAN_POINT('',(194.91,-105.55444909244,0.));
#14857=CARTESIAN_POINT('Origin',(260.209999999999,-106.54,2.));
#14858=CARTESIAN_POINT('',(260.209999999999,-108.54,2.));
#14859=CARTESIAN_POINT('Origin',(280.409999999999,-106.94,0.));
#14860=CARTESIAN_POINT('',(283.409999999999,-106.94,0.));
#14861=CARTESIAN_POINT('Origin',(283.409999999999,-44.94,0.));
#14862=CARTESIAN_POINT('Origin',(196.41,-47.94,0.));
#14863=CARTESIAN_POINT('',(193.41,-47.94,0.));
#14864=CARTESIAN_POINT('Origin',(193.41,-109.94,0.));
#14865=CARTESIAN_POINT('',(193.41,-106.94,0.));
#14866=CARTESIAN_POINT('Origin',(196.41,-106.94,0.));
#14867=CARTESIAN_POINT('Origin',(258.01,-135.34,-5.55111512312578E-16));
#14868=CARTESIAN_POINT('',(258.01,-134.94,-5.55111512312578E-16));
#14869=CARTESIAN_POINT('',(257.61,-135.34,-5.55111512312578E-16));
#14870=CARTESIAN_POINT('Origin',(203.41,-135.34,0.));
#14871=CARTESIAN_POINT('',(256.135,-135.34,-5.55111512312578E-16));
#14872=CARTESIAN_POINT('Origin',(255.735,-135.34,-5.55111512312578E-16));
#14873=CARTESIAN_POINT('',(255.335,-135.34,-5.55111512312578E-16));
#14874=CARTESIAN_POINT('Origin',(203.41,-135.34,0.));
#14875=CARTESIAN_POINT('',(253.86,-135.34,-5.55111512312578E-16));
#14876=CARTESIAN_POINT('Origin',(253.46,-135.34,-5.55111512312578E-16));
#14877=CARTESIAN_POINT('',(253.06,-135.34,-5.55111512312578E-16));
#14878=CARTESIAN_POINT('Origin',(203.41,-135.34,0.));
#14879=CARTESIAN_POINT('',(251.585,-135.34,-5.55111512312578E-16));
#14880=CARTESIAN_POINT('Origin',(251.185,-135.34,-5.55111512312578E-16));
#14881=CARTESIAN_POINT('',(250.785,-135.34,-5.55111512312578E-16));
#14882=CARTESIAN_POINT('Origin',(203.41,-135.34,0.));
#14883=CARTESIAN_POINT('',(249.31,-135.34,-5.55111512312578E-16));
#14884=CARTESIAN_POINT('Origin',(248.91,-135.34,-5.55111512312578E-16));
#14885=CARTESIAN_POINT('',(248.51,-135.34,-5.55111512312578E-16));
#14886=CARTESIAN_POINT('Origin',(203.41,-135.34,0.));
#14887=CARTESIAN_POINT('',(247.035,-135.34,-5.55111512312578E-16));
#14888=CARTESIAN_POINT('Origin',(246.635,-135.34,-5.55111512312578E-16));
#14889=CARTESIAN_POINT('',(246.235,-135.34,-5.55111512312578E-16));
#14890=CARTESIAN_POINT('Origin',(203.41,-135.34,0.));
#14891=CARTESIAN_POINT('',(244.76,-135.34,-5.55111512312578E-16));
#14892=CARTESIAN_POINT('Origin',(244.36,-135.34,-5.55111512312578E-16));
#14893=CARTESIAN_POINT('',(243.96,-135.34,-5.55111512312578E-16));
#14894=CARTESIAN_POINT('Origin',(203.41,-135.34,0.));
#14895=CARTESIAN_POINT('',(242.485,-135.34,-5.55111512312578E-16));
#14896=CARTESIAN_POINT('Origin',(242.085,-135.34,-5.55111512312578E-16));
#14897=CARTESIAN_POINT('',(241.685,-135.34,-5.55111512312578E-16));
#14898=CARTESIAN_POINT('Origin',(203.41,-135.34,0.));
#14899=CARTESIAN_POINT('',(240.21,-135.34,-5.55111512312578E-16));
#14900=CARTESIAN_POINT('Origin',(239.81,-135.34,-5.55111512312578E-16));
#14901=CARTESIAN_POINT('',(239.41,-135.34,-5.55111512312578E-16));
#14902=CARTESIAN_POINT('Origin',(203.41,-135.34,0.));
#14903=CARTESIAN_POINT('',(237.935,-135.34,-5.55111512312578E-16));
#14904=CARTESIAN_POINT('Origin',(237.535,-135.34,-5.55111512312578E-16));
#14905=CARTESIAN_POINT('',(237.135,-135.34,-5.55111512312578E-16));
#14906=CARTESIAN_POINT('Origin',(203.41,-135.34,0.));
#14907=CARTESIAN_POINT('',(235.66,-135.34,-5.55111512312578E-16));
#14908=CARTESIAN_POINT('Origin',(235.26,-135.34,-5.55111512312578E-16));
#14909=CARTESIAN_POINT('',(234.86,-135.34,-5.55111512312578E-16));
#14910=CARTESIAN_POINT('Origin',(203.41,-135.34,0.));
#14911=CARTESIAN_POINT('',(233.385,-135.34,-5.55111512312578E-16));
#14912=CARTESIAN_POINT('Origin',(232.985,-135.34,-5.55111512312578E-16));
#14913=CARTESIAN_POINT('',(232.585,-135.34,-5.55111512312578E-16));
#14914=CARTESIAN_POINT('Origin',(203.41,-135.34,0.));
#14915=CARTESIAN_POINT('',(231.11,-135.34,-5.55111512312578E-16));
#14916=CARTESIAN_POINT('Origin',(230.71,-135.34,-5.55111512312578E-16));
#14917=CARTESIAN_POINT('',(230.31,-135.34,-5.55111512312578E-16));
#14918=CARTESIAN_POINT('Origin',(203.41,-135.34,0.));
#14919=CARTESIAN_POINT('',(228.835,-135.34,-5.55111512312578E-16));
#14920=CARTESIAN_POINT('Origin',(228.435,-135.34,-5.55111512312578E-16));
#14921=CARTESIAN_POINT('',(228.035,-135.34,-5.55111512312578E-16));
#14922=CARTESIAN_POINT('Origin',(203.41,-135.34,0.));
#14923=CARTESIAN_POINT('',(226.56,-135.34,-5.55111512312578E-16));
#14924=CARTESIAN_POINT('Origin',(226.16,-135.34,-5.55111512312578E-16));
#14925=CARTESIAN_POINT('',(225.76,-135.34,-5.55111512312578E-16));
#14926=CARTESIAN_POINT('Origin',(203.41,-135.34,0.));
#14927=CARTESIAN_POINT('',(224.285,-135.34,-5.55111512312578E-16));
#14928=CARTESIAN_POINT('Origin',(223.885,-135.34,-5.55111512312578E-16));
#14929=CARTESIAN_POINT('',(223.485,-135.34,-5.55111512312578E-16));
#14930=CARTESIAN_POINT('Origin',(203.41,-135.34,0.));
#14931=CARTESIAN_POINT('',(222.01,-135.34,-5.55111512312578E-16));
#14932=CARTESIAN_POINT('Origin',(221.61,-135.34,-5.55111512312578E-16));
#14933=CARTESIAN_POINT('',(221.21,-135.34,-5.55111512312578E-16));
#14934=CARTESIAN_POINT('Origin',(203.41,-135.34,0.));
#14935=CARTESIAN_POINT('',(219.735,-135.34,-5.55111512312578E-16));
#14936=CARTESIAN_POINT('Origin',(219.335,-135.34,-5.55111512312578E-16));
#14937=CARTESIAN_POINT('',(218.935,-135.34,-5.55111512312578E-16));
#14938=CARTESIAN_POINT('Origin',(203.41,-135.34,0.));
#14939=CARTESIAN_POINT('',(217.46,-135.34,-5.55111512312578E-16));
#14940=CARTESIAN_POINT('Origin',(217.06,-135.34,-5.55111512312578E-16));
#14941=CARTESIAN_POINT('',(216.66,-135.34,-5.55111512312578E-16));
#14942=CARTESIAN_POINT('Origin',(203.41,-135.34,0.));
#14943=CARTESIAN_POINT('',(215.185,-135.34,-5.55111512312578E-16));
#14944=CARTESIAN_POINT('Origin',(214.785,-135.34,-5.55111512312578E-16));
#14945=CARTESIAN_POINT('',(214.385,-135.34,-5.55111512312578E-16));
#14946=CARTESIAN_POINT('Origin',(203.41,-135.34,0.));
#14947=CARTESIAN_POINT('',(212.91,-135.34,-5.55111512312578E-16));
#14948=CARTESIAN_POINT('Origin',(212.51,-135.34,-5.55111512312578E-16));
#14949=CARTESIAN_POINT('',(212.11,-135.34,-5.55111512312578E-16));
#14950=CARTESIAN_POINT('Origin',(203.41,-135.34,0.));
#14951=CARTESIAN_POINT('',(210.635,-135.34,-5.55111512312578E-16));
#14952=CARTESIAN_POINT('Origin',(210.235,-135.34,-5.55111512312578E-16));
#14953=CARTESIAN_POINT('',(209.835,-135.34,-5.55111512312578E-16));
#14954=CARTESIAN_POINT('Origin',(203.41,-135.34,0.));
#14955=CARTESIAN_POINT('',(208.36,-135.34,-5.55111512312578E-16));
#14956=CARTESIAN_POINT('Origin',(207.96,-135.34,-5.55111512312578E-16));
#14957=CARTESIAN_POINT('',(207.56,-135.34,-5.55111512312578E-16));
#14958=CARTESIAN_POINT('Origin',(203.41,-135.34,0.));
#14959=CARTESIAN_POINT('',(206.085,-135.34,-5.55111512312578E-16));
#14960=CARTESIAN_POINT('Origin',(205.685,-135.34,-5.55111512312578E-16));
#14961=CARTESIAN_POINT('',(205.285,-135.34,-5.55111512312578E-16));
#14962=CARTESIAN_POINT('Origin',(203.41,-135.34,0.));
#14963=CARTESIAN_POINT('',(203.81,-135.34,-5.55111512312578E-16));
#14964=CARTESIAN_POINT('Origin',(203.41,-135.34,-5.55111512312578E-16));
#14965=CARTESIAN_POINT('',(203.41,-134.94,-5.55111512312578E-16));
#14966=CARTESIAN_POINT('Origin',(258.01,-109.94,0.));
#14967=CARTESIAN_POINT('',(203.41,-109.94,0.));
#14968=CARTESIAN_POINT('',(258.01,-109.94,0.));
#14969=CARTESIAN_POINT('Origin',(275.91,-105.44,0.));
#14970=CARTESIAN_POINT('',(275.91,-105.55444909244,2.4));
#14971=CARTESIAN_POINT('',(275.91,-105.55444909244,0.));
#14972=CARTESIAN_POINT('',(275.91,-105.44,2.4));
#14973=CARTESIAN_POINT('',(275.91,-164.44,2.4));
#14974=CARTESIAN_POINT('',(275.91,-105.44,0.));
#14975=CARTESIAN_POINT('Origin',(275.912359999997,-105.271656,0.));
#14976=CARTESIAN_POINT('',(275.912360000007,-105.271656,2.4));
#14977=CARTESIAN_POINT('',(275.912359999997,-105.271656,2.4));
#14978=CARTESIAN_POINT('',(275.912360000007,-105.271656,0.));
#14979=CARTESIAN_POINT('Origin',(278.90578576289,-105.43804350183,0.));
#14980=CARTESIAN_POINT('Origin',(278.90578576289,-105.43804350183,2.4));
#14981=CARTESIAN_POINT('Origin',(278.906916113308,-105.43804350183,2.4));
#14982=CARTESIAN_POINT('',(277.01,-105.44,2.4));
#14983=CARTESIAN_POINT('Origin',(278.91,-105.44,2.4));
#14984=CARTESIAN_POINT('Origin',(194.91,-105.44,0.));
#14985=CARTESIAN_POINT('',(194.91,-105.44,2.4));
#14986=CARTESIAN_POINT('',(194.91,-164.44,2.4));
#14987=CARTESIAN_POINT('',(194.91,-105.44,0.));
#14988=CARTESIAN_POINT('Origin',(194.912359999997,-105.271656,0.));
#14989=CARTESIAN_POINT('',(194.912359999997,-105.271656,2.4));
#14990=CARTESIAN_POINT('Origin',(197.906916113308,-105.43804350183,2.4));
#14991=CARTESIAN_POINT('',(196.01,-105.44,2.4));
#14992=CARTESIAN_POINT('Origin',(197.91,-105.44,2.4));
#14993=CARTESIAN_POINT('Origin',(278.90578576289,-49.43804350183,0.));
#14994=CARTESIAN_POINT('',(275.912360000007,-49.2716560000004,2.4));
#14995=CARTESIAN_POINT('',(275.912360000007,-49.2716560000004,0.));
#14996=CARTESIAN_POINT('',(275.91,-49.5544490924403,2.4));
#14997=CARTESIAN_POINT('Origin',(278.90578576289,-49.43804350183,2.4));
#14998=CARTESIAN_POINT('',(275.91,-49.5544490924403,0.));
#14999=CARTESIAN_POINT('Origin',(275.91,-49.44,0.));
#15000=CARTESIAN_POINT('',(275.91,-49.44,2.4));
#15001=CARTESIAN_POINT('',(275.91,-108.44,2.4));
#15002=CARTESIAN_POINT('',(275.91,-49.44,0.));
#15003=CARTESIAN_POINT('Origin',(275.912359999997,-49.2716560000002,0.));
#15004=CARTESIAN_POINT('',(275.912359999997,-49.2716559999999,2.4));
#15005=CARTESIAN_POINT('Origin',(278.906916113308,-49.43804350183,2.4));
#15006=CARTESIAN_POINT('',(277.01,-49.44,2.4));
#15007=CARTESIAN_POINT('Origin',(278.91,-49.44,2.4));
#15008=CARTESIAN_POINT('Origin',(194.912359999997,-49.2716560000002,0.));
#15009=CARTESIAN_POINT('',(194.91,-49.44,2.4));
#15010=CARTESIAN_POINT('',(194.91,-49.44,0.));
#15011=CARTESIAN_POINT('',(194.912359999997,-49.2716559999999,2.4));
#15012=CARTESIAN_POINT('Origin',(194.91,-49.44,0.));
#15013=CARTESIAN_POINT('',(194.91,-108.44,2.4));
#15014=CARTESIAN_POINT('Origin',(197.906916113308,-49.43804350183,2.4));
#15015=CARTESIAN_POINT('',(196.01,-49.44,2.4));
#15016=CARTESIAN_POINT('Origin',(197.91,-49.44,2.4));
#15017=CARTESIAN_POINT('Origin',(282.009999999999,-108.54,0.));
#15018=CARTESIAN_POINT('Origin',(197.91,-105.44,0.));
#15019=CARTESIAN_POINT('',(196.01,-105.44,4.));
#15020=CARTESIAN_POINT('Origin',(197.91,-105.44,4.));
#15021=CARTESIAN_POINT('',(196.01,-105.44,0.));
#15022=CARTESIAN_POINT('Origin',(278.91,-105.44,0.));
#15023=CARTESIAN_POINT('',(277.01,-105.44,4.));
#15024=CARTESIAN_POINT('Origin',(278.91,-105.44,4.));
#15025=CARTESIAN_POINT('',(277.01,-105.44,0.));
#15026=CARTESIAN_POINT('Origin',(278.91,-105.44,4.));
#15027=CARTESIAN_POINT('Origin',(278.91,-49.44,0.));
#15028=CARTESIAN_POINT('',(277.01,-49.44,4.));
#15029=CARTESIAN_POINT('Origin',(278.91,-49.44,4.));
#15030=CARTESIAN_POINT('',(277.01,-49.44,0.));
#15031=CARTESIAN_POINT('Origin',(278.91,-49.44,4.));
#15032=CARTESIAN_POINT('Origin',(197.91,-105.44,4.));
#15033=CARTESIAN_POINT('Origin',(197.91,-49.44,0.));
#15034=CARTESIAN_POINT('',(196.01,-49.44,4.));
#15035=CARTESIAN_POINT('Origin',(197.91,-49.44,4.));
#15036=CARTESIAN_POINT('',(196.01,-49.44,0.));
#15037=CARTESIAN_POINT('Origin',(197.91,-49.44,4.));
#15038=CARTESIAN_POINT('Origin',(258.01,-135.34,0.));
#15039=CARTESIAN_POINT('Origin',(203.41,-109.94,0.));
#15040=CARTESIAN_POINT('Origin',(259.51,-109.94,0.));
#15041=CARTESIAN_POINT('Origin',(193.41,-44.94,0.));
#15042=CARTESIAN_POINT('',(0.,0.,0.));
#15043=UNCERTAINTY_MEASURE_WITH_UNIT(LENGTH_MEASURE(0.01),#15049,
'DISTANCE_ACCURACY_VALUE',
'Maximum model space distance between geometric entities at asserted c
onnectivities');
#15044=UNCERTAINTY_MEASURE_WITH_UNIT(LENGTH_MEASURE(0.01),#15049,
'DISTANCE_ACCURACY_VALUE',
'Maximum model space distance between geometric entities at asserted c
onnectivities');
#15045=UNCERTAINTY_MEASURE_WITH_UNIT(LENGTH_MEASURE(0.01),#15049,
'DISTANCE_ACCURACY_VALUE',
'Maximum model space distance between geometric entities at asserted c
onnectivities');
#15046=(
GEOMETRIC_REPRESENTATION_CONTEXT(3)
GLOBAL_UNCERTAINTY_ASSIGNED_CONTEXT((#15043))
GLOBAL_UNIT_ASSIGNED_CONTEXT((#15049,#15051,#15052))
REPRESENTATION_CONTEXT('','3D')
);
#15047=(
GEOMETRIC_REPRESENTATION_CONTEXT(3)
GLOBAL_UNCERTAINTY_ASSIGNED_CONTEXT((#15044))
GLOBAL_UNIT_ASSIGNED_CONTEXT((#15049,#15051,#15052))
REPRESENTATION_CONTEXT('','3D')
);
#15048=(
GEOMETRIC_REPRESENTATION_CONTEXT(3)
GLOBAL_UNCERTAINTY_ASSIGNED_CONTEXT((#15045))
GLOBAL_UNIT_ASSIGNED_CONTEXT((#15049,#15051,#15052))
REPRESENTATION_CONTEXT('','3D')
);
#15049=(
LENGTH_UNIT()
NAMED_UNIT(*)
SI_UNIT(.MILLI.,.METRE.)
);
#15050=(
LENGTH_UNIT()
NAMED_UNIT(*)
SI_UNIT($,.METRE.)
);
#15051=(
NAMED_UNIT(*)
PLANE_ANGLE_UNIT()
SI_UNIT($,.RADIAN.)
);
#15052=(
NAMED_UNIT(*)
SI_UNIT($,.STERADIAN.)
SOLID_ANGLE_UNIT()
);
#15053=SHAPE_DEFINITION_REPRESENTATION(#15055,#15058);
#15054=SHAPE_DEFINITION_REPRESENTATION(#15056,#15059);
#15055=PRODUCT_DEFINITION_SHAPE('',$,#15061);
#15056=PRODUCT_DEFINITION_SHAPE('',$,#15062);
#15057=PRODUCT_DEFINITION_SHAPE($,$,#14);
#15058=SHAPE_REPRESENTATION('',(#8434,#9178),#15046);
#15059=SHAPE_REPRESENTATION('',(#8435),#15047);
#15060=PRODUCT_DEFINITION_CONTEXT('part definition',#15068,'design');
#15061=PRODUCT_DEFINITION('box','box v33',#15063,#15060);
#15062=PRODUCT_DEFINITION('Component1','Component1',#15064,#15060);
#15063=PRODUCT_DEFINITION_FORMATION('',$,#15070);
#15064=PRODUCT_DEFINITION_FORMATION('',$,#15071);
#15065=PRODUCT_RELATED_PRODUCT_CATEGORY('box v33','box v33',(#15070));
#15066=PRODUCT_RELATED_PRODUCT_CATEGORY('Component1','Component1',(#15071));
#15067=APPLICATION_PROTOCOL_DEFINITION('international standard',
'automotive_design',2009,#15068);
#15068=APPLICATION_CONTEXT(
'Core Data for Automotive Mechanical Design Process');
#15069=PRODUCT_CONTEXT('part definition',#15068,'mechanical');
#15070=PRODUCT('box','box v33',$,(#15069));
#15071=PRODUCT('Component1','Component1',$,(#15069));
#15072=PRESENTATION_STYLE_ASSIGNMENT((#15073));
#15073=SURFACE_STYLE_USAGE(.BOTH.,#15074);
#15074=SURFACE_SIDE_STYLE('',(#15075));
#15075=SURFACE_STYLE_FILL_AREA(#15076);
#15076=FILL_AREA_STYLE('Steel - Satin',(#15077));
#15077=FILL_AREA_STYLE_COLOUR('Steel - Satin',#15078);
#15078=COLOUR_RGB('Steel - Satin',0.627450980392157,0.627450980392157,0.627450980392157);
ENDSEC;
END-ISO-10303-21;
